Date/Time,speed,max,dir
2025-12-31 23:56:00,14,18,289
2025-12-31 23:51:00,14,19,284
2025-12-31 23:46:00,15,19,283
2025-12-31 23:41:00,15,19,283
2025-12-31 23:36:00,15,19,283
2025-12-31 23:31:00,14,18,284
2025-12-31 23:26:00,14,18,284
2025-12-31 23:21:00,13,18,286
2025-12-31 23:16:00,14,19,291
2025-12-31 23:11:00,14,19,291
2025-12-31 23:06:00,15,19,292
2025-12-31 23:01:00,15,19,293
2025-12-31 22:56:00,15,19,291
2025-12-31 22:51:00,15,19,289
2025-12-31 22:46:00,15,19,288
2025-12-31 22:41:00,15,19,290
2025-12-31 22:36:00,17,22,285
2025-12-31 22:31:00,17,22,285
2025-12-31 22:26:00,17,22,285
2025-12-31 22:21:00,17,22,281
2025-12-31 22:16:00,16,22,286
2025-12-31 22:11:00,16,21,289
2025-12-31 22:06:00,17,21,288
2025-12-31 22:01:00,15,21,288
2025-12-31 21:56:00,16,21,284
2025-12-31 21:51:00,17,21,287
2025-12-31 21:46:00,16,21,293
2025-12-31 21:41:00,17,22,292
2025-12-31 21:36:00,17,22,289
2025-12-31 21:31:00,18,22,287
2025-12-31 21:26:00,16,21,288
2025-12-31 21:21:00,16,21,288
2025-12-31 21:16:00,18,22,286
2025-12-31 21:11:00,18,22,293
2025-12-31 21:06:00,18,22,293
2025-12-31 21:01:00,18,22,291
2025-12-31 20:56:00,18,22,292
2025-12-31 20:51:00,18,22,292
2025-12-31 20:46:00,15,20,299
2025-12-31 20:41:00,15,20,299
2025-12-31 20:36:00,15,20,299
2025-12-31 20:31:00,16,20,293
2025-12-31 20:26:00,16,20,283
2025-12-31 20:21:00,16,20,283
2025-12-31 20:16:00,16,20,282
2025-12-31 20:11:00,15,19,279
2025-12-31 20:06:00,15,19,279
2025-12-31 20:01:00,12,18,279
2025-12-31 19:56:00,11,15,276
2025-12-31 19:51:00,11,15,276
2025-12-31 19:46:00,9,17,270
2025-12-31 19:41:00,11,17,278
2025-12-31 19:36:00,11,17,278
2025-12-31 19:31:00,12,17,282
2025-12-31 19:26:00,12,15,281
2025-12-31 19:21:00,11,15,274
2025-12-31 19:16:00,11,15,269
2025-12-31 19:11:00,12,15,269
2025-12-31 19:06:00,11,15,267
2025-12-31 19:01:00,11,13,266
2025-12-31 18:56:00,11,13,267
2025-12-31 18:51:00,10,13,268
2025-12-31 18:46:00,10,13,268
2025-12-31 18:41:00,10,13,262
2025-12-31 18:36:00,10,13,262
2025-12-31 18:31:00,11,13,265
2025-12-31 18:26:00,10,14,269
2025-12-31 18:21:00,10,14,269
2025-12-31 18:16:00,11,15,273
2025-12-31 18:11:00,11,15,273
2025-12-31 18:06:00,12,15,276
2025-12-31 18:01:00,13,16,278
2025-12-31 17:56:00,13,18,278
2025-12-31 17:51:00,15,20,281
2025-12-31 17:46:00,15,20,281
2025-12-31 17:41:00,16,20,284
2025-12-31 17:36:00,14,18,281
2025-12-31 17:31:00,14,18,281
2025-12-31 17:26:00,13,17,260
2025-12-31 17:21:00,13,15,258
2025-12-31 17:16:00,11,15,267
2025-12-31 17:11:00,9,14,274
2025-12-31 17:06:00,9,13,270
2025-12-31 17:01:00,9,14,263
2025-12-31 16:56:00,10,14,262
2025-12-31 16:51:00,11,14,269
2025-12-31 16:46:00,12,14,279
2025-12-31 16:41:00,11,14,290
2025-12-31 16:36:00,11,15,301
2025-12-31 16:31:00,12,16,303
2025-12-31 16:26:00,13,17,307
2025-12-31 16:21:00,14,19,310
2025-12-31 16:16:00,14,20,313
2025-12-31 16:11:00,14,20,316
2025-12-31 16:06:00,14,20,313
2025-12-31 16:01:00,12,20,285
2025-12-31 15:51:00,9,12,236
2025-12-31 15:46:00,9,12,236
2025-12-31 15:41:00,9,12,236
2025-12-31 15:36:00,9,12,235
2025-12-31 15:16:00,11,13,225
2025-12-31 15:11:00,11,13,225
2025-12-31 15:06:00,11,13,225
2025-12-31 15:01:00,11,13,214
2025-12-31 14:51:00,11,14,217
2025-12-31 14:46:00,11,14,217
2025-12-31 14:11:00,10,12,219
2025-12-31 14:06:00,10,12,219
2025-12-31 14:01:00,10,12,219
2025-12-31 13:56:00,9,11,224
2025-12-31 13:51:00,9,11,224
2025-12-31 13:46:00,8,10,233
2025-12-31 13:26:00,9,11,190
2025-12-31 13:21:00,9,11,190
2025-12-31 13:16:00,9,11,190
2025-12-31 13:11:00,9,11,190
2025-12-31 13:01:00,10,14,170
2025-12-31 12:56:00,10,14,170
2025-12-31 12:51:00,10,14,170
2025-12-31 12:46:00,11,14,169
2025-12-31 12:41:00,11,14,169
2025-12-31 12:36:00,10,14,175
2025-12-31 12:31:00,10,14,175
2025-12-31 12:26:00,9,12,171
2025-12-31 12:21:00,10,14,164
2025-12-31 12:16:00,8,10,180
2025-12-31 12:11:00,8,10,184
2025-12-31 12:06:00,7,10,186
2025-12-31 12:01:00,8,9,182
2025-12-31 11:56:00,7,9,180
2025-12-31 11:51:00,7,9,180
2025-12-31 11:46:00,7,9,186
2025-12-31 11:41:00,7,9,186
2025-12-31 11:36:00,6,8,193
2025-12-31 11:31:00,5,7,203
2025-12-31 11:26:00,5,7,215
2025-12-31 11:21:00,5,9,202
2025-12-31 11:16:00,5,9,202
2025-12-31 11:11:00,6,10,196
2025-12-31 11:06:00,6,10,196
2025-12-31 11:01:00,6,10,196
2025-12-31 10:56:00,8,11,182
2025-12-31 10:51:00,9,11,179
2025-12-31 10:46:00,9,12,174
2025-12-31 10:41:00,10,12,157
2025-12-31 10:36:00,10,12,157
2025-12-31 10:31:00,10,12,164
2025-12-31 10:26:00,6,8,177
2025-12-31 10:21:00,6,8,177
2025-12-31 10:16:00,6,8,177
2025-12-31 10:11:00,5,10,215
2025-12-31 10:06:00,5,10,215
2025-12-31 10:01:00,5,10,215
2025-12-31 09:51:00,9,12,268
2025-12-31 09:46:00,9,12,268
2025-12-31 09:41:00,9,12,268
2025-12-31 09:36:00,9,12,287
2025-12-31 09:31:00,9,14,328
2025-12-31 09:26:00,9,14,318
2025-12-31 09:21:00,9,14,328
2025-12-31 09:16:00,10,14,334
2025-12-31 09:11:00,10,14,334
2025-12-31 09:06:00,10,14,334
2025-12-31 09:01:00,10,14,334
2025-12-31 08:56:00,6,9,322
2025-12-31 08:51:00,5,8,314
2025-12-31 08:46:00,3,5,330
2025-12-31 08:41:00,3,5,326
2025-12-31 08:36:00,3,5,326
2025-12-31 08:31:00,3,5,326
2025-12-31 08:26:00,3,6,317
2025-12-31 08:21:00,3,6,317
2025-12-31 08:16:00,3,6,317
2025-12-31 08:11:00,3,6,317
2025-12-31 08:06:00,4,6,318
2025-12-31 08:01:00,4,6,318
2025-12-31 07:56:00,4,6,321
2025-12-31 07:51:00,3,5,317
2025-12-31 07:46:00,3,5,314
2025-12-31 07:41:00,4,5,315
2025-12-31 07:36:00,4,5,338
2025-12-31 07:31:00,4,5,338
2025-12-31 07:26:00,4,5,348
2025-12-31 07:21:00,3,5,350
2025-12-31 07:16:00,3,6,351
2025-12-31 07:11:00,3,6,351
2025-12-31 07:06:00,3,6,351
2025-12-31 07:01:00,3,6,351
2025-12-31 06:56:00,4,6,356
2025-12-31 06:51:00,4,6,356
2025-12-31 06:46:00,4,6,325
2025-12-31 06:41:00,4,6,325
2025-12-31 06:36:00,4,6,325
2025-12-31 06:31:00,4,6,325
2025-12-31 06:26:00,5,7,312
2025-12-31 06:21:00,5,7,307
2025-12-31 06:16:00,4,7,328
2025-12-31 06:11:00,4,7,328
2025-12-31 06:06:00,3,8,328
2025-12-31 06:01:00,4,7,334
2025-12-31 05:56:00,4,8,323
2025-12-31 05:51:00,4,8,323
2025-12-31 05:46:00,6,8,331
2025-12-31 05:41:00,6,9,329
2025-12-31 05:36:00,6,10,327
2025-12-31 05:31:00,6,10,327
2025-12-31 05:26:00,8,10,320
2025-12-31 05:21:00,8,10,320
2025-12-31 05:16:00,8,10,321
2025-12-31 05:11:00,8,10,321
2025-12-31 05:06:00,8,11,320
2025-12-31 05:01:00,8,11,320
2025-12-31 04:56:00,9,13,335
2025-12-31 04:51:00,9,13,335
2025-12-31 04:46:00,9,13,330
2025-12-31 04:41:00,9,13,330
2025-12-31 04:36:00,4,7,288
2025-12-31 04:31:00,4,7,288
2025-12-31 04:16:00,4,7,286
2025-12-31 04:11:00,4,7,286
2025-12-31 04:06:00,4,7,286
2025-12-31 04:01:00,4,7,286
2025-12-31 03:41:00,4,7,275
2025-12-31 03:36:00,4,7,275
2025-12-31 03:31:00,4,7,275
2025-12-31 03:26:00,5,8,286
2025-12-31 03:21:00,5,8,286
2025-12-31 03:16:00,5,8,286
2025-12-31 03:11:00,5,8,286
2025-12-31 03:06:00,5,7,302
2025-12-31 03:01:00,6,12,290
2025-12-31 02:56:00,6,12,290
2025-12-31 02:31:00,9,14,273
2025-12-31 02:26:00,9,14,273
2025-12-31 02:21:00,9,14,273
2025-12-31 01:41:00,12,16,280
2025-12-31 01:36:00,13,17,288
2025-12-31 01:31:00,13,17,288
2025-12-31 01:06:00,12,15,305
2025-12-31 01:01:00,12,15,305
2025-12-31 00:56:00,12,15,305
2025-12-31 00:51:00,12,15,305
2025-12-31 00:11:00,11,15,312
2025-12-31 00:06:00,11,15,312
2025-12-31 00:01:00,11,15,312
2025-12-30 23:56:00,11,15,312
2025-12-30 23:51:00,12,15,312
2025-12-30 23:46:00,11,15,314
2025-12-30 23:41:00,11,15,317
2025-12-30 23:36:00,11,15,317
2025-12-30 23:31:00,11,15,317
2025-12-30 23:26:00,10,13,315
2025-12-30 23:21:00,10,13,315
2025-12-30 23:16:00,10,12,315
2025-12-30 23:11:00,10,12,315
2025-12-30 22:31:00,5,7,288
2025-12-30 22:26:00,5,7,288
2025-12-30 22:21:00,5,7,288
2025-12-30 22:16:00,5,8,287
2025-12-30 22:11:00,5,8,287
2025-12-30 22:06:00,5,8,287
2025-12-30 22:01:00,5,8,287
2025-12-30 21:26:00,10,16,312
2025-12-30 21:21:00,10,16,312
2025-12-30 21:06:00,13,19,278
2025-12-30 21:01:00,13,19,278
2025-12-30 20:56:00,13,19,278
2025-12-30 20:46:00,14,18,259
2025-12-30 20:41:00,14,18,259
2025-12-30 20:36:00,14,18,259
2025-12-30 20:31:00,14,18,259
2025-12-30 20:26:00,15,19,257
2025-12-30 20:21:00,15,19,257
2025-12-30 20:16:00,16,20,258
2025-12-30 20:11:00,16,20,258
2025-12-30 19:31:00,17,21,254
2025-12-30 19:26:00,17,21,254
2025-12-30 19:21:00,17,21,260
2025-12-30 19:16:00,16,25,278
2025-12-30 19:11:00,16,25,278
2025-12-30 19:06:00,16,25,278
2025-12-30 19:01:00,18,25,287
2025-12-30 18:56:00,21,26,303
2025-12-30 18:51:00,21,26,303
2025-12-30 18:46:00,19,24,293
2025-12-30 18:41:00,19,24,293
2025-12-30 18:36:00,19,24,293
2025-12-30 18:06:00,17,21,294
2025-12-30 18:01:00,17,21,291
2025-12-30 17:56:00,14,20,295
2025-12-30 17:16:00,15,19,303
2025-12-30 17:11:00,15,19,303
2025-12-30 17:06:00,15,19,303
2025-12-30 17:01:00,13,18,312
2025-12-30 16:56:00,13,18,312
2025-12-30 16:16:00,17,20,298
2025-12-30 16:11:00,17,20,298
2025-12-30 16:06:00,17,20,298
2025-12-30 16:01:00,16,20,297
2025-12-30 15:46:00,13,17,292
2025-12-30 15:41:00,13,17,292
2025-12-30 15:36:00,13,17,292
2025-12-30 15:31:00,14,17,293
2025-12-30 15:26:00,14,17,293
2025-12-30 15:21:00,12,16,294
2025-12-30 15:16:00,12,16,294
2025-12-30 15:11:00,11,14,285
2025-12-30 15:06:00,11,14,285
2025-12-30 15:01:00,11,14,285
2025-12-30 14:56:00,10,14,286
2025-12-30 14:51:00,12,18,291
2025-12-30 14:46:00,12,18,291
2025-12-30 14:41:00,15,25,294
2025-12-30 14:36:00,15,25,294
2025-12-30 14:31:00,15,25,294
2025-12-30 14:26:00,20,25,302
2025-12-30 14:21:00,20,25,302
2025-12-30 14:16:00,20,25,314
2025-12-30 14:11:00,20,25,314
2025-12-30 14:06:00,20,25,317
2025-12-30 14:01:00,19,24,320
2025-12-30 13:56:00,20,24,322
2025-12-30 13:51:00,21,24,324
2025-12-30 13:46:00,19,24,315
2025-12-30 13:41:00,19,24,315
2025-12-30 13:36:00,19,24,314
2025-12-30 13:31:00,17,23,324
2025-12-30 13:26:00,17,23,324
2025-12-30 13:21:00,19,23,315
2025-12-30 13:16:00,18,24,313
2025-12-30 13:11:00,18,24,313
2025-12-30 13:06:00,18,24,313
2025-12-30 13:01:00,19,36,319
2025-12-30 12:56:00,19,36,319
2025-12-30 12:51:00,17,36,292
2025-12-30 12:46:00,17,36,292
2025-12-30 12:41:00,22,36,266
2025-12-30 12:36:00,25,36,243
2025-12-30 12:31:00,25,32,236
2025-12-30 12:26:00,26,32,236
2025-12-30 12:21:00,26,32,236
2025-12-30 12:16:00,25,31,234
2025-12-30 12:11:00,25,31,234
2025-12-30 12:06:00,25,30,233
2025-12-30 12:01:00,24,30,232
2025-12-30 11:56:00,24,30,234
2025-12-30 11:46:00,24,29,232
2025-12-30 11:41:00,24,29,232
2025-12-30 11:36:00,24,29,232
2025-12-30 11:31:00,24,28,232
2025-12-30 11:26:00,23,29,230
2025-12-30 11:21:00,23,29,230
2025-12-30 11:06:00,23,30,231
2025-12-30 11:01:00,23,30,231
2025-12-30 10:56:00,23,30,231
2025-12-30 10:51:00,24,30,230
2025-12-30 10:46:00,24,30,230
2025-12-30 10:41:00,25,30,232
2025-12-30 10:36:00,25,30,233
2025-12-30 10:31:00,25,30,233
2025-12-30 10:26:00,24,31,234
2025-12-30 10:21:00,24,31,234
2025-12-30 10:16:00,24,31,235
2025-12-30 10:11:00,24,31,235
2025-12-30 10:06:00,23,28,234
2025-12-30 10:01:00,23,28,234
2025-12-30 09:56:00,23,29,234
2025-12-30 09:51:00,23,29,234
2025-12-30 09:46:00,23,30,232
2025-12-30 09:41:00,24,30,232
2025-12-30 09:36:00,24,30,232
2025-12-30 09:31:00,24,30,231
2025-12-30 09:26:00,24,30,232
2025-12-30 09:21:00,24,33,233
2025-12-30 09:16:00,24,33,233
2025-12-30 09:11:00,24,33,235
2025-12-30 09:06:00,25,33,236
2025-12-30 09:01:00,25,30,235
2025-12-30 08:56:00,25,32,234
2025-12-30 08:51:00,25,33,235
2025-12-30 08:46:00,25,33,235
2025-12-30 08:41:00,27,34,235
2025-12-30 08:36:00,27,34,235
2025-12-30 08:31:00,27,34,235
2025-12-30 08:26:00,27,33,234
2025-12-30 08:21:00,27,33,234
2025-12-30 08:16:00,27,33,234
2025-12-30 08:11:00,27,32,235
2025-12-30 08:06:00,27,32,235
2025-12-30 08:01:00,24,32,235
2025-12-30 07:56:00,23,30,235
2025-12-30 07:51:00,23,30,234
2025-12-30 07:46:00,23,30,233
2025-12-30 07:41:00,23,30,232
2025-12-30 07:36:00,24,30,231
2025-12-30 07:31:00,24,30,231
2025-12-30 07:26:00,24,30,231
2025-12-30 07:21:00,23,29,231
2025-12-30 07:16:00,23,29,232
2025-12-30 07:11:00,23,29,232
2025-12-30 07:06:00,23,29,232
2025-12-30 07:01:00,23,30,233
2025-12-30 06:56:00,23,30,233
2025-12-30 06:51:00,24,30,235
2025-12-30 06:46:00,23,30,234
2025-12-30 06:41:00,23,30,234
2025-12-30 06:36:00,23,28,234
2025-12-30 06:31:00,23,29,233
2025-12-30 06:26:00,23,29,233
2025-12-30 06:21:00,23,29,233
2025-12-30 06:16:00,24,31,233
2025-12-30 06:11:00,25,31,233
2025-12-30 06:06:00,25,31,235
2025-12-30 06:01:00,25,31,236
2025-12-30 05:56:00,25,30,237
2025-12-30 05:51:00,25,30,237
2025-12-30 05:46:00,25,30,237
2025-12-30 05:41:00,25,30,237
2025-12-30 05:36:00,25,30,237
2025-12-30 05:31:00,25,32,238
2025-12-30 05:26:00,25,32,239
2025-12-30 05:21:00,26,32,240
2025-12-30 05:16:00,25,32,241
2025-12-30 05:11:00,24,31,241
2025-12-30 05:06:00,26,31,241
2025-12-30 05:01:00,25,31,241
2025-12-30 04:56:00,25,31,238
2025-12-30 04:51:00,25,31,238
2025-12-30 04:46:00,23,32,238
2025-12-30 04:41:00,23,32,238
2025-12-30 04:36:00,23,32,238
2025-12-30 04:31:00,23,32,235
2025-12-30 04:26:00,25,32,233
2025-12-30 04:21:00,25,32,232
2025-12-30 04:16:00,25,30,232
2025-12-30 04:11:00,25,30,232
2025-12-30 03:56:00,24,30,229
2025-12-30 03:51:00,24,30,229
2025-12-30 03:46:00,24,30,229
2025-12-30 03:41:00,24,30,227
2025-12-30 03:36:00,24,31,235
2025-12-30 03:31:00,24,31,235
2025-12-30 03:26:00,24,31,235
2025-12-30 03:21:00,24,31,235
2025-12-30 03:16:00,24,31,235
2025-12-30 03:11:00,24,31,235
2025-12-30 03:06:00,24,31,235
2025-12-30 02:56:00,23,29,242
2025-12-30 02:51:00,23,29,242
2025-12-30 02:46:00,23,29,242
2025-12-30 02:31:00,24,30,236
2025-12-30 02:26:00,24,30,236
2025-12-30 02:21:00,24,30,236
2025-12-30 02:16:00,22,28,233
2025-12-30 02:11:00,22,28,233
2025-12-30 02:06:00,23,28,231
2025-12-30 02:01:00,23,28,231
2025-12-30 01:56:00,23,28,228
2025-12-30 01:46:00,22,28,228
2025-12-30 01:41:00,22,28,228
2025-12-30 01:36:00,22,28,228
2025-12-30 01:31:00,22,27,228
2025-12-30 01:26:00,23,28,233
2025-12-30 01:21:00,23,28,233
2025-12-30 01:16:00,22,29,234
2025-12-30 01:11:00,22,29,234
2025-12-30 01:06:00,22,29,234
2025-12-30 01:01:00,21,29,225
2025-12-30 00:56:00,21,29,225
2025-12-30 00:51:00,21,29,225
2025-12-30 00:46:00,22,29,233
2025-12-30 00:41:00,22,29,233
2025-12-30 00:36:00,22,29,237
2025-12-30 00:31:00,20,26,240
2025-12-30 00:26:00,20,26,240
2025-12-30 00:21:00,22,29,235
2025-12-30 00:16:00,22,29,235
2025-12-30 00:11:00,24,29,235
2025-12-30 00:06:00,24,29,235
2025-12-30 00:01:00,23,28,234
2025-12-29 23:56:00,23,28,234
2025-12-29 23:51:00,22,28,238
2025-12-29 23:46:00,20,25,244
2025-12-29 23:41:00,20,27,246
2025-12-29 23:36:00,20,27,244
2025-12-29 23:31:00,21,29,242
2025-12-29 23:26:00,22,29,240
2025-12-29 23:21:00,23,29,236
2025-12-29 23:16:00,23,29,236
2025-12-29 23:11:00,23,29,236
2025-12-29 23:06:00,24,29,244
2025-12-29 23:01:00,24,29,244
2025-12-29 22:56:00,22,27,239
2025-12-29 22:51:00,22,27,239
2025-12-29 22:46:00,21,28,235
2025-12-29 22:41:00,21,28,235
2025-12-29 22:36:00,22,28,235
2025-12-29 22:31:00,21,28,239
2025-12-29 22:26:00,21,27,243
2025-12-29 22:21:00,22,27,244
2025-12-29 22:16:00,21,27,245
2025-12-29 22:11:00,21,27,246
2025-12-29 22:06:00,22,27,245
2025-12-29 22:01:00,22,27,242
2025-12-29 21:56:00,22,27,239
2025-12-29 21:51:00,21,29,240
2025-12-29 21:46:00,23,29,250
2025-12-29 21:41:00,23,29,250
2025-12-29 21:36:00,23,29,250
2025-12-29 21:31:00,21,26,247
2025-12-29 21:26:00,21,26,237
2025-12-29 21:21:00,21,26,237
2025-12-29 21:06:00,22,26,236
2025-12-29 21:01:00,22,26,236
2025-12-29 20:56:00,22,26,236
2025-12-29 20:51:00,22,27,235
2025-12-29 20:46:00,22,28,235
2025-12-29 20:41:00,23,28,243
2025-12-29 20:36:00,23,28,243
2025-12-29 20:31:00,22,28,239
2025-12-29 20:26:00,22,27,235
2025-12-29 20:21:00,22,27,235
2025-12-29 20:16:00,22,28,236
2025-12-29 20:11:00,22,28,236
2025-12-29 20:06:00,22,28,244
2025-12-29 20:01:00,22,26,239
2025-12-29 19:56:00,22,26,239
2025-12-29 19:51:00,22,26,239
2025-12-29 19:46:00,21,27,237
2025-12-29 19:41:00,21,27,237
2025-12-29 19:36:00,21,27,237
2025-12-29 19:31:00,21,27,234
2025-12-29 19:26:00,21,27,234
2025-12-29 19:21:00,22,27,229
2025-12-29 19:16:00,20,27,232
2025-12-29 19:11:00,20,26,236
2025-12-29 19:06:00,21,26,234
2025-12-29 19:01:00,21,26,233
2025-12-29 18:56:00,22,27,234
2025-12-29 18:51:00,21,27,238
2025-12-29 18:46:00,22,27,241
2025-12-29 18:41:00,22,27,242
2025-12-29 18:36:00,20,26,243
2025-12-29 18:31:00,21,26,242
2025-12-29 18:26:00,21,26,242
2025-12-29 18:21:00,21,26,245
2025-12-29 18:16:00,20,24,243
2025-12-29 18:11:00,20,24,243
2025-12-29 18:06:00,20,25,242
2025-12-29 18:01:00,20,25,239
2025-12-29 17:56:00,20,25,241
2025-12-29 17:51:00,20,25,238
2025-12-29 17:46:00,20,25,236
2025-12-29 17:41:00,19,23,242
2025-12-29 17:36:00,18,23,242
2025-12-29 17:31:00,19,24,241
2025-12-29 17:26:00,20,24,241
2025-12-29 17:21:00,20,24,239
2025-12-29 17:16:00,19,24,238
2025-12-29 17:11:00,18,23,237
2025-12-29 17:06:00,18,22,239
2025-12-29 17:01:00,18,22,243
2025-12-29 16:56:00,19,22,245
2025-12-29 16:51:00,17,22,245
2025-12-29 16:46:00,17,22,245
2025-12-29 16:41:00,16,21,241
2025-12-29 16:36:00,17,21,241
2025-12-29 16:31:00,17,21,241
2025-12-29 16:26:00,16,21,238
2025-12-29 16:21:00,16,21,238
2025-12-29 16:16:00,17,22,237
2025-12-29 16:11:00,17,22,237
2025-12-29 16:06:00,17,23,240
2025-12-29 16:01:00,18,23,241
2025-12-29 15:56:00,18,23,241
2025-12-29 15:51:00,15,19,248
2025-12-29 15:46:00,15,19,248
2025-12-29 15:41:00,16,21,241
2025-12-29 15:36:00,16,21,241
2025-12-29 15:31:00,16,21,241
2025-12-29 15:26:00,17,21,245
2025-12-29 15:21:00,17,21,245
2025-12-29 15:11:00,14,18,248
2025-12-29 15:06:00,14,18,248
2025-12-29 15:01:00,14,18,248
2025-12-29 14:56:00,14,18,255
2025-12-29 14:51:00,14,18,259
2025-12-29 14:46:00,14,18,250
2025-12-29 14:41:00,14,18,250
2025-12-29 14:36:00,13,18,250
2025-12-29 14:31:00,13,18,250
2025-12-29 14:26:00,14,18,246
2025-12-29 14:11:00,13,17,251
2025-12-29 14:06:00,13,17,251
2025-12-29 14:01:00,13,17,251
2025-12-29 13:56:00,14,17,246
2025-12-29 13:51:00,14,17,246
2025-12-29 13:46:00,15,19,248
2025-12-29 13:41:00,15,19,248
2025-12-29 13:36:00,15,19,248
2025-12-29 13:26:00,14,17,243
2025-12-29 13:21:00,14,17,243
2025-12-29 13:16:00,14,17,243
2025-12-29 13:11:00,13,17,245
2025-12-29 13:06:00,10,14,241
2025-12-29 13:01:00,10,14,241
2025-12-29 12:56:00,11,14,246
2025-12-29 12:51:00,11,14,246
2025-12-29 12:46:00,10,14,248
2025-12-29 12:41:00,9,14,245
2025-12-29 12:36:00,11,14,239
2025-12-29 12:31:00,11,14,244
2025-12-29 12:26:00,10,14,252
2025-12-29 12:21:00,8,14,259
2025-12-29 12:16:00,8,10,256
2025-12-29 12:11:00,7,10,248
2025-12-29 12:06:00,7,10,248
2025-12-29 12:01:00,7,10,248
2025-12-29 11:56:00,6,10,238
2025-12-29 11:46:00,8,10,242
2025-12-29 11:41:00,8,10,242
2025-12-29 11:36:00,8,10,254
2025-12-29 11:31:00,8,11,257
2025-12-29 11:26:00,7,11,268
2025-12-29 11:21:00,9,11,277
2025-12-29 11:16:00,8,11,272
2025-12-29 11:11:00,7,10,262
2025-12-29 11:06:00,7,9,256
2025-12-29 11:01:00,7,9,262
2025-12-29 10:56:00,7,9,264
2025-12-29 10:51:00,7,11,266
2025-12-29 10:46:00,6,11,277
2025-12-29 10:41:00,6,11,285
2025-12-29 10:36:00,6,11,285
2025-12-29 10:31:00,7,10,291
2025-12-29 10:26:00,8,10,289
2025-12-29 10:16:00,8,10,293
2025-12-29 10:11:00,8,10,291
2025-12-29 10:06:00,7,10,287
2025-12-29 10:01:00,7,10,287
2025-12-29 09:56:00,7,10,287
2025-12-29 09:51:00,8,10,293
2025-12-29 09:46:00,7,10,299
2025-12-29 09:41:00,6,10,308
2025-12-29 09:36:00,6,12,306
2025-12-29 09:31:00,7,12,295
2025-12-29 09:26:00,8,12,287
2025-12-29 09:21:00,9,12,291
2025-12-29 09:16:00,8,12,298
2025-12-29 09:11:00,8,11,306
2025-12-29 09:06:00,8,11,306
2025-12-29 09:01:00,6,12,291
2025-12-29 08:56:00,6,12,291
2025-12-29 08:51:00,8,12,288
2025-12-29 08:46:00,9,12,298
2025-12-29 08:41:00,9,12,304
2025-12-29 08:36:00,7,11,302
2025-12-29 08:31:00,7,11,312
2025-12-29 08:26:00,7,11,312
2025-12-29 08:21:00,7,11,316
2025-12-29 08:16:00,8,11,307
2025-12-29 08:11:00,8,11,304
2025-12-29 08:06:00,7,11,315
2025-12-29 08:01:00,8,12,317
2025-12-29 07:56:00,8,12,313
2025-12-29 07:51:00,8,12,323
2025-12-29 07:46:00,7,12,330
2025-12-29 07:41:00,7,12,330
2025-12-29 07:36:00,5,10,330
2025-12-29 07:31:00,7,10,330
2025-12-29 07:26:00,8,10,324
2025-12-29 07:21:00,7,10,323
2025-12-29 07:16:00,6,11,330
2025-12-29 07:11:00,6,11,330
2025-12-29 07:06:00,7,12,341
2025-12-29 07:01:00,7,12,333
2025-12-29 06:56:00,7,12,333
2025-12-29 06:51:00,7,13,336
2025-12-29 06:46:00,7,13,337
2025-12-29 06:41:00,7,13,337
2025-12-29 06:36:00,8,13,327
2025-12-29 06:31:00,8,13,327
2025-12-29 06:26:00,8,13,329
2025-12-29 06:21:00,9,13,325
2025-12-29 06:16:00,10,13,331
2025-12-29 06:11:00,9,14,334
2025-12-29 06:06:00,9,14,338
2025-12-29 06:01:00,11,14,329
2025-12-29 05:56:00,10,16,324
2025-12-29 05:51:00,10,17,326
2025-12-29 05:46:00,10,17,326
2025-12-29 05:41:00,12,18,320
2025-12-29 05:36:00,13,18,329
2025-12-29 05:31:00,14,18,331
2025-12-29 05:26:00,14,18,331
2025-12-29 05:21:00,14,20,331
2025-12-29 05:16:00,14,20,332
2025-12-29 05:11:00,16,20,330
2025-12-29 05:06:00,13,19,331
2025-12-29 05:01:00,14,18,317
2025-12-29 04:56:00,14,18,317
2025-12-29 04:51:00,14,18,317
2025-12-29 04:46:00,12,18,322
2025-12-29 04:41:00,10,16,316
2025-12-29 04:36:00,10,16,316
2025-12-29 04:31:00,11,18,319
2025-12-29 04:26:00,12,18,327
2025-12-29 04:21:00,12,18,327
2025-12-29 04:16:00,10,16,332
2025-12-29 04:11:00,10,16,332
2025-12-29 04:06:00,10,16,332
2025-12-29 04:01:00,12,16,338
2025-12-29 03:56:00,12,16,338
2025-12-29 03:51:00,11,16,2
2025-12-29 03:46:00,11,16,2
2025-12-29 03:41:00,11,15,356
2025-12-29 03:36:00,10,16,344
2025-12-29 03:31:00,10,16,344
2025-12-29 03:26:00,11,17,338
2025-12-29 03:21:00,12,17,336
2025-12-29 03:11:00,12,16,343
2025-12-29 03:01:00,12,17,342
2025-12-29 02:56:00,12,18,339
2025-12-29 02:51:00,12,18,339
2025-12-29 02:46:00,13,18,339
2025-12-29 02:41:00,13,18,339
2025-12-29 02:36:00,11,17,342
2025-12-29 02:31:00,11,17,342
2025-12-29 02:26:00,12,17,334
2025-12-29 02:21:00,12,17,334
2025-12-29 02:16:00,12,17,332
2025-12-29 02:11:00,12,17,332
2025-12-29 02:06:00,13,18,347
2025-12-29 02:01:00,13,18,347
2025-12-29 01:56:00,14,18,338
2025-12-29 01:51:00,14,18,338
2025-12-29 01:31:00,12,18,330
2025-12-29 01:26:00,12,18,330
2025-12-29 01:21:00,12,18,330
2025-12-29 01:16:00,12,18,330
2025-12-29 01:11:00,13,18,355
2025-12-29 01:06:00,12,17,344
2025-12-29 01:01:00,13,19,341
2025-12-29 00:56:00,13,19,341
2025-12-29 00:51:00,12,19,349
2025-12-29 00:46:00,13,19,356
2025-12-29 00:41:00,13,19,356
2025-12-29 00:36:00,13,18,354
2025-12-29 00:31:00,13,18,353
2025-12-29 00:26:00,13,18,353
2025-12-29 00:21:00,12,17,349
2025-12-29 00:16:00,12,17,349
2025-12-29 00:11:00,10,15,339
2025-12-29 00:06:00,10,19,338
2025-12-29 00:01:00,10,19,338
2025-12-28 23:56:00,10,19,338
2025-12-28 23:51:00,13,19,340
2025-12-28 23:46:00,13,19,347
2025-12-28 23:41:00,13,19,341
2025-12-28 23:36:00,13,19,338
2025-12-28 23:21:00,16,21,340
2025-12-28 23:16:00,16,21,340
2025-12-28 23:11:00,16,21,340
2025-12-28 23:06:00,16,21,340
2025-12-28 23:01:00,16,21,340
2025-12-28 22:56:00,17,21,340
2025-12-28 22:51:00,16,21,336
2025-12-28 22:46:00,14,21,341
2025-12-28 22:41:00,14,20,356
2025-12-28 22:36:00,15,20,3
2025-12-28 22:31:00,15,20,4
2025-12-28 22:26:00,15,20,359
2025-12-28 22:21:00,15,22,354
2025-12-28 22:16:00,15,22,354
2025-12-28 22:11:00,19,26,5
2025-12-28 22:06:00,19,26,5
2025-12-28 22:01:00,19,26,5
2025-12-28 21:56:00,19,26,5
2025-12-28 21:51:00,19,26,355
2025-12-28 21:46:00,14,22,345
2025-12-28 21:41:00,14,22,345
2025-12-28 21:36:00,14,22,350
2025-12-28 21:31:00,16,23,351
2025-12-28 21:26:00,17,23,353
2025-12-28 21:21:00,18,23,354
2025-12-28 21:16:00,18,23,354
2025-12-28 21:11:00,16,22,350
2025-12-28 21:06:00,15,22,352
2025-12-28 21:01:00,16,22,359
2025-12-28 20:56:00,16,22,1
2025-12-28 20:51:00,16,23,4
2025-12-28 20:46:00,17,23,0
2025-12-28 20:41:00,18,26,349
2025-12-28 20:36:00,18,26,349
2025-12-28 20:31:00,19,26,345
2025-12-28 20:26:00,20,26,350
2025-12-28 20:21:00,19,26,352
2025-12-28 20:16:00,16,24,353
2025-12-28 20:11:00,17,23,353
2025-12-28 20:06:00,17,23,346
2025-12-28 20:01:00,16,25,346
2025-12-28 19:56:00,17,25,347
2025-12-28 19:51:00,18,25,346
2025-12-28 19:46:00,18,25,345
2025-12-28 19:41:00,17,25,348
2025-12-28 19:36:00,17,25,353
2025-12-28 19:31:00,18,25,354
2025-12-28 19:26:00,19,25,351
2025-12-28 19:21:00,19,24,347
2025-12-28 19:16:00,19,24,347
2025-12-28 19:11:00,19,22,345
2025-12-28 19:06:00,17,21,339
2025-12-28 19:01:00,17,21,338
2025-12-28 18:56:00,16,21,344
2025-12-28 18:51:00,17,25,348
2025-12-28 18:46:00,17,25,344
2025-12-28 18:41:00,19,25,346
2025-12-28 18:36:00,19,25,344
2025-12-28 18:31:00,17,24,340
2025-12-28 18:26:00,17,26,348
2025-12-28 18:21:00,19,27,357
2025-12-28 18:16:00,21,27,354
2025-12-28 18:11:00,21,27,354
2025-12-28 18:06:00,21,27,355
2025-12-28 18:01:00,18,24,357
2025-12-28 17:56:00,18,25,1
2025-12-28 17:51:00,19,25,0
2025-12-28 17:46:00,20,25,358
2025-12-28 17:41:00,20,25,357
2025-12-28 17:36:00,18,24,355
2025-12-28 17:31:00,18,24,350
2025-12-28 17:26:00,18,24,352
2025-12-28 17:21:00,18,24,355
2025-12-28 17:16:00,19,24,355
2025-12-28 17:11:00,19,24,355
2025-12-28 17:06:00,17,23,358
2025-12-28 17:01:00,17,23,358
2025-12-28 16:56:00,17,23,358
2025-12-28 16:51:00,19,27,356
2025-12-28 16:46:00,19,27,356
2025-12-28 16:41:00,18,27,354
2025-12-28 16:36:00,18,27,354
2025-12-28 16:31:00,17,25,358
2025-12-28 16:26:00,19,25,351
2025-12-28 16:21:00,19,25,351
2025-12-28 16:16:00,19,24,354
2025-12-28 16:11:00,19,24,354
2025-12-28 16:01:00,19,24,359
2025-12-28 15:56:00,19,24,359
2025-12-28 15:51:00,19,24,359
2025-12-28 15:46:00,18,26,352
2025-12-28 15:41:00,18,26,352
2025-12-28 15:36:00,18,26,352
2025-12-28 15:31:00,20,26,355
2025-12-28 15:26:00,20,26,355
2025-12-28 15:21:00,21,26,350
2025-12-28 15:16:00,20,26,352
2025-12-28 15:11:00,21,27,358
2025-12-28 15:06:00,21,27,358
2025-12-28 14:51:00,19,25,357
2025-12-28 14:46:00,19,25,357
2025-12-28 14:41:00,19,25,357
2025-12-28 14:36:00,19,25,0
2025-12-28 14:31:00,20,25,355
2025-12-28 14:26:00,20,25,355
2025-12-28 14:21:00,20,26,0
2025-12-28 14:16:00,20,26,0
2025-12-28 14:11:00,20,26,0
2025-12-28 14:06:00,21,26,354
2025-12-28 14:01:00,21,26,354
2025-12-28 13:56:00,21,26,354
2025-12-28 13:51:00,20,26,345
2025-12-28 13:46:00,20,28,346
2025-12-28 13:41:00,20,28,346
2025-12-28 13:36:00,21,28,345
2025-12-28 13:31:00,22,28,347
2025-12-28 13:26:00,22,28,352
2025-12-28 13:21:00,21,28,351
2025-12-28 13:16:00,21,25,350
2025-12-28 13:06:00,19,28,358
2025-12-28 13:01:00,19,28,358
2025-12-28 12:56:00,19,28,358
2025-12-28 12:51:00,20,28,359
2025-12-28 12:46:00,21,27,0
2025-12-28 12:41:00,21,27,0
2025-12-28 12:36:00,21,27,0
2025-12-28 12:31:00,21,27,357
2025-12-28 12:26:00,21,27,357
2025-12-28 12:21:00,20,27,0
2025-12-28 12:11:00,22,28,2
2025-12-28 12:06:00,22,28,2
2025-12-28 12:01:00,22,28,2
2025-12-28 11:56:00,22,28,0
2025-12-28 11:51:00,21,28,355
2025-12-28 11:46:00,21,28,355
2025-12-28 11:41:00,21,28,354
2025-12-28 11:36:00,22,28,352
2025-12-28 11:31:00,22,28,353
2025-12-28 11:26:00,22,28,355
2025-12-28 11:16:00,23,28,354
2025-12-28 11:11:00,23,28,354
2025-12-28 11:06:00,23,28,354
2025-12-28 11:01:00,24,28,356
2025-12-28 10:56:00,22,29,355
2025-12-28 10:51:00,22,29,355
2025-12-28 10:46:00,23,30,351
2025-12-28 10:41:00,23,30,350
2025-12-28 10:36:00,24,30,350
2025-12-28 10:31:00,24,30,350
2025-12-28 10:26:00,24,30,3
2025-12-28 10:21:00,24,30,3
2025-12-28 10:16:00,24,30,6
2025-12-28 10:11:00,24,32,6
2025-12-28 10:06:00,24,32,3
2025-12-28 10:01:00,24,32,359
2025-12-28 09:56:00,22,29,358
2025-12-28 09:51:00,22,29,358
2025-12-28 09:46:00,23,32,354
2025-12-28 09:41:00,23,32,354
2025-12-28 09:36:00,24,32,352
2025-12-28 09:31:00,25,32,346
2025-12-28 09:26:00,24,31,346
2025-12-28 09:21:00,19,35,357
2025-12-28 09:16:00,24,35,2
2025-12-28 09:11:00,24,35,2
2025-12-28 09:06:00,26,35,354
2025-12-28 09:01:00,26,35,354
2025-12-28 08:56:00,24,34,355
2025-12-28 08:51:00,25,34,6
2025-12-28 08:46:00,25,34,6
2025-12-28 08:41:00,25,34,359
2025-12-28 08:36:00,25,33,356
2025-12-28 08:31:00,25,33,356
2025-12-28 08:26:00,25,32,354
2025-12-28 08:21:00,25,32,354
2025-12-28 08:16:00,25,31,357
2025-12-28 08:11:00,25,31,357
2025-12-28 08:06:00,24,31,353
2025-12-28 08:01:00,24,31,353
2025-12-28 07:56:00,25,31,354
2025-12-28 07:51:00,23,34,5
2025-12-28 07:46:00,25,35,4
2025-12-28 07:41:00,25,35,4
2025-12-28 07:36:00,29,35,0
2025-12-28 07:31:00,29,35,0
2025-12-28 07:26:00,24,32,358
2025-12-28 07:21:00,24,32,358
2025-12-28 07:16:00,24,31,356
2025-12-28 07:11:00,24,31,356
2025-12-28 07:06:00,24,36,352
2025-12-28 07:01:00,24,36,352
2025-12-28 06:56:00,25,36,352
2025-12-28 06:51:00,25,36,352
2025-12-28 06:46:00,28,36,351
2025-12-28 06:41:00,26,36,356
2025-12-28 06:36:00,25,34,3
2025-12-28 06:31:00,25,34,3
2025-12-28 06:26:00,25,34,358
2025-12-28 06:21:00,25,35,352
2025-12-28 06:16:00,26,35,357
2025-12-28 06:11:00,25,35,1
2025-12-28 06:06:00,24,35,358
2025-12-28 06:01:00,24,35,358
2025-12-28 05:56:00,24,35,2
2025-12-28 05:51:00,26,35,2
2025-12-28 05:46:00,27,35,358
2025-12-28 05:41:00,26,33,3
2025-12-28 05:36:00,25,34,4
2025-12-28 05:31:00,26,34,358
2025-12-28 05:26:00,27,34,355
2025-12-28 05:21:00,27,34,355
2025-12-28 05:16:00,25,31,357
2025-12-28 05:11:00,25,31,359
2025-12-28 05:06:00,25,32,359
2025-12-28 05:01:00,24,32,359
2025-12-28 04:56:00,26,32,1
2025-12-28 04:51:00,26,33,1
2025-12-28 04:46:00,26,37,1
2025-12-28 04:41:00,27,37,1
2025-12-28 04:36:00,28,37,356
2025-12-28 04:31:00,28,37,347
2025-12-28 04:26:00,26,32,345
2025-12-28 04:21:00,26,34,347
2025-12-28 04:16:00,27,34,347
2025-12-28 04:11:00,28,34,349
2025-12-28 04:06:00,28,34,348
2025-12-28 04:01:00,27,34,347
2025-12-28 03:56:00,25,33,345
2025-12-28 03:51:00,25,33,345
2025-12-28 03:46:00,25,33,349
2025-12-28 03:41:00,25,33,353
2025-12-28 03:36:00,25,32,349
2025-12-28 03:31:00,25,32,349
2025-12-28 03:26:00,26,34,348
2025-12-28 03:21:00,26,34,348
2025-12-28 03:16:00,25,34,346
2025-12-28 03:11:00,25,34,346
2025-12-28 03:06:00,25,34,346
2025-12-28 03:01:00,25,34,346
2025-12-28 02:56:00,25,34,346
2025-12-28 02:51:00,25,34,346
2025-12-28 02:46:00,25,34,347
2025-12-28 02:41:00,26,34,348
2025-12-28 02:36:00,25,34,343
2025-12-28 02:31:00,25,32,338
2025-12-28 02:26:00,26,32,341
2025-12-28 02:21:00,25,32,343
2025-12-28 02:16:00,26,32,342
2025-12-28 02:11:00,26,32,342
2025-12-28 02:06:00,26,32,346
2025-12-28 02:01:00,25,30,347
2025-12-28 01:56:00,24,30,345
2025-12-28 01:51:00,23,29,342
2025-12-28 01:46:00,23,29,341
2025-12-28 01:41:00,23,29,342
2025-12-28 01:36:00,23,29,337
2025-12-28 01:31:00,21,31,328
2025-12-28 01:21:00,27,36,323
2025-12-28 01:16:00,27,36,323
2025-12-28 01:11:00,27,36,323
2025-12-28 01:06:00,26,36,328
2025-12-28 01:01:00,27,36,319
2025-12-28 00:56:00,26,32,304
2025-12-28 00:51:00,26,32,304
2025-12-28 00:46:00,26,32,308
2025-12-28 00:36:00,26,35,306
2025-12-28 00:31:00,26,35,306
2025-12-28 00:26:00,26,35,306
2025-12-28 00:21:00,26,35,306
2025-12-28 00:16:00,26,35,305
2025-12-28 00:11:00,26,33,303
2025-12-28 00:06:00,25,33,301
2025-12-28 00:01:00,26,34,300
2025-12-27 23:56:00,27,34,301
2025-12-27 23:51:00,27,34,302
2025-12-27 23:46:00,28,34,300
2025-12-27 23:41:00,28,34,302
2025-12-27 23:36:00,28,39,306
2025-12-27 23:31:00,28,39,307
2025-12-27 23:26:00,29,39,305
2025-12-27 23:21:00,30,39,301
2025-12-27 23:16:00,29,36,303
2025-12-27 23:11:00,29,36,305
2025-12-27 23:06:00,30,38,302
2025-12-27 23:01:00,29,38,304
2025-12-27 22:56:00,29,38,304
2025-12-27 22:51:00,28,38,305
2025-12-27 22:46:00,28,36,308
2025-12-27 22:41:00,28,36,308
2025-12-27 22:36:00,28,36,308
2025-12-27 22:31:00,29,36,309
2025-12-27 22:26:00,31,36,308
2025-12-27 22:21:00,30,38,310
2025-12-27 22:16:00,29,38,311
2025-12-27 22:11:00,30,37,309
2025-12-27 22:06:00,30,37,309
2025-12-27 22:01:00,30,37,309
2025-12-27 21:56:00,30,37,307
2025-12-27 21:51:00,28,36,307
2025-12-27 21:46:00,28,36,307
2025-12-27 21:41:00,29,37,310
2025-12-27 21:36:00,29,37,310
2025-12-27 21:31:00,29,37,308
2025-12-27 21:26:00,28,38,308
2025-12-27 21:21:00,28,38,308
2025-12-27 21:16:00,31,38,305
2025-12-27 21:11:00,31,38,305
2025-12-27 21:06:00,30,38,298
2025-12-27 21:01:00,30,38,298
2025-12-27 20:56:00,31,38,299
2025-12-27 20:51:00,31,38,299
2025-12-27 20:46:00,31,38,302
2025-12-27 20:41:00,31,38,302
2025-12-27 20:31:00,30,39,304
2025-12-27 20:26:00,31,39,306
2025-12-27 20:21:00,31,39,305
2025-12-27 20:16:00,31,39,304
2025-12-27 20:11:00,30,39,303
2025-12-27 20:06:00,29,39,300
2025-12-27 20:01:00,30,39,298
2025-12-27 19:56:00,30,39,298
2025-12-27 19:51:00,30,39,300
2025-12-27 19:46:00,31,39,299
2025-12-27 19:41:00,30,39,297
2025-12-27 19:36:00,31,39,296
2025-12-27 19:31:00,31,39,295
2025-12-27 19:26:00,30,36,293
2025-12-27 19:16:00,28,37,294
2025-12-27 19:11:00,28,37,294
2025-12-27 19:06:00,28,37,294
2025-12-27 19:01:00,29,37,295
2025-12-27 18:56:00,29,37,294
2025-12-27 18:51:00,29,37,292
2025-12-27 18:46:00,30,37,295
2025-12-27 18:41:00,30,37,295
2025-12-27 18:36:00,30,37,295
2025-12-27 18:31:00,30,37,292
2025-12-27 18:26:00,29,38,294
2025-12-27 18:21:00,29,38,294
2025-12-27 18:16:00,32,40,298
2025-12-27 18:11:00,32,40,298
2025-12-27 18:06:00,32,40,298
2025-12-27 18:01:00,32,41,297
2025-12-27 17:56:00,32,41,297
2025-12-27 17:51:00,32,41,297
2025-12-27 17:46:00,32,41,297
2025-12-27 17:41:00,31,40,293
2025-12-27 17:36:00,31,40,288
2025-12-27 17:31:00,30,37,287
2025-12-27 17:26:00,28,37,287
2025-12-27 17:21:00,29,40,286
2025-12-27 17:16:00,30,40,284
2025-12-27 17:11:00,29,40,282
2025-12-27 17:06:00,30,40,280
2025-12-27 17:01:00,31,40,277
2025-12-27 16:56:00,32,40,275
2025-12-27 16:51:00,32,40,275
2025-12-27 16:46:00,31,40,273
2025-12-27 16:41:00,30,40,269
2025-12-27 16:36:00,28,36,263
2025-12-27 16:31:00,26,34,254
2025-12-27 16:26:00,27,36,237
2025-12-27 16:21:00,27,36,237
2025-12-27 16:16:00,27,36,237
2025-12-27 16:11:00,30,37,234
2025-12-27 16:06:00,31,37,233
2025-12-27 15:41:00,31,45,237
2025-12-27 15:36:00,31,45,237
2025-12-27 15:31:00,31,45,237
2025-12-27 15:26:00,29,41,239
2025-12-27 15:21:00,32,41,237
2025-12-27 15:16:00,32,41,237
2025-12-27 15:11:00,32,41,237
2025-12-27 15:06:00,32,40,237
2025-12-27 15:01:00,32,39,237
2025-12-27 14:56:00,30,38,235
2025-12-27 14:51:00,30,38,235
2025-12-27 14:46:00,29,38,232
2025-12-27 14:41:00,29,37,230
2025-12-27 14:36:00,30,37,231
2025-12-27 14:31:00,30,37,229
2025-12-27 14:26:00,30,37,230
2025-12-27 14:21:00,29,37,231
2025-12-27 14:16:00,28,36,230
2025-12-27 14:11:00,28,36,231
2025-12-27 14:06:00,28,36,231
2025-12-27 14:01:00,29,35,229
2025-12-27 13:56:00,27,35,228
2025-12-27 13:51:00,27,35,228
2025-12-27 13:46:00,29,36,227
2025-12-27 13:41:00,29,36,227
2025-12-27 13:36:00,29,36,227
2025-12-27 13:21:00,26,33,224
2025-12-27 13:16:00,26,33,224
2025-12-27 13:11:00,26,33,224
2025-12-27 13:06:00,25,31,225
2025-12-27 13:01:00,25,31,225
2025-12-27 12:56:00,25,31,225
2025-12-27 12:51:00,26,32,223
2025-12-27 12:46:00,26,32,223
2025-12-27 12:41:00,26,32,227
2025-12-27 12:36:00,26,32,227
2025-12-27 12:31:00,26,32,228
2025-12-27 12:26:00,26,32,228
2025-12-27 12:21:00,26,32,230
2025-12-27 12:16:00,23,30,227
2025-12-27 12:11:00,23,30,227
2025-12-27 12:06:00,23,30,227
2025-12-27 12:01:00,24,30,227
2025-12-27 11:56:00,24,30,229
2025-12-27 11:51:00,25,30,226
2025-12-27 11:46:00,25,30,226
2025-12-27 11:41:00,25,30,228
2025-12-27 11:36:00,25,30,229
2025-12-27 11:31:00,24,30,229
2025-12-27 11:26:00,23,28,229
2025-12-27 11:21:00,23,28,228
2025-12-27 11:16:00,23,28,228
2025-12-27 11:11:00,22,28,229
2025-12-27 11:06:00,22,28,227
2025-12-27 11:01:00,22,28,224
2025-12-27 10:51:00,23,28,228
2025-12-27 10:46:00,22,28,229
2025-12-27 10:41:00,21,26,228
2025-12-27 10:36:00,21,25,225
2025-12-27 10:31:00,20,25,224
2025-12-27 10:26:00,21,25,229
2025-12-27 10:21:00,21,25,230
2025-12-27 10:16:00,21,25,229
2025-12-27 10:11:00,20,24,224
2025-12-27 10:06:00,19,23,224
2025-12-27 10:01:00,19,23,226
2025-12-27 09:56:00,18,23,224
2025-12-27 09:51:00,17,23,222
2025-12-27 09:46:00,17,23,227
2025-12-27 09:41:00,17,23,234
2025-12-27 09:36:00,16,20,233
2025-12-27 09:31:00,15,19,228
2025-12-27 09:26:00,16,20,229
2025-12-27 09:21:00,16,20,231
2025-12-27 09:16:00,16,20,230
2025-12-27 09:11:00,15,20,226
2025-12-27 09:06:00,15,18,227
2025-12-27 09:01:00,14,18,235
2025-12-27 08:56:00,14,18,238
2025-12-27 08:51:00,14,18,236
2025-12-27 08:46:00,14,17,229
2025-12-27 08:41:00,13,17,222
2025-12-27 08:36:00,13,17,224
2025-12-27 08:31:00,12,16,223
2025-12-27 08:26:00,11,15,233
2025-12-27 08:21:00,11,15,233
2025-12-27 08:16:00,11,15,233
2025-12-27 08:11:00,10,12,229
2025-12-27 08:06:00,10,12,229
2025-12-27 08:01:00,10,13,235
2025-12-27 07:56:00,10,13,242
2025-12-27 07:51:00,10,13,244
2025-12-27 07:46:00,10,13,243
2025-12-27 07:41:00,8,14,242
2025-12-27 07:36:00,9,14,248
2025-12-27 07:31:00,11,14,247
2025-12-27 07:26:00,10,14,249
2025-12-27 07:21:00,9,14,259
2025-12-27 07:16:00,10,14,270
2025-12-27 07:11:00,10,15,271
2025-12-27 07:06:00,10,15,267
2025-12-27 07:01:00,10,15,268
2025-12-27 06:56:00,10,15,268
2025-12-27 06:51:00,8,15,265
2025-12-27 06:46:00,10,15,270
2025-12-27 06:41:00,12,15,274
2025-12-27 06:36:00,8,14,279
2025-12-27 06:31:00,8,14,279
2025-12-27 06:26:00,9,14,275
2025-12-27 06:21:00,10,13,280
2025-12-27 06:16:00,10,15,283
2025-12-27 06:11:00,10,15,290
2025-12-27 06:06:00,10,15,290
2025-12-27 06:01:00,10,15,293
2025-12-27 05:56:00,11,14,289
2025-12-27 05:51:00,10,14,273
2025-12-27 05:46:00,10,14,272
2025-12-27 05:41:00,11,14,279
2025-12-27 05:36:00,10,15,284
2025-12-27 05:31:00,10,15,287
2025-12-27 05:26:00,12,15,286
2025-12-27 05:21:00,12,16,291
2025-12-27 05:16:00,11,16,290
2025-12-27 05:11:00,12,16,284
2025-12-27 05:06:00,13,16,286
2025-12-27 05:01:00,13,16,292
2025-12-27 04:56:00,12,16,301
2025-12-27 04:51:00,11,16,308
2025-12-27 04:46:00,11,16,304
2025-12-27 04:41:00,11,15,302
2025-12-27 04:36:00,11,15,306
2025-12-27 04:31:00,10,15,304
2025-12-27 04:26:00,10,18,317
2025-12-27 04:21:00,10,18,317
2025-12-27 04:16:00,11,18,304
2025-12-27 04:11:00,11,18,304
2025-12-27 04:06:00,10,18,314
2025-12-27 04:01:00,11,16,321
2025-12-27 03:56:00,11,17,315
2025-12-27 03:51:00,9,17,309
2025-12-27 03:46:00,13,17,312
2025-12-27 03:41:00,13,17,312
2025-12-27 03:36:00,12,16,323
2025-12-27 03:31:00,10,14,317
2025-12-27 03:26:00,10,14,317
2025-12-27 03:21:00,9,13,308
2025-12-27 03:16:00,9,13,302
2025-12-27 02:46:00,7,13,314
2025-12-27 02:41:00,7,13,314
2025-12-27 02:36:00,7,13,314
2025-12-27 02:26:00,8,12,311
2025-12-27 02:21:00,8,12,311
2025-12-27 02:16:00,8,12,311
2025-12-27 02:11:00,8,14,317
2025-12-27 02:06:00,8,14,321
2025-12-27 02:01:00,8,14,321
2025-12-27 01:56:00,12,15,343
2025-12-27 01:51:00,12,15,343
2025-12-27 01:46:00,12,15,341
2025-12-27 01:41:00,11,17,341
2025-12-27 01:36:00,9,17,343
2025-12-27 01:31:00,9,17,340
2025-12-27 01:26:00,9,17,340
2025-12-27 01:21:00,11,16,337
2025-12-27 01:16:00,11,16,337
2025-12-27 01:06:00,9,13,330
2025-12-27 01:01:00,9,13,330
2025-12-27 00:56:00,9,13,330
2025-12-27 00:51:00,10,13,339
2025-12-27 00:46:00,10,13,338
2025-12-27 00:41:00,10,13,338
2025-12-27 00:36:00,10,13,330
2025-12-27 00:31:00,9,13,324
2025-12-27 00:26:00,8,15,336
2025-12-27 00:21:00,8,15,336
2025-12-27 00:16:00,9,15,340
2025-12-27 00:11:00,10,15,340
2025-12-27 00:06:00,9,15,348
2025-12-27 00:01:00,10,13,336
2025-12-26 23:56:00,8,14,334
2025-12-26 23:51:00,8,14,334
2025-12-26 23:46:00,8,14,334
2025-12-26 23:41:00,9,14,336
2025-12-26 23:36:00,10,14,347
2025-12-26 23:31:00,10,14,347
2025-12-26 23:26:00,10,14,354
2025-12-26 23:21:00,9,14,355
2025-12-26 23:16:00,10,15,337
2025-12-26 23:11:00,11,16,334
2025-12-26 23:06:00,11,16,334
2025-12-26 23:01:00,11,16,337
2025-12-26 22:56:00,12,16,350
2025-12-26 22:51:00,12,16,358
2025-12-26 22:46:00,13,16,359
2025-12-26 22:41:00,13,16,354
2025-12-26 22:36:00,13,18,347
2025-12-26 22:31:00,13,18,345
2025-12-26 22:26:00,13,20,342
2025-12-26 22:21:00,15,20,348
2025-12-26 22:16:00,15,20,348
2025-12-26 22:11:00,14,20,345
2025-12-26 21:56:00,16,22,353
2025-12-26 21:51:00,16,22,353
2025-12-26 21:46:00,16,22,353
2025-12-26 21:41:00,16,22,359
2025-12-26 21:36:00,15,21,350
2025-12-26 21:31:00,15,21,350
2025-12-26 21:26:00,16,22,350
2025-12-26 21:21:00,16,22,350
2025-12-26 21:16:00,16,22,350
2025-12-26 21:11:00,17,22,352
2025-12-26 21:06:00,17,22,355
2025-12-26 21:01:00,17,23,1
2025-12-26 20:56:00,17,23,1
2025-12-26 20:51:00,18,23,359
2025-12-26 20:46:00,18,23,351
2025-12-26 20:41:00,16,22,344
2025-12-26 20:36:00,15,22,349
2025-12-26 20:31:00,16,21,350
2025-12-26 20:26:00,16,23,349
2025-12-26 20:21:00,16,23,349
2025-12-26 20:16:00,17,23,348
2025-12-26 20:11:00,17,23,348
2025-12-26 20:06:00,17,25,343
2025-12-26 20:01:00,16,25,334
2025-12-26 19:56:00,16,25,334
2025-12-26 19:51:00,16,25,334
2025-12-26 19:46:00,16,24,334
2025-12-26 19:41:00,17,24,334
2025-12-26 19:36:00,17,24,335
2025-12-26 19:31:00,19,24,343
2025-12-26 19:26:00,19,24,343
2025-12-26 19:21:00,20,24,346
2025-12-26 19:16:00,20,24,346
2025-12-26 19:11:00,19,23,345
2025-12-26 19:06:00,18,23,346
2025-12-26 19:01:00,18,22,344
2025-12-26 18:56:00,18,23,344
2025-12-26 18:51:00,18,23,347
2025-12-26 18:46:00,19,23,345
2025-12-26 18:41:00,18,24,349
2025-12-26 18:36:00,17,24,348
2025-12-26 18:31:00,18,24,347
2025-12-26 18:26:00,19,24,345
2025-12-26 18:21:00,19,25,349
2025-12-26 18:16:00,19,25,349
2025-12-26 18:11:00,19,25,343
2025-12-26 18:06:00,19,25,343
2025-12-26 18:01:00,19,25,335
2025-12-26 17:56:00,19,25,335
2025-12-26 17:51:00,19,25,336
2025-12-26 17:46:00,20,25,335
2025-12-26 17:41:00,18,24,339
2025-12-26 17:36:00,18,24,339
2025-12-26 17:31:00,18,24,340
2025-12-26 17:26:00,17,24,343
2025-12-26 17:21:00,17,24,348
2025-12-26 17:16:00,17,24,352
2025-12-26 17:11:00,18,24,345
2025-12-26 17:06:00,17,24,336
2025-12-26 17:01:00,17,24,333
2025-12-26 16:56:00,18,24,336
2025-12-26 16:46:00,19,25,333
2025-12-26 16:41:00,19,25,333
2025-12-26 16:36:00,19,25,333
2025-12-26 16:31:00,20,25,332
2025-12-26 16:26:00,21,25,335
2025-12-26 16:21:00,21,26,332
2025-12-26 16:16:00,20,26,330
2025-12-26 16:11:00,19,26,340
2025-12-26 16:06:00,20,29,343
2025-12-26 16:01:00,22,29,346
2025-12-26 15:56:00,22,29,346
2025-12-26 15:51:00,23,29,347
2025-12-26 15:46:00,21,29,342
2025-12-26 15:41:00,20,25,339
2025-12-26 15:36:00,20,25,337
2025-12-26 15:31:00,18,24,337
2025-12-26 15:26:00,19,26,332
2025-12-26 15:21:00,19,26,331
2025-12-26 15:16:00,21,26,339
2025-12-26 15:11:00,22,28,344
2025-12-26 15:06:00,21,28,341
2025-12-26 15:01:00,21,28,341
2025-12-26 14:56:00,22,29,342
2025-12-26 14:51:00,22,29,347
2025-12-26 14:46:00,21,29,350
2025-12-26 14:41:00,21,28,350
2025-12-26 14:36:00,22,28,351
2025-12-26 14:31:00,22,28,349
2025-12-26 14:26:00,20,27,348
2025-12-26 14:21:00,20,27,344
2025-12-26 14:16:00,20,27,344
2025-12-26 14:11:00,19,27,340
2025-12-26 14:06:00,20,26,337
2025-12-26 14:01:00,18,27,336
2025-12-26 13:56:00,20,27,340
2025-12-26 13:51:00,19,27,340
2025-12-26 13:46:00,21,28,342
2025-12-26 13:41:00,21,28,342
2025-12-26 13:36:00,22,28,343
2025-12-26 13:31:00,22,28,343
2025-12-26 13:26:00,21,27,351
2025-12-26 13:21:00,21,27,351
2025-12-26 13:16:00,20,27,342
2025-12-26 13:11:00,20,26,340
2025-12-26 13:06:00,20,26,340
2025-12-26 13:01:00,20,26,340
2025-12-26 12:56:00,21,27,345
2025-12-26 12:51:00,22,28,345
2025-12-26 12:46:00,22,28,345
2025-12-26 12:41:00,23,29,341
2025-12-26 12:36:00,23,29,341
2025-12-26 12:31:00,23,29,344
2025-12-26 12:26:00,24,31,347
2025-12-26 12:21:00,24,31,349
2025-12-26 12:11:00,24,31,354
2025-12-26 12:06:00,24,31,348
2025-12-26 12:01:00,24,31,348
2025-12-26 11:56:00,24,30,351
2025-12-26 11:51:00,24,30,351
2025-12-26 11:46:00,24,30,351
2025-12-26 11:41:00,25,30,353
2025-12-26 11:36:00,24,31,351
2025-12-26 11:31:00,25,31,353
2025-12-26 11:26:00,25,31,355
2025-12-26 11:21:00,25,31,355
2025-12-26 11:16:00,23,29,352
2025-12-26 11:11:00,23,29,352
2025-12-26 11:06:00,23,29,352
2025-12-26 11:01:00,24,29,353
2025-12-26 10:56:00,25,29,354
2025-12-26 10:51:00,23,32,344
2025-12-26 10:46:00,24,32,342
2025-12-26 10:41:00,25,32,341
2025-12-26 10:36:00,24,31,340
2025-12-26 10:31:00,25,32,349
2025-12-26 10:26:00,24,32,346
2025-12-26 10:21:00,25,32,346
2025-12-26 10:16:00,24,32,347
2025-12-26 10:11:00,24,32,347
2025-12-26 10:06:00,24,32,347
2025-12-26 10:01:00,24,32,347
2025-12-26 09:56:00,26,32,337
2025-12-26 09:51:00,26,32,337
2025-12-26 09:46:00,26,33,334
2025-12-26 09:41:00,27,34,336
2025-12-26 09:36:00,27,34,336
2025-12-26 09:31:00,28,34,339
2025-12-26 09:26:00,28,34,339
2025-12-26 09:21:00,28,33,339
2025-12-26 09:16:00,28,33,339
2025-12-26 09:11:00,28,34,339
2025-12-26 09:06:00,28,34,346
2025-12-26 09:01:00,28,34,346
2025-12-26 08:56:00,28,35,345
2025-12-26 08:51:00,29,35,344
2025-12-26 08:46:00,29,35,344
2025-12-26 08:41:00,29,37,345
2025-12-26 08:36:00,29,37,342
2025-12-26 08:31:00,29,37,342
2025-12-26 08:26:00,28,37,344
2025-12-26 08:21:00,28,34,347
2025-12-26 08:16:00,28,34,346
2025-12-26 08:11:00,28,35,346
2025-12-26 08:06:00,28,35,346
2025-12-26 08:01:00,28,37,347
2025-12-26 07:56:00,29,37,345
2025-12-26 07:51:00,30,37,343
2025-12-26 07:46:00,30,37,346
2025-12-26 07:41:00,30,39,345
2025-12-26 07:36:00,31,39,345
2025-12-26 07:31:00,31,39,345
2025-12-26 07:26:00,31,39,342
2025-12-26 07:21:00,33,47,330
2025-12-26 07:16:00,33,47,330
2025-12-26 07:11:00,33,47,330
2025-12-26 07:06:00,33,47,330
2025-12-26 07:01:00,33,47,330
2025-12-26 06:56:00,33,47,325
2025-12-26 06:51:00,33,47,325
2025-12-26 06:46:00,37,47,278
2025-12-26 06:41:00,38,47,274
2025-12-26 06:36:00,38,47,274
2025-12-26 06:31:00,36,46,272
2025-12-26 06:26:00,36,46,269
2025-12-26 06:21:00,34,43,267
2025-12-26 06:16:00,34,43,267
2025-12-26 06:11:00,34,43,267
2025-12-26 06:06:00,34,43,268
2025-12-26 06:01:00,35,43,268
2025-12-26 05:56:00,35,43,269
2025-12-26 05:51:00,34,43,268
2025-12-26 05:46:00,34,43,269
2025-12-26 05:41:00,32,42,268
2025-12-26 05:36:00,32,43,269
2025-12-26 05:31:00,34,43,270
2025-12-26 05:26:00,34,43,268
2025-12-26 05:21:00,33,40,269
2025-12-26 05:16:00,33,43,267
2025-12-26 05:06:00,34,43,267
2025-12-26 05:01:00,34,43,267
2025-12-26 04:56:00,34,43,267
2025-12-26 04:51:00,34,43,264
2025-12-26 04:46:00,32,42,262
2025-12-26 04:41:00,33,42,261
2025-12-26 04:36:00,34,42,260
2025-12-26 04:31:00,34,42,260
2025-12-26 04:26:00,34,42,259
2025-12-26 04:21:00,34,42,259
2025-12-26 04:16:00,33,42,260
2025-12-26 04:11:00,33,41,258
2025-12-26 04:06:00,34,41,256
2025-12-26 04:01:00,34,41,256
2025-12-26 03:56:00,33,41,255
2025-12-26 03:51:00,32,40,254
2025-12-26 03:46:00,32,40,254
2025-12-26 03:41:00,32,40,254
2025-12-26 03:36:00,32,40,254
2025-12-26 03:31:00,32,40,254
2025-12-26 03:26:00,32,40,254
2025-12-26 03:21:00,32,40,254
2025-12-26 03:16:00,32,40,253
2025-12-26 03:06:00,32,40,253
2025-12-26 03:01:00,32,40,253
2025-12-26 02:56:00,32,40,253
2025-12-26 02:51:00,30,37,254
2025-12-26 02:46:00,30,40,254
2025-12-26 02:41:00,30,40,254
2025-12-26 02:36:00,30,40,254
2025-12-26 02:31:00,30,40,254
2025-12-26 02:26:00,29,40,257
2025-12-26 02:21:00,29,40,257
2025-12-26 02:16:00,29,40,257
2025-12-26 02:11:00,29,40,257
2025-12-26 02:06:00,29,37,255
2025-12-26 02:01:00,29,37,255
2025-12-26 01:56:00,29,36,251
2025-12-26 01:51:00,29,36,251
2025-12-26 01:46:00,29,36,252
2025-12-26 01:41:00,28,36,253
2025-12-26 01:36:00,28,36,253
2025-12-26 01:31:00,28,35,256
2025-12-26 01:26:00,28,35,257
2025-12-26 01:21:00,29,34,252
2025-12-26 01:16:00,28,34,252
2025-12-26 01:11:00,27,34,250
2025-12-26 01:06:00,27,34,250
2025-12-26 01:01:00,28,34,253
2025-12-26 00:56:00,27,32,256
2025-12-26 00:51:00,26,32,252
2025-12-26 00:46:00,26,32,252
2025-12-26 00:41:00,25,33,251
2025-12-26 00:36:00,25,33,252
2025-12-26 00:31:00,25,33,252
2025-12-26 00:26:00,26,33,251
2025-12-26 00:21:00,26,33,250
2025-12-26 00:16:00,25,32,253
2025-12-26 00:11:00,25,32,256
2025-12-26 00:06:00,25,32,262
2025-12-26 00:01:00,25,32,262
2025-12-25 23:56:00,26,33,262
2025-12-25 23:51:00,26,33,265
2025-12-25 23:46:00,26,33,265
2025-12-25 23:41:00,26,33,265
2025-12-25 23:36:00,25,32,258
2025-12-25 23:31:00,25,32,256
2025-12-25 23:26:00,24,31,260
2025-12-25 23:21:00,26,31,261
2025-12-25 23:16:00,26,31,261
2025-12-25 23:11:00,26,30,258
2025-12-25 23:06:00,23,29,251
2025-12-25 23:01:00,23,29,251
2025-12-25 22:56:00,24,29,252
2025-12-25 22:51:00,22,28,265
2025-12-25 22:46:00,22,28,265
2025-12-25 22:31:00,21,28,263
2025-12-25 22:26:00,20,26,261
2025-12-25 22:21:00,21,26,264
2025-12-25 22:16:00,20,25,269
2025-12-25 22:11:00,20,25,269
2025-12-25 22:06:00,20,25,269
2025-12-25 22:01:00,20,25,270
2025-12-25 21:56:00,20,25,270
2025-12-25 21:51:00,19,25,270
2025-12-25 21:46:00,19,25,270
2025-12-25 21:41:00,19,25,273
2025-12-25 21:36:00,19,25,273
2025-12-25 21:31:00,20,25,274
2025-12-25 21:26:00,18,24,272
2025-12-25 21:21:00,18,24,272
2025-12-25 21:16:00,19,24,259
2025-12-25 21:11:00,19,24,259
2025-12-25 21:06:00,18,23,257
2025-12-25 21:01:00,16,22,259
2025-12-25 20:56:00,17,22,262
2025-12-25 20:51:00,16,21,265
2025-12-25 20:46:00,16,21,265
2025-12-25 20:41:00,15,20,270
2025-12-25 20:36:00,15,20,270
2025-12-25 20:31:00,16,20,274
2025-12-25 20:26:00,16,20,269
2025-12-25 20:21:00,15,19,267
2025-12-25 20:11:00,13,17,269
2025-12-25 20:06:00,13,17,273
2025-12-25 20:01:00,14,17,274
2025-12-25 19:56:00,14,18,278
2025-12-25 19:51:00,14,25,286
2025-12-25 19:46:00,14,25,287
2025-12-25 19:41:00,15,25,286
2025-12-25 19:36:00,14,25,287
2025-12-25 19:31:00,14,24,295
2025-12-25 19:26:00,14,24,294
2025-12-25 19:21:00,14,24,292
2025-12-25 19:16:00,14,24,302
2025-12-25 19:11:00,14,20,306
2025-12-25 19:06:00,15,20,300
2025-12-25 19:01:00,15,20,300
2025-12-25 18:56:00,16,20,299
2025-12-25 18:51:00,15,19,294
2025-12-25 18:46:00,15,19,297
2025-12-25 18:41:00,14,20,302
2025-12-25 18:36:00,14,23,302
2025-12-25 18:31:00,15,23,299
2025-12-25 18:26:00,17,23,300
2025-12-25 18:21:00,13,18,308
2025-12-25 18:16:00,13,18,308
2025-12-25 18:11:00,12,18,300
2025-12-25 18:06:00,9,14,282
2025-12-25 18:01:00,9,14,282
2025-12-25 17:56:00,9,14,285
2025-12-25 17:51:00,9,16,305
2025-12-25 17:46:00,9,16,305
2025-12-25 17:41:00,11,16,309
2025-12-25 17:36:00,11,16,309
2025-12-25 17:31:00,8,15,311
2025-12-25 17:26:00,8,15,311
2025-12-25 17:21:00,9,15,304
2025-12-25 17:16:00,10,15,310
2025-12-25 17:11:00,10,14,308
2025-12-25 17:06:00,9,12,305
2025-12-25 17:01:00,8,11,307
2025-12-25 16:56:00,7,11,309
2025-12-25 16:51:00,8,13,311
2025-12-25 16:46:00,9,13,313
2025-12-25 16:41:00,9,13,311
2025-12-25 16:36:00,8,13,312
2025-12-25 16:31:00,8,13,313
2025-12-25 16:26:00,8,15,294
2025-12-25 16:21:00,8,15,294
2025-12-25 16:16:00,9,15,313
2025-12-25 16:11:00,10,15,322
2025-12-25 16:06:00,10,15,327
2025-12-25 16:01:00,11,17,320
2025-12-25 15:56:00,11,17,320
2025-12-25 15:51:00,12,17,323
2025-12-25 15:46:00,12,17,336
2025-12-25 15:41:00,12,17,337
2025-12-25 15:36:00,12,17,337
2025-12-25 15:31:00,13,17,324
2025-12-25 15:26:00,13,17,324
2025-12-25 15:21:00,13,17,331
2025-12-25 15:16:00,12,16,328
2025-12-25 15:11:00,12,16,328
2025-12-25 15:06:00,12,16,338
2025-12-25 15:01:00,13,16,345
2025-12-25 14:56:00,13,16,336
2025-12-25 14:51:00,13,16,327
2025-12-25 14:46:00,13,16,334
2025-12-25 14:41:00,11,16,340
2025-12-25 14:36:00,10,16,336
2025-12-25 14:31:00,11,16,336
2025-12-25 14:26:00,12,17,337
2025-12-25 14:21:00,11,17,344
2025-12-25 14:16:00,11,17,348
2025-12-25 14:11:00,12,17,337
2025-12-25 14:06:00,12,17,334
2025-12-25 14:01:00,10,16,338
2025-12-25 13:56:00,11,16,344
2025-12-25 13:51:00,11,16,349
2025-12-25 13:46:00,11,16,354
2025-12-25 13:41:00,10,15,0
2025-12-25 13:36:00,10,16,359
2025-12-25 13:31:00,11,20,356
2025-12-25 13:26:00,13,20,352
2025-12-25 13:21:00,15,20,350
2025-12-25 13:16:00,15,20,352
2025-12-25 13:11:00,14,19,350
2025-12-25 13:06:00,13,20,356
2025-12-25 13:01:00,14,22,3
2025-12-25 12:56:00,15,22,0
2025-12-25 12:51:00,16,22,4
2025-12-25 12:46:00,16,22,1
2025-12-25 12:41:00,15,20,359
2025-12-25 12:36:00,14,19,1
2025-12-25 12:31:00,15,20,356
2025-12-25 12:26:00,15,21,355
2025-12-25 12:21:00,15,21,355
2025-12-25 12:16:00,16,22,354
2025-12-25 12:11:00,17,22,356
2025-12-25 12:06:00,18,22,358
2025-12-25 12:01:00,17,24,357
2025-12-25 11:56:00,16,24,358
2025-12-25 11:51:00,18,24,1
2025-12-25 11:46:00,18,24,1
2025-12-25 11:41:00,18,22,0
2025-12-25 11:36:00,17,23,359
2025-12-25 11:31:00,17,23,0
2025-12-25 11:26:00,17,23,2
2025-12-25 11:21:00,18,24,4
2025-12-25 11:16:00,18,24,0
2025-12-25 11:11:00,19,24,357
2025-12-25 11:06:00,19,24,4
2025-12-25 11:01:00,18,24,6
2025-12-25 10:56:00,18,26,358
2025-12-25 10:51:00,19,26,0
2025-12-25 10:46:00,19,26,0
2025-12-25 10:41:00,21,26,9
2025-12-25 10:36:00,21,26,9
2025-12-25 10:31:00,21,26,9
2025-12-25 10:26:00,21,26,12
2025-12-25 10:21:00,21,26,10
2025-12-25 10:16:00,21,26,12
2025-12-25 10:11:00,21,28,5
2025-12-25 10:06:00,21,28,5
2025-12-25 09:56:00,21,28,6
2025-12-25 09:41:00,21,27,8
2025-12-25 09:36:00,21,27,8
2025-12-25 09:31:00,21,27,8
2025-12-25 09:26:00,21,27,8
2025-12-25 09:21:00,22,27,4
2025-12-25 09:16:00,22,30,6
2025-12-25 09:11:00,23,31,6
2025-12-25 09:06:00,23,31,6
2025-12-25 08:56:00,23,30,6
2025-12-25 08:51:00,23,30,6
2025-12-25 08:46:00,23,30,6
2025-12-25 08:41:00,24,32,5
2025-12-25 08:36:00,24,32,3
2025-12-25 08:31:00,24,32,359
2025-12-25 08:16:00,23,31,356
2025-12-25 08:11:00,23,31,356
2025-12-25 08:06:00,23,31,356
2025-12-25 08:01:00,24,33,353
2025-12-25 07:56:00,24,33,353
2025-12-25 07:51:00,25,33,354
2025-12-25 07:41:00,25,31,6
2025-12-25 07:36:00,25,31,6
2025-12-25 07:31:00,25,31,6
2025-12-25 07:26:00,24,31,5
2025-12-25 07:21:00,24,30,0
2025-12-25 07:16:00,24,30,0
2025-12-25 07:11:00,23,33,358
2025-12-25 07:06:00,23,33,358
2025-12-25 07:01:00,23,33,358
2025-12-25 06:46:00,25,32,2
2025-12-25 06:41:00,25,32,2
2025-12-25 06:36:00,25,32,2
2025-12-25 06:31:00,26,32,1
2025-12-25 06:26:00,26,32,1
2025-12-25 06:21:00,25,32,0
2025-12-25 06:16:00,25,31,1
2025-12-25 06:11:00,24,31,4
2025-12-25 06:06:00,25,32,5
2025-12-25 06:01:00,26,35,359
2025-12-25 05:56:00,26,35,359
2025-12-25 05:51:00,26,35,353
2025-12-25 05:46:00,26,35,353
2025-12-25 05:41:00,27,35,358
2025-12-25 05:36:00,27,35,358
2025-12-25 05:31:00,27,35,358
2025-12-25 05:26:00,26,33,354
2025-12-25 05:21:00,26,33,354
2025-12-25 05:16:00,26,33,354
2025-12-25 05:11:00,26,35,349
2025-12-25 05:06:00,26,35,349
2025-12-25 05:01:00,26,35,349
2025-12-25 04:56:00,28,35,348
2025-12-25 04:51:00,28,36,355
2025-12-25 04:46:00,28,36,355
2025-12-25 04:41:00,28,36,355
2025-12-25 04:36:00,27,35,356
2025-12-25 04:31:00,27,35,356
2025-12-25 04:26:00,26,34,350
2025-12-25 04:21:00,27,35,351
2025-12-25 04:16:00,27,35,351
2025-12-25 04:11:00,27,35,351
2025-12-25 04:06:00,28,39,350
2025-12-25 04:01:00,28,39,350
2025-12-25 03:56:00,28,39,350
2025-12-25 03:51:00,29,36,348
2025-12-25 03:46:00,29,36,348
2025-12-25 03:41:00,28,37,344
2025-12-25 03:36:00,28,37,344
2025-12-25 03:31:00,27,37,345
2025-12-25 03:26:00,29,36,343
2025-12-25 03:21:00,29,36,343
2025-12-25 03:16:00,29,36,343
2025-12-25 03:06:00,27,36,345
2025-12-25 03:01:00,27,36,345
2025-12-25 02:56:00,27,36,345
2025-12-25 02:51:00,27,36,343
2025-12-25 02:46:00,28,36,341
2025-12-25 02:41:00,28,37,339
2025-12-25 02:36:00,28,38,336
2025-12-25 02:31:00,30,41,336
2025-12-25 02:26:00,30,41,336
2025-12-25 02:21:00,31,41,336
2025-12-25 02:16:00,30,41,337
2025-12-25 02:11:00,30,39,341
2025-12-25 02:06:00,31,39,335
2025-12-25 02:01:00,31,39,335
2025-12-25 01:56:00,29,39,338
2025-12-25 01:51:00,29,39,346
2025-12-25 01:46:00,29,39,340
2025-12-25 01:41:00,29,39,334
2025-12-25 01:36:00,30,39,334
2025-12-25 01:31:00,30,39,331
2025-12-25 01:26:00,29,39,332
2025-12-25 01:21:00,29,36,336
2025-12-25 01:16:00,29,37,338
2025-12-25 01:11:00,30,38,342
2025-12-25 01:06:00,30,38,343
2025-12-25 01:01:00,30,38,339
2025-12-25 00:56:00,30,39,335
2025-12-25 00:51:00,30,39,335
2025-12-25 00:46:00,30,39,333
2025-12-25 00:41:00,28,39,332
2025-12-25 00:36:00,28,38,335
2025-12-25 00:31:00,30,40,334
2025-12-25 00:26:00,31,40,336
2025-12-25 00:21:00,32,40,342
2025-12-25 00:16:00,32,40,342
2025-12-25 00:11:00,30,39,340
2025-12-25 00:06:00,29,38,338
2025-12-25 00:01:00,29,38,337
2025-12-24 23:56:00,28,36,335
2025-12-24 23:51:00,28,36,335
2025-12-24 23:46:00,29,39,340
2025-12-24 23:41:00,30,39,331
2025-12-24 23:36:00,30,39,331
2025-12-24 23:26:00,31,39,327
2025-12-24 23:21:00,30,40,328
2025-12-24 23:16:00,29,40,334
2025-12-24 23:11:00,30,40,335
2025-12-24 23:06:00,31,40,333
2025-12-24 23:01:00,30,40,333
2025-12-24 22:56:00,30,40,336
2025-12-24 22:51:00,32,40,339
2025-12-24 22:46:00,31,40,336
2025-12-24 22:41:00,31,39,330
2025-12-24 22:36:00,31,39,330
2025-12-24 22:26:00,32,40,327
2025-12-24 22:21:00,32,40,327
2025-12-24 22:16:00,32,40,327
2025-12-24 22:11:00,30,42,329
2025-12-24 22:06:00,31,42,325
2025-12-24 22:01:00,33,42,323
2025-12-24 21:56:00,33,42,325
2025-12-24 21:51:00,34,41,326
2025-12-24 21:46:00,34,41,326
2025-12-24 21:41:00,34,41,328
2025-12-24 21:36:00,34,41,329
2025-12-24 21:31:00,33,41,328
2025-12-24 21:21:00,32,43,329
2025-12-24 21:16:00,32,43,329
2025-12-24 21:11:00,32,43,329
2025-12-24 21:06:00,32,43,330
2025-12-24 21:01:00,33,43,328
2025-12-24 20:56:00,35,43,325
2025-12-24 20:51:00,33,41,323
2025-12-24 20:46:00,33,42,322
2025-12-24 20:41:00,34,42,320
2025-12-24 20:36:00,34,42,320
2025-12-24 20:31:00,30,39,321
2025-12-24 20:26:00,30,39,321
2025-12-24 20:21:00,30,39,322
2025-12-24 20:16:00,30,39,322
2025-12-24 20:11:00,31,39,323
2025-12-24 20:06:00,31,39,323
2025-12-24 20:01:00,31,38,325
2025-12-24 19:56:00,31,40,324
2025-12-24 19:51:00,31,40,324
2025-12-24 19:46:00,31,40,324
2025-12-24 19:41:00,31,40,322
2025-12-24 19:36:00,31,40,322
2025-12-24 19:31:00,31,40,322
2025-12-24 19:26:00,29,39,325
2025-12-24 19:21:00,27,35,323
2025-12-24 19:11:00,30,49,310
2025-12-24 19:06:00,30,49,310
2025-12-24 19:01:00,30,49,310
2025-12-24 18:56:00,29,49,290
2025-12-24 18:51:00,26,32,279
2025-12-24 18:46:00,25,31,280
2025-12-24 18:41:00,24,31,281
2025-12-24 18:36:00,24,32,279
2025-12-24 18:31:00,25,32,281
2025-12-24 18:26:00,26,32,284
2025-12-24 18:21:00,25,32,282
2025-12-24 18:16:00,24,31,282
2025-12-24 18:11:00,24,31,284
2025-12-24 18:06:00,24,31,281
2025-12-24 18:01:00,23,31,277
2025-12-24 17:56:00,23,27,277
2025-12-24 17:51:00,23,27,278
2025-12-24 17:46:00,22,27,278
2025-12-24 17:41:00,22,26,278
2025-12-24 17:36:00,21,27,280
2025-12-24 17:31:00,21,27,283
2025-12-24 17:26:00,22,27,284
2025-12-24 17:21:00,22,27,284
2025-12-24 17:16:00,21,27,285
2025-12-24 17:11:00,21,27,284
2025-12-24 17:06:00,22,27,283
2025-12-24 17:01:00,21,27,284
2025-12-24 16:56:00,21,26,287
2025-12-24 16:51:00,22,26,289
2025-12-24 16:46:00,22,26,291
2025-12-24 16:41:00,22,26,293
2025-12-24 16:36:00,22,26,294
2025-12-24 16:31:00,22,27,294
2025-12-24 16:26:00,23,27,296
2025-12-24 16:21:00,22,27,299
2025-12-24 16:16:00,21,27,302
2025-12-24 16:11:00,21,26,302
2025-12-24 16:06:00,20,25,301
2025-12-24 16:01:00,20,24,303
2025-12-24 15:56:00,20,26,299
2025-12-24 15:51:00,20,26,296
2025-12-24 15:46:00,20,26,298
2025-12-24 15:41:00,21,26,298
2025-12-24 15:36:00,21,26,298
2025-12-24 15:31:00,21,26,299
2025-12-24 15:26:00,21,26,301
2025-12-24 15:21:00,21,26,301
2025-12-24 15:16:00,21,26,301
2025-12-24 15:11:00,21,25,306
2025-12-24 15:06:00,21,25,309
2025-12-24 15:01:00,20,24,312
2025-12-24 14:56:00,20,25,312
2025-12-24 14:51:00,20,27,310
2025-12-24 14:46:00,20,27,315
2025-12-24 14:41:00,21,26,315
2025-12-24 14:36:00,21,26,315
2025-12-24 14:31:00,21,26,315
2025-12-24 14:26:00,21,27,312
2025-12-24 14:21:00,21,27,312
2025-12-24 14:16:00,22,27,315
2025-12-24 14:11:00,22,27,317
2025-12-24 14:06:00,22,26,318
2025-12-24 14:01:00,21,27,318
2025-12-24 13:56:00,21,27,313
2025-12-24 13:51:00,20,27,308
2025-12-24 13:46:00,20,27,307
2025-12-24 13:41:00,19,25,307
2025-12-24 13:36:00,20,25,311
2025-12-24 13:31:00,21,25,302
2025-12-24 13:26:00,21,25,302
2025-12-24 13:21:00,20,25,297
2025-12-24 13:16:00,21,25,298
2025-12-24 13:11:00,20,25,299
2025-12-24 13:06:00,20,25,301
2025-12-24 13:01:00,20,25,302
2025-12-24 12:56:00,20,26,301
2025-12-24 12:51:00,20,26,301
2025-12-24 12:46:00,20,26,301
2025-12-24 12:41:00,21,26,302
2025-12-24 12:36:00,21,26,303
2025-12-24 12:31:00,21,29,303
2025-12-24 12:26:00,22,29,301
2025-12-24 12:21:00,23,29,298
2025-12-24 12:16:00,24,29,296
2025-12-24 12:11:00,22,28,295
2025-12-24 12:06:00,22,27,292
2025-12-24 12:01:00,21,27,290
2025-12-24 11:56:00,21,27,290
2025-12-24 11:51:00,20,27,283
2025-12-24 11:46:00,20,27,283
2025-12-24 11:41:00,21,27,285
2025-12-24 11:36:00,21,27,285
2025-12-24 11:31:00,21,28,284
2025-12-24 11:26:00,23,31,280
2025-12-24 11:21:00,24,31,279
2025-12-24 11:16:00,26,33,279
2025-12-24 11:11:00,26,33,279
2025-12-24 11:06:00,27,33,277
2025-12-24 11:01:00,27,33,277
2025-12-24 10:56:00,26,31,279
2025-12-24 10:51:00,25,31,279
2025-12-24 10:46:00,25,31,279
2025-12-24 10:41:00,24,34,280
2025-12-24 10:36:00,25,41,278
2025-12-24 10:31:00,25,41,278
2025-12-24 10:26:00,30,42,276
2025-12-24 10:21:00,30,42,276
2025-12-24 10:16:00,31,42,274
2025-12-24 10:11:00,31,42,274
2025-12-24 10:06:00,31,40,255
2025-12-24 10:01:00,32,40,251
2025-12-24 09:56:00,31,40,249
2025-12-24 09:51:00,31,40,249
2025-12-24 09:46:00,31,40,250
2025-12-24 09:41:00,32,40,249
2025-12-24 09:36:00,31,39,249
2025-12-24 09:31:00,31,39,249
2025-12-24 09:26:00,31,42,252
2025-12-24 09:21:00,31,42,252
2025-12-24 09:16:00,33,42,249
2025-12-24 09:11:00,33,42,249
2025-12-24 09:06:00,31,39,244
2025-12-24 09:01:00,31,39,244
2025-12-24 08:56:00,32,42,251
2025-12-24 08:51:00,32,42,251
2025-12-24 08:46:00,33,42,251
2025-12-24 08:41:00,33,42,251
2025-12-24 08:36:00,32,39,244
2025-12-24 08:31:00,32,39,244
2025-12-24 08:26:00,31,39,243
2025-12-24 08:21:00,31,39,243
2025-12-24 08:16:00,31,39,243
2025-12-24 08:06:00,31,42,244
2025-12-24 08:01:00,31,42,244
2025-12-24 07:56:00,31,42,244
2025-12-24 07:51:00,31,42,244
2025-12-24 07:46:00,33,40,240
2025-12-24 07:41:00,33,40,240
2025-12-24 07:36:00,33,40,240
2025-12-24 07:31:00,31,39,242
2025-12-24 07:26:00,31,39,242
2025-12-24 07:21:00,31,39,243
2025-12-24 07:16:00,30,39,243
2025-12-24 07:11:00,30,39,243
2025-12-24 07:06:00,30,39,243
2025-12-24 07:01:00,31,40,243
2025-12-24 06:56:00,31,39,242
2025-12-24 06:46:00,31,39,242
2025-12-24 06:41:00,31,39,242
2025-12-24 06:36:00,31,38,238
2025-12-24 06:31:00,31,38,238
2025-12-24 06:26:00,30,37,241
2025-12-24 06:21:00,30,37,241
2025-12-24 06:16:00,30,37,241
2025-12-24 06:11:00,30,37,241
2025-12-24 06:06:00,29,38,241
2025-12-24 06:01:00,29,38,241
2025-12-24 05:56:00,29,38,241
2025-12-24 05:51:00,30,39,237
2025-12-24 05:46:00,30,39,237
2025-12-24 05:41:00,30,39,237
2025-12-24 05:36:00,30,39,236
2025-12-24 05:31:00,30,39,237
2025-12-24 05:26:00,30,37,238
2025-12-24 05:21:00,30,37,238
2025-12-24 05:16:00,30,37,238
2025-12-24 05:11:00,30,37,238
2025-12-24 05:06:00,30,38,235
2025-12-24 05:01:00,30,38,235
2025-12-24 04:56:00,30,38,235
2025-12-24 04:51:00,28,38,235
2025-12-24 04:46:00,29,37,237
2025-12-24 04:41:00,29,37,237
2025-12-24 04:36:00,29,36,236
2025-12-24 04:31:00,29,36,236
2025-12-24 04:26:00,29,38,230
2025-12-24 04:16:00,29,38,228
2025-12-24 04:11:00,30,38,231
2025-12-24 04:06:00,29,37,232
2025-12-24 04:01:00,29,37,232
2025-12-24 03:56:00,28,34,229
2025-12-24 03:46:00,27,35,230
2025-12-24 03:41:00,27,35,230
2025-12-24 03:36:00,27,35,231
2025-12-24 03:31:00,27,35,231
2025-12-24 03:26:00,26,34,231
2025-12-24 03:21:00,26,34,231
2025-12-24 03:16:00,26,33,228
2025-12-24 03:11:00,26,33,228
2025-12-24 03:06:00,26,33,228
2025-12-24 03:01:00,25,30,228
2025-12-24 02:56:00,24,30,229
2025-12-24 02:51:00,24,30,229
2025-12-24 02:46:00,24,30,226
2025-12-24 02:41:00,24,30,226
2025-12-24 02:36:00,24,30,225
2025-12-24 02:31:00,24,30,225
2025-12-24 02:26:00,24,30,224
2025-12-24 02:21:00,24,30,224
2025-12-24 02:16:00,24,29,223
2025-12-24 02:11:00,24,29,221
2025-12-24 02:06:00,23,29,224
2025-12-24 02:01:00,23,29,224
2025-12-24 01:56:00,22,28,226
2025-12-24 01:51:00,22,28,226
2025-12-24 01:46:00,22,28,223
2025-12-24 01:41:00,22,28,223
2025-12-24 01:36:00,21,26,225
2025-12-24 01:31:00,21,26,225
2025-12-24 01:26:00,21,26,224
2025-12-24 01:21:00,21,26,224
2025-12-24 01:16:00,20,26,221
2025-12-24 01:11:00,20,26,219
2025-12-24 01:06:00,20,26,217
2025-12-24 01:01:00,20,26,217
2025-12-24 00:56:00,20,26,221
2025-12-24 00:51:00,19,26,221
2025-12-24 00:46:00,20,24,224
2025-12-24 00:41:00,20,24,224
2025-12-24 00:36:00,17,22,223
2025-12-24 00:31:00,17,22,223
2025-12-24 00:26:00,16,22,216
2025-12-24 00:21:00,16,21,213
2025-12-24 00:16:00,16,21,217
2025-12-24 00:11:00,16,21,217
2025-12-24 00:06:00,16,20,219
2025-12-24 00:01:00,16,20,215
2025-12-23 23:56:00,16,20,213
2025-12-23 23:51:00,16,20,213
2025-12-23 23:46:00,16,19,215
2025-12-23 23:41:00,16,19,215
2025-12-23 23:36:00,15,19,210
2025-12-23 23:31:00,15,19,210
2025-12-23 23:26:00,15,17,209
2025-12-23 23:21:00,15,17,209
2025-12-23 23:11:00,14,18,203
2025-12-23 23:06:00,15,18,204
2025-12-23 23:01:00,16,18,209
2025-12-23 22:56:00,15,18,211
2025-12-23 22:51:00,15,18,209
2025-12-23 22:46:00,13,17,206
2025-12-23 22:41:00,13,17,206
2025-12-23 22:36:00,14,18,207
2025-12-23 22:31:00,14,18,207
2025-12-23 22:26:00,13,18,210
2025-12-23 22:21:00,13,18,210
2025-12-23 22:16:00,13,17,209
2025-12-23 22:11:00,13,17,209
2025-12-23 22:06:00,12,17,203
2025-12-23 22:01:00,12,17,203
2025-12-23 21:56:00,12,16,205
2025-12-23 21:51:00,12,16,205
2025-12-23 21:46:00,12,16,199
2025-12-23 21:41:00,12,16,199
2025-12-23 21:36:00,12,15,196
2025-12-23 21:31:00,12,16,193
2025-12-23 21:26:00,12,16,194
2025-12-23 21:21:00,12,16,195
2025-12-23 21:16:00,10,13,195
2025-12-23 21:11:00,10,13,195
2025-12-23 21:06:00,9,13,194
2025-12-23 21:01:00,9,13,194
2025-12-23 20:56:00,9,13,194
2025-12-23 20:51:00,9,12,195
2025-12-23 20:46:00,8,12,188
2025-12-23 20:41:00,8,12,188
2025-12-23 20:36:00,8,11,193
2025-12-23 20:31:00,8,11,193
2025-12-23 20:26:00,7,11,190
2025-12-23 20:21:00,7,9,186
2025-12-23 20:16:00,6,9,188
2025-12-23 20:11:00,6,9,188
2025-12-23 20:06:00,5,9,197
2025-12-23 20:01:00,6,9,207
2025-12-23 19:56:00,6,9,209
2025-12-23 19:51:00,4,9,222
2025-12-23 19:46:00,5,9,218
2025-12-23 19:41:00,5,9,212
2025-12-23 19:36:00,3,7,202
2025-12-23 19:31:00,3,7,202
2025-12-23 19:26:00,2,7,227
2025-12-23 19:21:00,3,7,278
2025-12-23 19:16:00,3,5,259
2025-12-23 19:11:00,3,5,259
2025-12-23 19:06:00,3,5,259
2025-12-23 19:01:00,3,5,257
2025-12-23 18:56:00,2,4,216
2025-12-23 18:51:00,2,4,216
2025-12-23 18:46:00,2,4,216
2025-12-23 18:41:00,2,4,196
2025-12-23 18:36:00,2,4,280
2025-12-23 18:31:00,2,4,280
2025-12-23 18:26:00,3,5,316
2025-12-23 18:21:00,3,5,316
2025-12-23 18:16:00,3,5,350
2025-12-23 18:11:00,2,5,10
2025-12-23 18:06:00,2,4,289
2025-12-23 18:01:00,2,4,289
2025-12-23 17:56:00,1,4,346
2025-12-23 17:51:00,1,4,346
2025-12-23 17:46:00,2,6,332
2025-12-23 17:41:00,2,6,321
2025-12-23 17:36:00,3,6,334
2025-12-23 17:31:00,3,6,334
2025-12-23 17:26:00,3,6,334
2025-12-23 17:21:00,3,6,334
2025-12-23 17:16:00,4,6,347
2025-12-23 17:11:00,4,6,350
2025-12-23 17:06:00,2,5,311
2025-12-23 17:01:00,2,5,311
2025-12-23 16:56:00,2,5,291
2025-12-23 16:51:00,2,6,292
2025-12-23 16:46:00,3,6,325
2025-12-23 16:41:00,3,6,347
2025-12-23 16:31:00,1,3,230
2025-12-23 16:26:00,1,3,230
2025-12-23 16:21:00,1,5,224
2025-12-23 16:16:00,3,6,292
2025-12-23 16:11:00,3,6,292
2025-12-23 16:06:00,3,6,292
2025-12-23 16:01:00,2,4,108
2025-12-23 15:56:00,2,4,108
2025-12-23 15:51:00,0,4,360
2025-12-23 15:46:00,0,4,360
2025-12-23 15:41:00,0,4,360
2025-12-23 15:36:00,2,6,333
2025-12-23 15:31:00,2,6,333
2025-12-23 15:26:00,3,6,342
2025-12-23 15:21:00,4,6,345
2025-12-23 15:16:00,3,6,19
2025-12-23 15:06:00,2,6,32
2025-12-23 14:56:00,3,7,43
2025-12-23 14:46:00,3,7,43
2025-12-23 14:41:00,4,7,15
2025-12-23 14:36:00,4,7,15
2025-12-23 14:31:00,4,10,45
2025-12-23 14:26:00,4,10,45
2025-12-23 14:21:00,4,10,45
2025-12-23 14:16:00,5,10,24
2025-12-23 14:11:00,5,10,24
2025-12-23 14:06:00,6,10,0
2025-12-23 14:01:00,6,9,2
2025-12-23 13:56:00,5,8,13
2025-12-23 13:51:00,5,9,19
2025-12-23 13:46:00,5,9,19
2025-12-23 13:41:00,5,9,30
2025-12-23 13:36:00,5,9,44
2025-12-23 13:31:00,5,10,61
2025-12-23 13:26:00,6,10,68
2025-12-23 13:21:00,6,10,67
2025-12-23 13:16:00,7,10,64
2025-12-23 13:11:00,7,10,49
2025-12-23 13:06:00,6,11,20
2025-12-23 13:01:00,7,11,8
2025-12-23 12:56:00,7,11,29
2025-12-23 12:51:00,7,11,29
2025-12-23 12:36:00,9,14,34
2025-12-23 12:31:00,9,14,34
2025-12-23 12:26:00,9,14,34
2025-12-23 12:21:00,8,14,31
2025-12-23 12:16:00,8,14,30
2025-12-23 12:11:00,8,15,37
2025-12-23 12:06:00,9,16,39
2025-12-23 12:01:00,10,17,30
2025-12-23 11:56:00,12,19,34
2025-12-23 11:51:00,13,19,38
2025-12-23 11:46:00,14,19,39
2025-12-23 11:41:00,14,19,45
2025-12-23 11:36:00,13,19,47
2025-12-23 11:31:00,13,19,39
2025-12-23 11:26:00,13,19,39
2025-12-23 11:21:00,12,19,33
2025-12-23 11:16:00,11,18,28
2025-12-23 11:11:00,13,19,18
2025-12-23 11:06:00,13,19,18
2025-12-23 11:01:00,12,19,17
2025-12-23 10:56:00,13,19,19
2025-12-23 10:51:00,13,19,21
2025-12-23 10:46:00,13,18,16
2025-12-23 10:41:00,13,18,13
2025-12-23 10:36:00,13,18,13
2025-12-23 10:31:00,14,18,18
2025-12-23 10:26:00,13,19,26
2025-12-23 10:21:00,13,19,26
2025-12-23 10:16:00,15,19,26
2025-12-23 10:11:00,15,19,30
2025-12-23 10:06:00,15,19,30
2025-12-23 10:01:00,15,19,30
2025-12-23 09:56:00,15,19,23
2025-12-23 09:51:00,15,19,23
2025-12-23 09:46:00,14,19,21
2025-12-23 09:41:00,15,19,32
2025-12-23 09:36:00,15,19,32
2025-12-23 09:31:00,15,19,32
2025-12-23 09:26:00,16,22,26
2025-12-23 09:21:00,16,22,26
2025-12-23 09:16:00,16,22,26
2025-12-23 09:11:00,17,22,16
2025-12-23 09:06:00,16,22,19
2025-12-23 09:01:00,16,23,23
2025-12-23 08:56:00,16,23,23
2025-12-23 08:51:00,17,23,30
2025-12-23 08:46:00,16,21,25
2025-12-23 08:41:00,15,21,21
2025-12-23 08:36:00,15,21,21
2025-12-23 08:31:00,16,21,23
2025-12-23 08:26:00,16,22,19
2025-12-23 08:21:00,17,23,26
2025-12-23 08:16:00,17,23,26
2025-12-23 08:11:00,17,24,27
2025-12-23 08:06:00,18,24,28
2025-12-23 08:01:00,18,24,28
2025-12-23 07:56:00,18,24,25
2025-12-23 07:51:00,17,23,25
2025-12-23 07:46:00,17,23,27
2025-12-23 07:41:00,17,23,11
2025-12-23 07:36:00,17,23,11
2025-12-23 07:31:00,16,20,14
2025-12-23 07:26:00,15,21,17
2025-12-23 07:21:00,15,21,16
2025-12-23 07:16:00,15,25,19
2025-12-23 07:11:00,15,25,19
2025-12-23 07:06:00,20,27,32
2025-12-23 07:01:00,21,27,29
2025-12-23 06:56:00,21,27,29
2025-12-23 06:51:00,21,27,29
2025-12-23 06:46:00,20,27,32
2025-12-23 06:41:00,17,23,31
2025-12-23 06:36:00,17,26,21
2025-12-23 06:31:00,17,26,21
2025-12-23 06:26:00,18,26,21
2025-12-23 06:21:00,19,26,20
2025-12-23 06:16:00,19,27,20
2025-12-23 06:11:00,20,27,22
2025-12-23 06:06:00,21,27,23
2025-12-23 06:01:00,21,27,23
2025-12-23 05:56:00,21,27,23
2025-12-23 05:51:00,20,26,20
2025-12-23 05:46:00,20,26,18
2025-12-23 05:41:00,20,26,13
2025-12-23 05:36:00,19,26,4
2025-12-23 05:31:00,19,26,2
2025-12-23 05:26:00,20,26,10
2025-12-23 05:21:00,19,26,17
2025-12-23 05:16:00,19,24,17
2025-12-23 05:11:00,19,26,16
2025-12-23 05:06:00,19,26,14
2025-12-23 05:01:00,20,27,14
2025-12-23 04:56:00,20,27,14
2025-12-23 04:51:00,20,27,20
2025-12-23 04:46:00,21,28,19
2025-12-23 04:41:00,21,28,14
2025-12-23 04:36:00,22,28,15
2025-12-23 04:31:00,23,29,17
2025-12-23 04:26:00,23,29,19
2025-12-23 04:21:00,23,30,26
2025-12-23 04:16:00,24,30,25
2025-12-23 04:11:00,23,30,16
2025-12-23 04:06:00,22,29,16
2025-12-23 04:01:00,23,29,21
2025-12-23 03:56:00,23,29,21
2025-12-23 03:51:00,22,28,17
2025-12-23 03:46:00,22,28,19
2025-12-23 03:41:00,22,28,19
2025-12-23 03:36:00,22,29,11
2025-12-23 03:31:00,22,29,11
2025-12-23 03:26:00,23,29,11
2025-12-23 03:21:00,23,29,12
2025-12-23 03:16:00,23,29,15
2025-12-23 03:11:00,22,29,19
2025-12-23 03:06:00,21,29,19
2025-12-23 03:01:00,21,29,17
2025-12-23 02:56:00,22,31,18
2025-12-23 02:51:00,25,35,20
2025-12-23 02:46:00,25,35,20
2025-12-23 02:41:00,25,35,20
2025-12-23 02:36:00,25,35,20
2025-12-23 02:31:00,26,35,13
2025-12-23 02:26:00,24,34,12
2025-12-23 02:21:00,22,28,14
2025-12-23 02:16:00,23,28,12
2025-12-23 02:11:00,22,28,12
2025-12-23 02:06:00,22,28,12
2025-12-23 02:01:00,18,26,8
2025-12-23 01:56:00,18,26,8
2025-12-23 01:51:00,15,25,4
2025-12-23 01:46:00,19,33,7
2025-12-23 01:41:00,19,33,7
2025-12-23 01:36:00,22,36,8
2025-12-23 01:31:00,26,36,11
2025-12-23 01:26:00,28,36,9
2025-12-23 01:21:00,28,36,12
2025-12-23 01:11:00,20,29,3
2025-12-23 01:06:00,22,29,2
2025-12-23 01:01:00,22,29,0
2025-12-23 00:56:00,22,29,0
2025-12-23 00:51:00,21,29,1
2025-12-23 00:46:00,21,29,1
2025-12-23 00:41:00,22,29,5
2025-12-23 00:36:00,18,29,15
2025-12-23 00:31:00,20,34,7
2025-12-23 00:26:00,20,34,7
2025-12-23 00:21:00,25,34,10
2025-12-23 00:11:00,23,30,10
2025-12-23 00:06:00,22,30,12
2025-12-23 00:01:00,23,37,15
2025-12-22 23:56:00,23,37,15
2025-12-22 23:51:00,26,37,16
2025-12-22 23:46:00,28,37,16
2025-12-22 23:41:00,20,28,11
2025-12-22 23:36:00,20,28,11
2025-12-22 23:31:00,21,28,11
2025-12-22 23:26:00,22,29,10
2025-12-22 23:21:00,22,35,14
2025-12-22 23:16:00,22,35,14
2025-12-22 23:11:00,25,35,16
2025-12-22 23:06:00,28,35,14
2025-12-22 23:01:00,27,35,13
2025-12-22 22:56:00,25,35,13
2025-12-22 22:51:00,22,31,13
2025-12-22 22:46:00,22,31,13
2025-12-22 22:41:00,21,31,26
2025-12-22 22:36:00,21,31,26
2025-12-22 22:31:00,22,31,25
2025-12-22 22:26:00,19,30,21
2025-12-22 22:21:00,19,35,15
2025-12-22 22:16:00,23,35,10
2025-12-22 22:11:00,27,35,14
2025-12-22 22:06:00,25,35,19
2025-12-22 22:01:00,22,30,17
2025-12-22 21:56:00,22,30,20
2025-12-22 21:51:00,23,30,23
2025-12-22 21:46:00,23,30,16
2025-12-22 21:41:00,23,32,13
2025-12-22 21:36:00,23,32,14
2025-12-22 21:31:00,24,32,20
2025-12-22 21:26:00,24,32,23
2025-12-22 21:21:00,25,32,20
2025-12-22 21:16:00,25,34,20
2025-12-22 21:11:00,26,34,22
2025-12-22 21:06:00,26,34,21
2025-12-22 21:01:00,26,34,15
2025-12-22 20:56:00,25,31,10
2025-12-22 20:51:00,24,32,12
2025-12-22 20:46:00,24,35,11
2025-12-22 20:41:00,26,35,12
2025-12-22 20:36:00,28,35,15
2025-12-22 20:31:00,28,35,17
2025-12-22 20:26:00,26,35,16
2025-12-22 20:21:00,26,33,16
2025-12-22 20:16:00,26,33,18
2025-12-22 20:11:00,26,35,18
2025-12-22 20:06:00,27,35,17
2025-12-22 20:01:00,27,35,19
2025-12-22 19:56:00,25,36,18
2025-12-22 19:51:00,25,36,15
2025-12-22 19:46:00,28,36,15
2025-12-22 19:41:00,26,36,12
2025-12-22 19:36:00,24,33,9
2025-12-22 19:31:00,24,38,9
2025-12-22 19:26:00,26,38,6
2025-12-22 19:21:00,29,39,5
2025-12-22 19:16:00,30,39,7
2025-12-22 19:11:00,31,39,12
2025-12-22 19:06:00,31,39,13
2025-12-22 19:01:00,31,39,13
2025-12-22 18:56:00,30,39,15
2025-12-22 18:51:00,31,39,17
2025-12-22 18:46:00,30,39,19
2025-12-22 18:41:00,29,35,15
2025-12-22 18:36:00,29,35,8
2025-12-22 18:31:00,28,35,8
2025-12-22 18:26:00,27,35,10
2025-12-22 18:21:00,27,35,11
2025-12-22 18:16:00,26,35,13
2025-12-22 18:11:00,26,35,13
2025-12-22 18:06:00,27,34,12
2025-12-22 18:01:00,28,38,6
2025-12-22 17:56:00,28,38,4
2025-12-22 17:51:00,27,38,6
2025-12-22 17:46:00,28,36,5
2025-12-22 17:41:00,29,36,2
2025-12-22 17:36:00,28,35,5
2025-12-22 17:31:00,28,35,8
2025-12-22 17:26:00,29,37,9
2025-12-22 17:21:00,28,37,5
2025-12-22 17:16:00,28,37,3
2025-12-22 17:11:00,29,37,6
2025-12-22 17:06:00,28,37,4
2025-12-22 17:01:00,28,37,1
2025-12-22 16:56:00,28,37,2
2025-12-22 16:51:00,28,37,2
2025-12-22 16:46:00,29,37,4
2025-12-22 16:41:00,29,37,5
2025-12-22 16:36:00,29,39,2
2025-12-22 16:31:00,31,39,5
2025-12-22 16:26:00,31,39,6
2025-12-22 16:21:00,30,38,2
2025-12-22 16:16:00,28,36,0
2025-12-22 16:11:00,28,37,359
2025-12-22 16:06:00,28,37,6
2025-12-22 16:01:00,28,37,8
2025-12-22 15:56:00,29,37,5
2025-12-22 15:51:00,29,36,0
2025-12-22 15:41:00,29,37,0
2025-12-22 15:36:00,29,37,0
2025-12-22 15:31:00,29,37,3
2025-12-22 15:26:00,30,37,3
2025-12-22 15:21:00,29,36,6
2025-12-22 15:16:00,29,36,6
2025-12-22 15:11:00,29,36,7
2025-12-22 15:06:00,29,36,7
2025-12-22 15:01:00,29,37,7
2025-12-22 14:56:00,29,37,8
2025-12-22 14:51:00,30,37,4
2025-12-22 14:46:00,30,37,4
2025-12-22 14:41:00,30,37,7
2025-12-22 14:36:00,30,37,8
2025-12-22 14:31:00,30,37,5
2025-12-22 14:26:00,30,37,0
2025-12-22 14:21:00,30,36,2
2025-12-22 14:16:00,29,37,3
2025-12-22 14:11:00,27,37,6
2025-12-22 14:06:00,28,37,10
2025-12-22 14:01:00,29,37,8
2025-12-22 13:56:00,26,35,5
2025-12-22 13:51:00,25,32,1
2025-12-22 13:46:00,26,32,1
2025-12-22 13:41:00,27,35,0
2025-12-22 13:36:00,27,35,357
2025-12-22 13:31:00,27,35,356
2025-12-22 13:26:00,27,35,354
2025-12-22 13:21:00,27,33,353
2025-12-22 13:16:00,26,33,353
2025-12-22 13:11:00,25,30,351
2025-12-22 13:06:00,26,30,352
2025-12-22 13:01:00,25,30,351
2025-12-22 12:56:00,24,30,349
2025-12-22 12:51:00,24,30,354
2025-12-22 12:46:00,25,30,359
2025-12-22 12:41:00,25,30,358
2025-12-22 12:36:00,25,31,355
2025-12-22 12:31:00,24,31,354
2025-12-22 12:26:00,24,31,355
2025-12-22 12:21:00,24,31,354
2025-12-22 12:16:00,21,26,356
2025-12-22 12:11:00,21,26,354
2025-12-22 12:06:00,21,28,349
2025-12-22 12:01:00,21,28,351
2025-12-22 11:56:00,22,28,354
2025-12-22 11:51:00,22,28,351
2025-12-22 11:46:00,22,30,348
2025-12-22 11:41:00,23,30,349
2025-12-22 11:36:00,23,30,355
2025-12-22 11:31:00,23,30,359
2025-12-22 11:26:00,24,29,354
2025-12-22 11:21:00,24,29,354
2025-12-22 11:16:00,23,29,355
2025-12-22 11:11:00,21,26,356
2025-12-22 11:06:00,21,26,354
2025-12-22 11:01:00,21,26,354
2025-12-22 10:56:00,21,26,358
2025-12-22 10:51:00,21,26,0
2025-12-22 10:36:00,18,22,351
2025-12-22 10:31:00,18,22,351
2025-12-22 10:26:00,18,22,351
2025-12-22 10:21:00,18,22,351
2025-12-22 10:16:00,18,22,351
2025-12-22 10:11:00,18,22,351
2025-12-22 10:06:00,18,22,351
2025-12-22 10:01:00,18,22,351
2025-12-22 09:56:00,18,22,351
2025-12-22 09:51:00,19,24,359
2025-12-22 09:46:00,19,24,359
2025-12-22 09:41:00,19,24,359
2025-12-22 09:36:00,19,24,1
2025-12-22 09:31:00,19,24,1
2025-12-22 09:26:00,20,26,359
2025-12-22 09:21:00,21,26,0
2025-12-22 09:16:00,21,26,0
2025-12-22 09:11:00,21,26,359
2025-12-22 09:06:00,23,28,358
2025-12-22 09:01:00,23,28,358
2025-12-22 08:56:00,22,28,358
2025-12-22 08:51:00,22,27,353
2025-12-22 08:46:00,22,27,353
2025-12-22 08:41:00,22,30,354
2025-12-22 08:36:00,24,31,354
2025-12-22 08:31:00,24,31,354
2025-12-22 08:26:00,25,31,344
2025-12-22 08:21:00,19,23,326
2025-12-22 08:16:00,19,23,326
2025-12-22 08:11:00,19,23,326
2025-12-22 08:06:00,20,24,327
2025-12-22 08:01:00,19,24,326
2025-12-22 07:56:00,19,24,326
2025-12-22 07:51:00,19,24,326
2025-12-22 07:46:00,18,22,327
2025-12-22 07:41:00,18,21,324
2025-12-22 07:36:00,18,22,324
2025-12-22 07:31:00,18,23,327
2025-12-22 07:26:00,18,23,324
2025-12-22 07:21:00,19,23,324
2025-12-22 07:16:00,19,23,323
2025-12-22 07:11:00,18,22,325
2025-12-22 07:06:00,18,22,325
2025-12-22 07:01:00,17,22,330
2025-12-22 06:56:00,19,24,320
2025-12-22 06:51:00,19,24,320
2025-12-22 06:31:00,19,25,324
2025-12-22 06:26:00,19,25,324
2025-12-22 06:21:00,19,25,324
2025-12-22 06:16:00,20,25,325
2025-12-22 06:11:00,19,25,327
2025-12-22 06:06:00,19,24,330
2025-12-22 06:01:00,19,25,329
2025-12-22 05:56:00,19,25,326
2025-12-22 05:51:00,20,25,326
2025-12-22 05:46:00,20,25,326
2025-12-22 05:41:00,20,26,323
2025-12-22 05:36:00,20,26,321
2025-12-22 05:31:00,20,26,319
2025-12-22 05:26:00,19,26,320
2025-12-22 05:21:00,18,23,321
2025-12-22 05:16:00,18,23,317
2025-12-22 05:11:00,18,23,317
2025-12-22 05:06:00,19,23,320
2025-12-22 05:01:00,19,23,320
2025-12-22 04:56:00,19,23,317
2025-12-22 04:51:00,19,23,318
2025-12-22 04:46:00,19,23,318
2025-12-22 04:41:00,18,22,317
2025-12-22 04:36:00,18,22,319
2025-12-22 04:31:00,17,21,322
2025-12-22 04:26:00,17,21,319
2025-12-22 04:16:00,17,20,316
2025-12-22 04:11:00,16,20,321
2025-12-22 04:06:00,17,20,320
2025-12-22 04:01:00,16,20,318
2025-12-22 03:56:00,16,20,320
2025-12-22 03:51:00,16,20,320
2025-12-22 03:46:00,16,20,320
2025-12-22 03:41:00,16,20,318
2025-12-22 03:36:00,16,20,317
2025-12-22 03:31:00,16,20,317
2025-12-22 03:26:00,17,20,319
2025-12-22 03:21:00,17,20,319
2025-12-22 03:16:00,17,20,317
2025-12-22 03:11:00,16,19,317
2025-12-22 03:06:00,15,21,314
2025-12-22 03:01:00,15,21,316
2025-12-22 02:56:00,15,21,321
2025-12-22 02:51:00,15,21,321
2025-12-22 02:46:00,15,20,314
2025-12-22 02:41:00,15,20,313
2025-12-22 02:36:00,15,20,315
2025-12-22 02:31:00,14,18,315
2025-12-22 02:26:00,14,18,321
2025-12-22 02:21:00,14,18,323
2025-12-22 02:16:00,13,16,320
2025-12-22 02:11:00,12,16,315
2025-12-22 02:06:00,12,16,316
2025-12-22 02:01:00,12,17,321
2025-12-22 01:56:00,13,17,324
2025-12-22 01:51:00,13,17,320
2025-12-22 01:46:00,14,17,315
2025-12-22 01:41:00,13,17,313
2025-12-22 01:36:00,13,17,312
2025-12-22 01:31:00,13,16,316
2025-12-22 01:26:00,12,17,315
2025-12-22 01:21:00,12,17,310
2025-12-22 01:16:00,13,17,319
2025-12-22 01:11:00,13,17,319
2025-12-22 01:06:00,12,16,318
2025-12-22 01:01:00,12,16,316
2025-12-22 00:56:00,13,16,320
2025-12-22 00:51:00,13,16,325
2025-12-22 00:46:00,12,16,326
2025-12-22 00:41:00,12,16,323
2025-12-22 00:36:00,12,16,321
2025-12-22 00:31:00,12,16,317
2025-12-22 00:26:00,12,16,316
2025-12-22 00:21:00,13,16,319
2025-12-22 00:16:00,12,17,322
2025-12-22 00:11:00,12,17,319
2025-12-22 00:06:00,13,17,318
2025-12-22 00:01:00,13,17,319
2025-12-21 23:56:00,12,17,318
2025-12-21 23:51:00,12,17,315
2025-12-21 23:46:00,13,17,312
2025-12-21 23:41:00,13,16,316
2025-12-21 23:36:00,13,16,325
2025-12-21 23:31:00,13,17,326
2025-12-21 23:26:00,13,17,320
2025-12-21 23:21:00,13,17,320
2025-12-21 23:16:00,14,17,323
2025-12-21 23:11:00,13,16,329
2025-12-21 23:06:00,13,16,329
2025-12-21 23:01:00,13,16,330
2025-12-21 22:56:00,13,16,327
2025-12-21 22:51:00,13,16,322
2025-12-21 22:46:00,12,16,324
2025-12-21 22:41:00,13,16,319
2025-12-21 22:36:00,13,16,319
2025-12-21 22:31:00,13,16,320
2025-12-21 22:26:00,12,15,323
2025-12-21 22:21:00,12,15,321
2025-12-21 22:16:00,13,16,316
2025-12-21 22:11:00,12,16,321
2025-12-21 22:06:00,13,16,323
2025-12-21 22:01:00,13,16,319
2025-12-21 21:56:00,13,15,323
2025-12-21 21:51:00,12,15,327
2025-12-21 21:46:00,12,15,327
2025-12-21 21:41:00,11,15,325
2025-12-21 21:36:00,12,15,328
2025-12-21 21:31:00,12,15,327
2025-12-21 21:26:00,11,15,325
2025-12-21 21:21:00,12,14,327
2025-12-21 21:16:00,12,14,329
2025-12-21 21:11:00,10,13,331
2025-12-21 21:06:00,10,14,333
2025-12-21 21:01:00,11,14,327
2025-12-21 20:56:00,11,14,326
2025-12-21 20:51:00,11,14,329
2025-12-21 20:46:00,11,14,329
2025-12-21 20:41:00,10,14,326
2025-12-21 20:36:00,11,14,325
2025-12-21 20:31:00,12,14,330
2025-12-21 20:26:00,12,13,331
2025-12-21 20:21:00,12,13,332
2025-12-21 20:16:00,11,13,329
2025-12-21 20:11:00,11,13,326
2025-12-21 20:06:00,11,13,326
2025-12-21 20:01:00,11,13,323
2025-12-21 19:56:00,11,13,326
2025-12-21 19:51:00,11,14,329
2025-12-21 19:46:00,11,14,324
2025-12-21 19:41:00,11,14,332
2025-12-21 19:36:00,11,14,332
2025-12-21 19:31:00,11,15,332
2025-12-21 19:26:00,11,15,329
2025-12-21 19:21:00,11,15,327
2025-12-21 19:16:00,12,15,329
2025-12-21 19:11:00,11,13,333
2025-12-21 19:06:00,11,13,334
2025-12-21 19:01:00,11,14,329
2025-12-21 18:56:00,11,14,328
2025-12-21 18:51:00,11,14,329
2025-12-21 18:46:00,11,14,328
2025-12-21 18:41:00,11,13,328
2025-12-21 18:36:00,10,12,330
2025-12-21 18:31:00,10,12,331
2025-12-21 18:26:00,10,12,331
2025-12-21 18:21:00,10,12,328
2025-12-21 18:16:00,10,13,327
2025-12-21 18:11:00,10,13,329
2025-12-21 18:06:00,10,13,328
2025-12-21 18:01:00,11,13,326
2025-12-21 17:56:00,11,13,328
2025-12-21 17:51:00,11,14,330
2025-12-21 17:46:00,11,15,330
2025-12-21 17:41:00,12,15,331
2025-12-21 17:36:00,12,15,331
2025-12-21 17:31:00,13,15,332
2025-12-21 17:26:00,13,15,334
2025-12-21 17:21:00,12,14,334
2025-12-21 17:16:00,12,16,335
2025-12-21 17:11:00,12,16,336
2025-12-21 17:06:00,13,17,335
2025-12-21 17:01:00,13,17,338
2025-12-21 16:56:00,14,17,340
2025-12-21 16:51:00,14,17,339
2025-12-21 16:46:00,13,17,340
2025-12-21 16:41:00,14,17,339
2025-12-21 16:36:00,14,17,335
2025-12-21 16:31:00,14,17,334
2025-12-21 16:26:00,13,16,334
2025-12-21 16:21:00,12,15,333
2025-12-21 16:16:00,11,15,335
2025-12-21 16:11:00,11,14,336
2025-12-21 16:06:00,12,14,334
2025-12-21 16:01:00,12,14,332
2025-12-21 15:56:00,11,14,330
2025-12-21 15:51:00,11,13,329
2025-12-21 15:46:00,11,13,330
2025-12-21 15:41:00,11,13,327
2025-12-21 15:36:00,11,13,322
2025-12-21 15:31:00,11,15,325
2025-12-21 15:26:00,12,15,329
2025-12-21 15:21:00,12,15,329
2025-12-21 15:16:00,12,15,329
2025-12-21 15:11:00,12,15,329
2025-12-21 15:06:00,12,16,326
2025-12-21 15:01:00,13,16,326
2025-12-21 14:56:00,13,16,326
2025-12-21 14:51:00,14,17,325
2025-12-21 14:46:00,14,17,323
2025-12-21 14:41:00,15,17,320
2025-12-21 14:36:00,15,20,318
2025-12-21 14:31:00,14,20,315
2025-12-21 14:26:00,15,20,310
2025-12-21 14:21:00,15,20,296
2025-12-21 14:16:00,15,20,296
2025-12-21 14:11:00,10,13,237
2025-12-21 14:06:00,9,13,229
2025-12-21 14:01:00,9,10,232
2025-12-21 13:56:00,8,10,236
2025-12-21 13:51:00,7,9,235
2025-12-21 13:46:00,7,10,233
2025-12-21 13:41:00,7,10,229
2025-12-21 13:36:00,7,10,229
2025-12-21 13:31:00,8,10,226
2025-12-21 13:26:00,8,10,225
2025-12-21 13:21:00,7,9,225
2025-12-21 13:16:00,7,9,221
2025-12-21 13:11:00,7,9,220
2025-12-21 13:06:00,7,9,220
2025-12-21 13:01:00,5,8,211
2025-12-21 12:56:00,5,6,200
2025-12-21 12:51:00,5,6,200
2025-12-21 12:46:00,5,6,194
2025-12-21 12:41:00,5,6,185
2025-12-21 12:36:00,5,6,185
2025-12-21 12:31:00,4,5,190
2025-12-21 12:26:00,4,4,192
2025-12-21 12:21:00,3,4,194
2025-12-21 12:16:00,3,4,195
2025-12-21 12:11:00,3,4,185
2025-12-21 12:06:00,3,4,177
2025-12-21 12:01:00,3,3,179
2025-12-21 11:56:00,3,3,179
2025-12-21 11:51:00,3,3,179
2025-12-21 11:46:00,3,3,178
2025-12-21 11:41:00,2,3,180
2025-12-21 11:36:00,2,3,171
2025-12-21 11:31:00,2,3,171
2025-12-21 11:26:00,2,3,164
2025-12-21 11:21:00,2,4,160
2025-12-21 11:16:00,2,4,160
2025-12-21 11:11:00,3,4,155
2025-12-21 11:06:00,3,4,153
2025-12-21 11:01:00,3,4,153
2025-12-21 10:56:00,3,4,153
2025-12-21 10:51:00,3,6,154
2025-12-21 10:46:00,3,6,154
2025-12-21 10:41:00,4,6,151
2025-12-21 10:36:00,5,7,148
2025-12-21 10:31:00,5,7,145
2025-12-21 10:26:00,6,7,138
2025-12-21 10:21:00,6,7,138
2025-12-21 10:16:00,6,7,140
2025-12-21 10:11:00,6,7,140
2025-12-21 10:06:00,5,7,139
2025-12-21 10:01:00,6,8,138
2025-12-21 09:56:00,6,9,134
2025-12-21 09:51:00,6,9,134
2025-12-21 09:46:00,7,9,130
2025-12-21 09:41:00,7,9,130
2025-12-21 09:36:00,7,9,127
2025-12-21 09:31:00,7,9,123
2025-12-21 09:26:00,7,9,123
2025-12-21 09:21:00,8,10,122
2025-12-21 09:16:00,8,10,122
2025-12-21 09:11:00,8,10,122
2025-12-21 09:06:00,8,9,122
2025-12-21 09:01:00,8,9,123
2025-12-21 08:56:00,8,9,124
2025-12-21 08:51:00,8,9,126
2025-12-21 08:46:00,8,9,130
2025-12-21 08:41:00,8,9,132
2025-12-21 08:36:00,7,8,129
2025-12-21 08:31:00,7,8,128
2025-12-21 08:26:00,7,8,126
2025-12-21 08:21:00,7,8,126
2025-12-21 08:16:00,7,8,124
2025-12-21 08:11:00,7,8,123
2025-12-21 08:06:00,7,8,124
2025-12-21 08:01:00,6,7,126
2025-12-21 07:56:00,6,7,126
2025-12-21 07:46:00,6,10,125
2025-12-21 07:41:00,6,10,125
2025-12-21 07:36:00,6,10,125
2025-12-21 07:31:00,7,10,114
2025-12-21 07:26:00,7,9,105
2025-12-21 07:21:00,7,9,105
2025-12-21 07:16:00,8,9,105
2025-12-21 07:11:00,8,9,107
2025-12-21 07:06:00,8,10,108
2025-12-21 07:01:00,8,10,111
2025-12-21 06:56:00,8,10,111
2025-12-21 06:51:00,8,10,116
2025-12-21 06:46:00,8,9,120
2025-12-21 06:41:00,8,10,122
2025-12-21 06:36:00,8,10,122
2025-12-21 06:31:00,8,10,107
2025-12-21 06:26:00,9,10,98
2025-12-21 06:21:00,9,10,96
2025-12-21 06:16:00,9,10,96
2025-12-21 06:11:00,9,10,94
2025-12-21 06:06:00,9,10,94
2025-12-21 06:01:00,9,10,94
2025-12-21 05:56:00,8,10,94
2025-12-21 05:51:00,8,10,96
2025-12-21 05:46:00,9,10,100
2025-12-21 05:41:00,9,11,102
2025-12-21 05:36:00,9,11,102
2025-12-21 05:31:00,8,12,96
2025-12-21 05:26:00,8,12,96
2025-12-21 05:21:00,10,12,90
2025-12-21 05:16:00,10,12,90
2025-12-21 05:11:00,10,12,88
2025-12-21 05:06:00,10,12,88
2025-12-21 05:01:00,10,12,88
2025-12-21 04:56:00,11,12,89
2025-12-21 04:51:00,10,12,88
2025-12-21 04:46:00,10,12,88
2025-12-21 04:41:00,10,12,88
2025-12-21 04:36:00,10,12,86
2025-12-21 04:31:00,10,12,86
2025-12-21 04:26:00,10,12,86
2025-12-21 04:21:00,10,13,86
2025-12-21 04:16:00,10,13,87
2025-12-21 04:11:00,11,13,88
2025-12-21 04:06:00,11,13,86
2025-12-21 04:01:00,11,13,86
2025-12-21 03:56:00,11,13,86
2025-12-21 03:51:00,11,13,89
2025-12-21 03:46:00,11,13,89
2025-12-21 03:41:00,11,13,89
2025-12-21 03:36:00,11,14,87
2025-12-21 03:31:00,11,14,87
2025-12-21 03:26:00,11,14,84
2025-12-21 03:21:00,12,14,84
2025-12-21 03:16:00,12,14,86
2025-12-21 03:11:00,11,14,87
2025-12-21 02:56:00,12,14,84
2025-12-21 02:51:00,12,14,82
2025-12-21 02:46:00,11,13,78
2025-12-21 02:41:00,11,13,79
2025-12-21 02:36:00,11,13,78
2025-12-21 02:31:00,11,12,76
2025-12-21 02:26:00,11,12,76
2025-12-21 02:21:00,10,12,74
2025-12-21 02:16:00,10,12,72
2025-12-21 02:11:00,10,12,72
2025-12-21 02:06:00,9,11,75
2025-12-21 02:01:00,9,11,75
2025-12-21 01:56:00,9,11,73
2025-12-21 01:51:00,10,12,70
2025-12-21 01:46:00,10,12,70
2025-12-21 01:41:00,10,12,68
2025-12-21 01:36:00,10,12,68
2025-12-21 01:31:00,10,11,69
2025-12-21 01:26:00,9,11,72
2025-12-21 01:21:00,9,11,72
2025-12-21 01:16:00,9,10,75
2025-12-21 01:11:00,8,12,77
2025-12-21 01:06:00,8,12,77
2025-12-21 01:01:00,8,12,77
2025-12-21 00:56:00,9,12,71
2025-12-21 00:51:00,10,12,75
2025-12-21 00:46:00,10,12,74
2025-12-21 00:41:00,10,12,74
2025-12-21 00:36:00,11,12,74
2025-12-21 00:31:00,11,12,74
2025-12-21 00:26:00,11,12,71
2025-12-21 00:21:00,10,12,71
2025-12-21 00:16:00,10,12,72
2025-12-21 00:11:00,11,12,72
2025-12-21 00:06:00,10,12,73
2025-12-21 00:01:00,10,12,73
2025-12-20 23:56:00,10,12,69
2025-12-20 23:51:00,10,12,69
2025-12-20 23:46:00,10,12,69
2025-12-20 23:41:00,10,12,68
2025-12-20 23:36:00,10,12,69
2025-12-20 23:31:00,10,11,72
2025-12-20 23:26:00,10,11,75
2025-12-20 23:21:00,10,11,78
2025-12-20 23:16:00,10,12,81
2025-12-20 23:11:00,10,12,84
2025-12-20 23:06:00,10,12,85
2025-12-20 23:01:00,10,12,86
2025-12-20 22:56:00,10,13,87
2025-12-20 22:51:00,10,13,87
2025-12-20 22:46:00,11,14,82
2025-12-20 22:41:00,11,14,82
2025-12-20 22:36:00,11,14,82
2025-12-20 22:31:00,12,14,77
2025-12-20 22:26:00,11,14,77
2025-12-20 22:21:00,11,14,75
2025-12-20 22:16:00,11,14,75
2025-12-20 22:11:00,11,14,74
2025-12-20 22:06:00,11,14,74
2025-12-20 22:01:00,12,14,75
2025-12-20 21:56:00,12,14,75
2025-12-20 21:51:00,12,14,74
2025-12-20 21:46:00,12,14,71
2025-12-20 21:41:00,12,14,69
2025-12-20 21:36:00,12,14,65
2025-12-20 21:31:00,12,14,60
2025-12-20 21:26:00,11,13,59
2025-12-20 21:21:00,12,13,59
2025-12-20 21:16:00,11,13,59
2025-12-20 21:06:00,12,15,62
2025-12-20 21:01:00,12,15,62
2025-12-20 20:56:00,12,15,61
2025-12-20 20:51:00,13,16,59
2025-12-20 20:46:00,13,16,57
2025-12-20 20:41:00,13,16,57
2025-12-20 20:36:00,13,16,56
2025-12-20 20:31:00,13,16,55
2025-12-20 20:26:00,13,16,53
2025-12-20 20:21:00,13,16,51
2025-12-20 20:16:00,13,16,51
2025-12-20 20:11:00,13,16,52
2025-12-20 20:06:00,13,16,53
2025-12-20 20:01:00,13,15,56
2025-12-20 19:56:00,13,15,55
2025-12-20 19:51:00,13,14,52
2025-12-20 19:46:00,12,14,52
2025-12-20 19:41:00,12,14,53
2025-12-20 19:36:00,12,14,53
2025-12-20 19:31:00,12,14,54
2025-12-20 19:26:00,12,14,56
2025-12-20 19:21:00,12,13,56
2025-12-20 19:16:00,12,13,55
2025-12-20 19:11:00,11,13,54
2025-12-20 19:06:00,11,13,53
2025-12-20 19:01:00,11,12,55
2025-12-20 18:56:00,11,13,59
2025-12-20 18:51:00,11,13,60
2025-12-20 18:46:00,11,13,59
2025-12-20 18:41:00,10,13,61
2025-12-20 18:36:00,10,13,64
2025-12-20 18:31:00,11,13,64
2025-12-20 18:26:00,12,13,64
2025-12-20 18:21:00,11,13,62
2025-12-20 18:16:00,11,13,55
2025-12-20 18:11:00,11,13,51
2025-12-20 18:06:00,11,13,53
2025-12-20 18:01:00,10,12,54
2025-12-20 17:56:00,11,12,53
2025-12-20 17:51:00,11,12,53
2025-12-20 17:46:00,11,13,56
2025-12-20 17:41:00,11,13,56
2025-12-20 17:36:00,11,13,58
2025-12-20 17:31:00,11,13,57
2025-12-20 17:26:00,10,12,53
2025-12-20 17:21:00,10,12,53
2025-12-20 17:16:00,10,12,54
2025-12-20 17:06:00,10,12,48
2025-12-20 17:01:00,10,13,52
2025-12-20 16:56:00,10,13,55
2025-12-20 16:51:00,11,13,54
2025-12-20 16:46:00,11,13,50
2025-12-20 16:41:00,10,12,43
2025-12-20 16:36:00,10,12,39
2025-12-20 16:31:00,10,13,38
2025-12-20 16:26:00,11,13,39
2025-12-20 16:21:00,11,13,39
2025-12-20 16:16:00,11,14,39
2025-12-20 16:11:00,11,14,37
2025-12-20 16:06:00,11,14,34
2025-12-20 16:01:00,11,14,30
2025-12-20 15:56:00,11,13,31
2025-12-20 15:51:00,11,14,32
2025-12-20 15:46:00,11,14,31
2025-12-20 15:41:00,12,14,30
2025-12-20 15:36:00,12,14,32
2025-12-20 15:31:00,12,14,35
2025-12-20 15:26:00,11,14,33
2025-12-20 15:21:00,12,16,27
2025-12-20 15:16:00,12,16,26
2025-12-20 15:11:00,13,16,26
2025-12-20 15:06:00,14,17,23
2025-12-20 15:01:00,14,17,23
2025-12-20 14:56:00,14,17,23
2025-12-20 14:51:00,12,17,16
2025-12-20 14:46:00,10,12,5
2025-12-20 14:41:00,10,12,358
2025-12-20 14:36:00,10,11,355
2025-12-20 14:31:00,9,11,355
2025-12-20 14:26:00,8,10,354
2025-12-20 14:21:00,9,10,349
2025-12-20 14:16:00,9,10,345
2025-12-20 14:11:00,9,10,342
2025-12-20 14:06:00,9,10,342
2025-12-20 14:01:00,9,10,342
2025-12-20 13:56:00,9,10,343
2025-12-20 13:51:00,8,10,342
2025-12-20 13:46:00,8,10,338
2025-12-20 13:41:00,8,10,334
2025-12-20 13:36:00,8,9,333
2025-12-20 13:31:00,8,9,332
2025-12-20 13:26:00,8,9,330
2025-12-20 13:21:00,7,9,331
2025-12-20 13:16:00,8,9,334
2025-12-20 13:11:00,8,10,335
2025-12-20 13:06:00,8,10,336
2025-12-20 13:01:00,8,10,338
2025-12-20 12:56:00,9,10,338
2025-12-20 12:51:00,9,10,338
2025-12-20 12:46:00,9,10,338
2025-12-20 12:41:00,9,10,337
2025-12-20 12:36:00,9,10,338
2025-12-20 12:31:00,8,11,337
2025-12-20 12:26:00,8,12,335
2025-12-20 12:21:00,9,12,336
2025-12-20 12:16:00,10,12,340
2025-12-20 12:11:00,10,12,340
2025-12-20 12:06:00,10,12,338
2025-12-20 12:01:00,10,12,333
2025-12-20 11:56:00,10,13,329
2025-12-20 11:46:00,8,11,295
2025-12-20 11:41:00,8,11,295
2025-12-20 11:36:00,8,11,286
2025-12-20 11:31:00,8,11,286
2025-12-20 11:26:00,8,11,281
2025-12-20 11:21:00,8,11,281
2025-12-20 11:16:00,10,14,279
2025-12-20 11:11:00,10,14,279
2025-12-20 11:06:00,10,14,279
2025-12-20 11:01:00,10,15,280
2025-12-20 10:56:00,13,19,279
2025-12-20 10:51:00,13,19,279
2025-12-20 10:46:00,13,23,283
2025-12-20 10:41:00,13,24,282
2025-12-20 10:36:00,16,24,269
2025-12-20 10:31:00,18,24,250
2025-12-20 10:26:00,17,24,240
2025-12-20 10:21:00,17,23,243
2025-12-20 10:16:00,17,23,246
2025-12-20 10:11:00,16,23,246
2025-12-20 10:06:00,15,23,244
2025-12-20 10:01:00,15,21,240
2025-12-20 09:56:00,15,19,229
2025-12-20 09:51:00,15,19,229
2025-12-20 09:46:00,15,19,226
2025-12-20 09:41:00,16,19,224
2025-12-20 09:36:00,15,19,223
2025-12-20 09:31:00,15,19,223
2025-12-20 09:26:00,16,19,224
2025-12-20 09:21:00,15,19,223
2025-12-20 09:16:00,14,17,221
2025-12-20 09:11:00,14,17,221
2025-12-20 09:06:00,14,17,219
2025-12-20 09:01:00,13,15,217
2025-12-20 08:56:00,13,16,212
2025-12-20 08:51:00,13,16,212
2025-12-20 08:46:00,13,16,210
2025-12-20 08:41:00,13,16,212
2025-12-20 08:36:00,11,17,214
2025-12-20 08:31:00,11,17,214
2025-12-20 08:26:00,11,17,216
2025-12-20 08:21:00,12,22,220
2025-12-20 08:16:00,14,22,222
2025-12-20 08:11:00,16,22,222
2025-12-20 08:06:00,18,22,223
2025-12-20 08:01:00,18,22,226
2025-12-20 07:56:00,18,25,230
2025-12-20 07:51:00,18,25,230
2025-12-20 07:46:00,19,25,228
2025-12-20 07:41:00,20,25,225
2025-12-20 07:36:00,17,25,223
2025-12-20 07:31:00,13,19,219
2025-12-20 07:26:00,12,14,217
2025-12-20 07:21:00,10,14,214
2025-12-20 07:16:00,9,12,211
2025-12-20 07:11:00,8,12,210
2025-12-20 07:06:00,9,16,212
2025-12-20 07:01:00,10,19,215
2025-12-20 06:56:00,12,19,220
2025-12-20 06:51:00,14,19,225
2025-12-20 06:46:00,16,19,228
2025-12-20 06:41:00,14,19,229
2025-12-20 06:36:00,11,18,229
2025-12-20 06:31:00,9,12,224
2025-12-20 06:26:00,7,10,219
2025-12-20 06:21:00,7,9,214
2025-12-20 06:16:00,7,10,213
2025-12-20 06:11:00,8,11,216
2025-12-20 06:06:00,9,11,218
2025-12-20 06:01:00,9,11,213
2025-12-20 05:56:00,8,11,209
2025-12-20 05:51:00,8,11,209
2025-12-20 05:46:00,8,11,208
2025-12-20 05:41:00,9,11,200
2025-12-20 05:36:00,9,12,196
2025-12-20 05:31:00,9,12,201
2025-12-20 05:26:00,9,12,208
2025-12-20 05:21:00,10,14,212
2025-12-20 05:16:00,10,14,212
2025-12-20 05:11:00,12,14,211
2025-12-20 05:06:00,12,14,211
2025-12-20 05:01:00,11,14,212
2025-12-20 04:56:00,11,12,215
2025-12-20 04:51:00,10,12,218
2025-12-20 04:46:00,10,12,219
2025-12-20 04:41:00,10,14,218
2025-12-20 04:36:00,10,14,216
2025-12-20 04:31:00,11,14,212
2025-12-20 04:26:00,11,14,211
2025-12-20 04:21:00,11,14,211
2025-12-20 04:16:00,12,14,209
2025-12-20 04:11:00,12,14,208
2025-12-20 04:06:00,12,14,209
2025-12-20 04:01:00,12,14,211
2025-12-20 03:56:00,12,14,211
2025-12-20 03:51:00,11,14,214
2025-12-20 03:46:00,10,13,217
2025-12-20 03:41:00,10,14,217
2025-12-20 03:36:00,10,14,213
2025-12-20 03:31:00,11,14,210
2025-12-20 03:26:00,12,14,209
2025-12-20 03:21:00,11,13,206
2025-12-20 03:16:00,11,13,203
2025-12-20 03:11:00,11,13,202
2025-12-20 03:06:00,11,13,206
2025-12-20 03:01:00,11,13,210
2025-12-20 02:56:00,11,13,209
2025-12-20 02:51:00,11,13,206
2025-12-20 02:46:00,10,13,201
2025-12-20 02:41:00,10,11,195
2025-12-20 02:36:00,9,11,193
2025-12-20 02:31:00,9,11,194
2025-12-20 02:26:00,9,11,199
2025-12-20 02:21:00,9,11,203
2025-12-20 02:16:00,9,11,201
2025-12-20 02:11:00,9,11,199
2025-12-20 02:06:00,9,11,202
2025-12-20 02:01:00,9,10,204
2025-12-20 01:56:00,9,12,198
2025-12-20 01:51:00,9,12,185
2025-12-20 01:46:00,9,12,185
2025-12-20 01:41:00,10,12,187
2025-12-20 01:36:00,10,12,187
2025-12-20 01:31:00,10,12,190
2025-12-20 01:26:00,10,11,200
2025-12-20 01:21:00,10,11,200
2025-12-20 01:16:00,10,11,200
2025-12-20 01:11:00,10,11,196
2025-12-20 01:06:00,10,11,196
2025-12-20 01:01:00,10,11,198
2025-12-20 00:56:00,10,11,198
2025-12-20 00:51:00,9,11,211
2025-12-20 00:46:00,9,11,213
2025-12-20 00:41:00,9,11,213
2025-12-20 00:36:00,9,11,213
2025-12-20 00:31:00,9,11,214
2025-12-20 00:26:00,9,11,214
2025-12-20 00:06:00,10,12,215
2025-12-20 00:01:00,10,12,215
2025-12-19 23:56:00,10,12,215
2025-12-19 23:51:00,10,12,218
2025-12-19 23:46:00,9,11,217
2025-12-19 23:41:00,9,11,214
2025-12-19 23:36:00,9,11,214
2025-12-19 23:31:00,9,12,215
2025-12-19 23:26:00,9,12,215
2025-12-19 23:21:00,10,13,212
2025-12-19 23:16:00,10,13,212
2025-12-19 23:11:00,10,13,206
2025-12-19 23:06:00,11,13,200
2025-12-19 23:01:00,11,13,200
2025-12-19 22:56:00,11,13,201
2025-12-19 22:51:00,11,14,200
2025-12-19 22:46:00,11,14,197
2025-12-19 22:41:00,12,14,198
2025-12-19 22:36:00,12,14,198
2025-12-19 22:31:00,13,15,203
2025-12-19 22:26:00,13,15,202
2025-12-19 22:21:00,13,15,198
2025-12-19 22:16:00,13,15,196
2025-12-19 22:11:00,12,15,193
2025-12-19 22:06:00,12,15,193
2025-12-19 22:01:00,12,15,194
2025-12-19 21:56:00,12,15,196
2025-12-19 21:51:00,13,16,195
2025-12-19 21:46:00,13,16,191
2025-12-19 21:41:00,13,16,191
2025-12-19 21:36:00,13,16,193
2025-12-19 21:31:00,13,16,192
2025-12-19 21:26:00,13,16,191
2025-12-19 21:21:00,14,16,191
2025-12-19 21:16:00,14,16,191
2025-12-19 21:11:00,14,16,193
2025-12-19 21:06:00,14,16,193
2025-12-19 21:01:00,14,16,193
2025-12-19 20:56:00,14,16,194
2025-12-19 20:51:00,13,16,195
2025-12-19 20:46:00,13,16,195
2025-12-19 20:41:00,12,16,197
2025-12-19 20:36:00,12,16,197
2025-12-19 20:31:00,13,16,196
2025-12-19 20:26:00,13,16,193
2025-12-19 20:21:00,14,16,190
2025-12-19 20:16:00,14,16,189
2025-12-19 20:11:00,13,16,188
2025-12-19 20:06:00,13,16,189
2025-12-19 20:01:00,14,17,188
2025-12-19 19:56:00,14,17,189
2025-12-19 19:51:00,14,17,190
2025-12-19 19:46:00,14,16,186
2025-12-19 19:41:00,14,16,186
2025-12-19 19:36:00,14,16,186
2025-12-19 19:31:00,14,16,187
2025-12-19 19:26:00,13,16,187
2025-12-19 19:21:00,13,17,184
2025-12-19 19:16:00,14,17,181
2025-12-19 19:11:00,14,17,178
2025-12-19 19:06:00,15,18,177
2025-12-19 19:01:00,15,18,177
2025-12-19 18:56:00,15,18,175
2025-12-19 18:51:00,15,18,175
2025-12-19 18:46:00,15,17,175
2025-12-19 18:41:00,15,17,175
2025-12-19 18:36:00,14,17,175
2025-12-19 18:31:00,14,17,176
2025-12-19 18:26:00,14,17,177
2025-12-19 18:21:00,14,17,178
2025-12-19 18:16:00,14,17,178
2025-12-19 18:11:00,14,17,178
2025-12-19 18:06:00,14,17,174
2025-12-19 18:01:00,14,17,173
2025-12-19 17:56:00,14,17,174
2025-12-19 17:51:00,14,17,173
2025-12-19 17:46:00,14,18,171
2025-12-19 17:41:00,14,20,169
2025-12-19 17:36:00,15,20,168
2025-12-19 17:31:00,16,20,166
2025-12-19 17:26:00,16,20,166
2025-12-19 17:21:00,16,19,166
2025-12-19 17:16:00,16,19,164
2025-12-19 17:11:00,16,19,162
2025-12-19 17:06:00,16,19,163
2025-12-19 17:01:00,16,19,164
2025-12-19 16:56:00,16,19,164
2025-12-19 16:51:00,15,19,164
2025-12-19 16:46:00,15,19,163
2025-12-19 16:41:00,16,19,163
2025-12-19 16:36:00,16,19,162
2025-12-19 16:31:00,16,19,160
2025-12-19 16:26:00,16,19,159
2025-12-19 16:21:00,15,19,158
2025-12-19 16:16:00,16,19,157
2025-12-19 16:11:00,16,19,157
2025-12-19 16:06:00,16,20,157
2025-12-19 16:01:00,16,20,158
2025-12-19 15:56:00,17,20,159
2025-12-19 15:51:00,16,20,161
2025-12-19 15:46:00,16,20,160
2025-12-19 15:41:00,17,20,160
2025-12-19 15:36:00,16,21,162
2025-12-19 15:31:00,16,21,163
2025-12-19 15:26:00,17,21,164
2025-12-19 15:21:00,17,21,165
2025-12-19 15:16:00,17,20,163
2025-12-19 15:11:00,16,20,160
2025-12-19 15:06:00,16,20,159
2025-12-19 15:01:00,16,20,160
2025-12-19 14:56:00,16,20,158
2025-12-19 14:51:00,16,20,155
2025-12-19 14:46:00,16,20,154
2025-12-19 14:41:00,16,20,155
2025-12-19 14:36:00,15,19,156
2025-12-19 14:31:00,15,18,157
2025-12-19 14:26:00,15,18,157
2025-12-19 14:21:00,15,18,156
2025-12-19 14:16:00,16,19,155
2025-12-19 14:11:00,15,19,153
2025-12-19 14:06:00,16,19,152
2025-12-19 14:01:00,16,19,154
2025-12-19 13:56:00,16,19,155
2025-12-19 13:51:00,16,19,155
2025-12-19 13:46:00,16,19,156
2025-12-19 13:41:00,15,18,157
2025-12-19 13:36:00,15,18,158
2025-12-19 13:31:00,14,17,157
2025-12-19 13:26:00,13,16,157
2025-12-19 13:21:00,12,15,158
2025-12-19 13:16:00,12,16,157
2025-12-19 13:11:00,13,17,156
2025-12-19 13:06:00,13,18,155
2025-12-19 13:01:00,14,18,155
2025-12-19 12:56:00,14,18,155
2025-12-19 12:51:00,14,18,154
2025-12-19 12:46:00,14,17,155
2025-12-19 12:41:00,14,17,160
2025-12-19 12:36:00,14,16,165
2025-12-19 12:31:00,13,18,167
2025-12-19 12:26:00,14,18,166
2025-12-19 12:21:00,14,18,165
2025-12-19 12:16:00,15,18,165
2025-12-19 12:11:00,14,18,164
2025-12-19 12:06:00,14,18,162
2025-12-19 12:01:00,14,18,158
2025-12-19 11:56:00,14,18,156
2025-12-19 11:51:00,14,17,158
2025-12-19 11:46:00,15,17,158
2025-12-19 11:41:00,14,17,154
2025-12-19 11:36:00,14,18,151
2025-12-19 11:31:00,14,19,148
2025-12-19 11:26:00,15,20,146
2025-12-19 11:21:00,16,20,146
2025-12-19 11:16:00,16,20,150
2025-12-19 11:11:00,15,20,152
2025-12-19 11:06:00,14,17,148
2025-12-19 11:01:00,14,17,144
2025-12-19 10:56:00,14,17,140
2025-12-19 10:51:00,13,16,136
2025-12-19 10:46:00,12,16,135
2025-12-19 10:41:00,12,16,135
2025-12-19 10:36:00,13,16,135
2025-12-19 10:31:00,13,16,136
2025-12-19 10:26:00,13,16,140
2025-12-19 10:21:00,13,16,146
2025-12-19 10:16:00,13,18,150
2025-12-19 10:06:00,14,19,145
2025-12-19 10:01:00,15,21,141
2025-12-19 09:56:00,16,21,142
2025-12-19 09:51:00,16,21,144
2025-12-19 09:46:00,15,21,145
2025-12-19 09:41:00,14,17,145
2025-12-19 09:36:00,14,17,145
2025-12-19 09:31:00,14,17,146
2025-12-19 09:26:00,13,16,145
2025-12-19 09:21:00,13,15,146
2025-12-19 09:16:00,12,15,149
2025-12-19 09:11:00,12,15,149
2025-12-19 09:06:00,11,15,149
2025-12-19 09:01:00,11,17,150
2025-12-19 08:56:00,12,20,149
2025-12-19 08:51:00,13,20,146
2025-12-19 08:46:00,15,20,144
2025-12-19 08:41:00,14,20,142
2025-12-19 08:36:00,11,16,141
2025-12-19 08:31:00,10,12,140
2025-12-19 08:26:00,10,12,140
2025-12-19 08:21:00,10,13,141
2025-12-19 08:16:00,10,13,141
2025-12-19 08:11:00,10,13,141
2025-12-19 08:06:00,11,17,141
2025-12-19 08:01:00,11,17,141
2025-12-19 07:56:00,14,21,150
2025-12-19 07:51:00,16,21,152
2025-12-19 07:46:00,16,23,154
2025-12-19 07:41:00,17,23,158
2025-12-19 07:36:00,17,23,158
2025-12-19 07:31:00,14,23,153
2025-12-19 07:26:00,12,14,146
2025-12-19 07:21:00,12,14,146
2025-12-19 07:16:00,12,14,141
2025-12-19 07:11:00,12,15,141
2025-12-19 07:06:00,12,18,140
2025-12-19 07:01:00,13,18,137
2025-12-19 06:56:00,14,18,139
2025-12-19 06:51:00,15,18,142
2025-12-19 06:46:00,14,18,143
2025-12-19 06:41:00,12,17,143
2025-12-19 06:36:00,11,14,143
2025-12-19 06:31:00,11,14,142
2025-12-19 06:26:00,11,14,139
2025-12-19 06:21:00,10,13,137
2025-12-19 06:16:00,10,13,135
2025-12-19 06:11:00,11,13,130
2025-12-19 06:06:00,11,13,127
2025-12-19 06:01:00,11,13,127
2025-12-19 05:56:00,9,12,140
2025-12-19 05:51:00,7,12,165
2025-12-19 05:46:00,7,12,172
2025-12-19 05:41:00,9,12,163
2025-12-19 05:36:00,10,12,149
2025-12-19 05:31:00,9,11,142
2025-12-19 05:26:00,8,11,139
2025-12-19 05:21:00,9,12,137
2025-12-19 05:16:00,9,12,132
2025-12-19 05:11:00,10,13,129
2025-12-19 05:06:00,10,13,131
2025-12-19 05:01:00,11,13,136
2025-12-19 04:51:00,11,16,138
2025-12-19 04:46:00,10,25,145
2025-12-19 04:41:00,11,25,157
2025-12-19 04:36:00,14,25,151
2025-12-19 04:31:00,14,25,137
2025-12-19 04:26:00,11,14,124
2025-12-19 04:21:00,11,16,125
2025-12-19 04:16:00,11,16,127
2025-12-19 04:11:00,12,16,129
2025-12-19 04:06:00,13,16,127
2025-12-19 04:01:00,13,16,127
2025-12-19 03:56:00,13,16,122
2025-12-19 03:51:00,12,15,123
2025-12-19 03:46:00,12,15,118
2025-12-19 03:41:00,12,15,118
2025-12-19 03:36:00,13,15,116
2025-12-19 03:31:00,13,16,115
2025-12-19 03:26:00,13,18,114
2025-12-19 03:21:00,14,19,105
2025-12-19 03:16:00,14,19,105
2025-12-19 03:11:00,14,19,105
2025-12-19 03:06:00,16,19,116
2025-12-19 03:01:00,16,19,116
2025-12-19 02:56:00,15,21,120
2025-12-19 02:51:00,15,21,120
2025-12-19 02:46:00,17,22,118
2025-12-19 02:41:00,19,23,108
2025-12-19 02:36:00,19,23,108
2025-12-19 02:31:00,19,23,108
2025-12-19 02:26:00,19,23,109
2025-12-19 02:21:00,18,23,112
2025-12-19 02:16:00,15,22,116
2025-12-19 02:11:00,15,22,116
2025-12-19 02:06:00,16,20,124
2025-12-19 02:01:00,16,20,124
2025-12-19 01:56:00,15,20,121
2025-12-19 01:51:00,15,18,121
2025-12-19 01:46:00,15,19,122
2025-12-19 01:41:00,15,19,119
2025-12-19 01:36:00,16,21,116
2025-12-19 01:31:00,17,21,114
2025-12-19 01:26:00,17,21,111
2025-12-19 01:21:00,18,21,110
2025-12-19 01:16:00,18,21,108
2025-12-19 01:11:00,16,21,108
2025-12-19 01:06:00,15,17,108
2025-12-19 01:01:00,15,19,106
2025-12-19 00:56:00,14,19,107
2025-12-19 00:51:00,15,19,106
2025-12-19 00:46:00,16,19,105
2025-12-19 00:41:00,16,19,108
2025-12-19 00:36:00,16,19,110
2025-12-19 00:31:00,16,20,107
2025-12-19 00:26:00,16,20,107
2025-12-19 00:21:00,16,20,105
2025-12-19 00:16:00,17,20,104
2025-12-19 00:11:00,16,19,106
2025-12-19 00:06:00,14,17,107
2025-12-19 00:01:00,14,17,109
2025-12-18 23:56:00,14,17,111
2025-12-18 23:51:00,14,16,111
2025-12-18 23:46:00,14,16,111
2025-12-18 23:41:00,13,16,110
2025-12-18 23:36:00,13,17,108
2025-12-18 23:31:00,13,17,108
2025-12-18 23:26:00,14,20,110
2025-12-18 23:21:00,15,21,110
2025-12-18 23:16:00,17,21,109
2025-12-18 23:11:00,17,21,112
2025-12-18 23:06:00,17,21,112
2025-12-18 23:01:00,17,21,108
2025-12-18 22:56:00,17,21,108
2025-12-18 22:51:00,17,21,106
2025-12-18 22:46:00,17,21,106
2025-12-18 22:41:00,17,26,107
2025-12-18 22:36:00,17,26,108
2025-12-18 22:31:00,18,26,105
2025-12-18 22:26:00,16,20,92
2025-12-18 22:21:00,16,20,92
2025-12-18 22:16:00,16,20,92
2025-12-18 22:11:00,16,19,90
2025-12-18 22:01:00,15,18,91
2025-12-18 21:56:00,15,18,94
2025-12-18 21:51:00,14,17,97
2025-12-18 21:46:00,14,17,100
2025-12-18 21:41:00,15,17,99
2025-12-18 21:36:00,15,17,97
2025-12-18 21:31:00,15,18,97
2025-12-18 21:26:00,15,20,97
2025-12-18 21:21:00,15,20,97
2025-12-18 21:16:00,16,20,95
2025-12-18 21:11:00,17,21,95
2025-12-18 21:06:00,16,21,92
2025-12-18 21:01:00,16,21,89
2025-12-18 20:56:00,17,21,88
2025-12-18 20:51:00,16,20,84
2025-12-18 20:46:00,16,20,84
2025-12-18 20:41:00,15,20,87
2025-12-18 20:36:00,15,21,85
2025-12-18 20:31:00,15,21,82
2025-12-18 20:26:00,16,21,80
2025-12-18 20:21:00,16,21,86
2025-12-18 20:16:00,15,20,93
2025-12-18 20:11:00,16,20,95
2025-12-18 20:06:00,17,20,91
2025-12-18 20:01:00,17,20,84
2025-12-18 19:56:00,16,22,81
2025-12-18 19:51:00,17,22,86
2025-12-18 19:46:00,17,22,86
2025-12-18 19:41:00,16,21,79
2025-12-18 19:36:00,16,21,79
2025-12-18 19:31:00,14,20,78
2025-12-18 19:26:00,14,20,78
2025-12-18 19:21:00,15,20,74
2025-12-18 19:16:00,15,20,74
2025-12-18 19:11:00,15,19,76
2025-12-18 19:06:00,15,19,76
2025-12-18 19:01:00,16,19,79
2025-12-18 18:56:00,15,19,83
2025-12-18 18:51:00,14,19,72
2025-12-18 18:46:00,14,19,72
2025-12-18 18:41:00,15,19,75
2025-12-18 18:36:00,16,19,77
2025-12-18 18:31:00,16,19,80
2025-12-18 18:26:00,15,19,78
2025-12-18 18:21:00,15,19,74
2025-12-18 18:16:00,15,19,78
2025-12-18 18:11:00,15,19,81
2025-12-18 18:06:00,15,19,79
2025-12-18 18:01:00,16,19,79
2025-12-18 17:56:00,15,19,79
2025-12-18 17:51:00,15,19,78
2025-12-18 17:46:00,15,19,78
2025-12-18 17:41:00,15,19,76
2025-12-18 17:36:00,15,19,76
2025-12-18 17:31:00,15,19,75
2025-12-18 17:26:00,16,19,77
2025-12-18 17:21:00,15,19,75
2025-12-18 17:16:00,15,19,74
2025-12-18 17:11:00,15,19,70
2025-12-18 17:06:00,15,19,69
2025-12-18 17:01:00,14,17,68
2025-12-18 16:56:00,14,17,68
2025-12-18 16:51:00,14,17,69
2025-12-18 16:46:00,14,17,68
2025-12-18 16:41:00,14,17,67
2025-12-18 16:36:00,14,19,71
2025-12-18 16:31:00,13,19,73
2025-12-18 16:26:00,14,19,72
2025-12-18 16:21:00,15,19,73
2025-12-18 16:16:00,15,20,73
2025-12-18 16:11:00,15,20,69
2025-12-18 16:06:00,15,20,67
2025-12-18 16:01:00,14,18,73
2025-12-18 15:56:00,14,18,73
2025-12-18 15:51:00,14,18,66
2025-12-18 15:46:00,14,18,65
2025-12-18 15:41:00,15,18,67
2025-12-18 15:36:00,15,18,67
2025-12-18 15:31:00,14,18,67
2025-12-18 15:26:00,14,17,65
2025-12-18 15:21:00,13,17,65
2025-12-18 15:16:00,13,17,62
2025-12-18 15:11:00,13,16,58
2025-12-18 15:06:00,13,16,63
2025-12-18 15:01:00,13,16,63
2025-12-18 14:56:00,13,16,58
2025-12-18 14:51:00,12,15,59
2025-12-18 14:46:00,12,15,62
2025-12-18 14:41:00,12,15,64
2025-12-18 14:36:00,12,15,68
2025-12-18 14:31:00,11,15,69
2025-12-18 14:26:00,11,14,68
2025-12-18 14:21:00,11,15,70
2025-12-18 14:16:00,11,15,67
2025-12-18 14:11:00,11,15,64
2025-12-18 14:06:00,11,15,64
2025-12-18 14:01:00,10,13,65
2025-12-18 13:56:00,10,13,66
2025-12-18 13:51:00,10,12,62
2025-12-18 13:46:00,9,12,56
2025-12-18 13:41:00,10,12,64
2025-12-18 13:36:00,9,12,66
2025-12-18 13:31:00,10,12,64
2025-12-18 13:26:00,10,14,66
2025-12-18 13:21:00,10,14,65
2025-12-18 13:16:00,10,14,69
2025-12-18 13:11:00,10,15,64
2025-12-18 13:06:00,10,15,57
2025-12-18 13:01:00,11,16,57
2025-12-18 12:56:00,11,16,57
2025-12-18 12:51:00,12,16,59
2025-12-18 12:46:00,12,16,53
2025-12-18 12:41:00,11,14,49
2025-12-18 12:36:00,10,14,53
2025-12-18 12:31:00,10,14,56
2025-12-18 12:26:00,11,14,66
2025-12-18 12:21:00,11,16,69
2025-12-18 12:16:00,11,16,66
2025-12-18 12:11:00,12,16,63
2025-12-18 12:06:00,12,16,61
2025-12-18 12:01:00,11,14,60
2025-12-18 11:56:00,11,14,60
2025-12-18 11:51:00,12,17,58
2025-12-18 11:46:00,12,17,58
2025-12-18 11:41:00,13,17,49
2025-12-18 11:36:00,13,17,49
2025-12-18 11:31:00,12,17,50
2025-12-18 11:26:00,10,13,43
2025-12-18 11:21:00,10,13,43
2025-12-18 11:16:00,10,13,43
2025-12-18 11:11:00,10,13,40
2025-12-18 11:06:00,11,14,35
2025-12-18 11:01:00,11,14,35
2025-12-18 10:56:00,11,14,35
2025-12-18 10:51:00,12,15,43
2025-12-18 10:46:00,12,15,43
2025-12-18 10:41:00,12,15,43
2025-12-18 10:36:00,12,15,43
2025-12-18 10:31:00,12,15,43
2025-12-18 10:26:00,12,15,43
2025-12-18 10:21:00,12,15,43
2025-12-18 10:16:00,11,14,42
2025-12-18 10:11:00,11,14,42
2025-12-18 10:06:00,12,15,43
2025-12-18 10:01:00,12,15,43
2025-12-18 09:56:00,12,15,43
2025-12-18 09:51:00,12,15,43
2025-12-18 09:46:00,11,14,42
2025-12-18 09:41:00,11,14,42
2025-12-18 09:36:00,11,15,49
2025-12-18 09:31:00,11,16,47
2025-12-18 09:26:00,11,16,44
2025-12-18 09:21:00,11,16,44
2025-12-18 09:16:00,11,16,44
2025-12-18 09:11:00,12,16,38
2025-12-18 09:06:00,12,16,38
2025-12-18 09:01:00,12,17,39
2025-12-18 08:56:00,14,20,40
2025-12-18 08:51:00,14,20,40
2025-12-18 08:46:00,14,20,40
2025-12-18 08:41:00,14,20,42
2025-12-18 08:36:00,14,16,43
2025-12-18 08:31:00,14,16,43
2025-12-18 08:26:00,14,16,43
2025-12-18 08:21:00,13,16,46
2025-12-18 08:16:00,13,16,46
2025-12-18 08:11:00,13,16,44
2025-12-18 08:06:00,13,16,49
2025-12-18 08:01:00,13,18,51
2025-12-18 07:56:00,13,18,51
2025-12-18 07:51:00,15,18,46
2025-12-18 07:46:00,15,18,45
2025-12-18 07:41:00,15,18,45
2025-12-18 07:36:00,15,18,40
2025-12-18 07:31:00,14,18,38
2025-12-18 07:26:00,15,18,36
2025-12-18 07:21:00,15,18,39
2025-12-18 07:16:00,14,18,45
2025-12-18 07:11:00,13,16,48
2025-12-18 07:06:00,13,15,48
2025-12-18 07:01:00,13,16,42
2025-12-18 06:56:00,12,16,47
2025-12-18 06:51:00,12,16,47
2025-12-18 06:46:00,13,17,49
2025-12-18 06:41:00,13,18,49
2025-12-18 06:36:00,14,18,49
2025-12-18 06:31:00,16,18,46
2025-12-18 06:26:00,16,18,46
2025-12-18 06:21:00,14,18,40
2025-12-18 06:16:00,13,16,38
2025-12-18 06:11:00,12,15,44
2025-12-18 06:06:00,12,15,45
2025-12-18 06:01:00,11,15,43
2025-12-18 05:56:00,11,13,42
2025-12-18 05:51:00,10,14,40
2025-12-18 05:46:00,11,14,32
2025-12-18 05:41:00,11,14,29
2025-12-18 05:31:00,11,13,37
2025-12-18 05:26:00,11,13,38
2025-12-18 05:21:00,10,15,37
2025-12-18 05:16:00,11,15,33
2025-12-18 05:11:00,11,15,35
2025-12-18 05:06:00,11,15,36
2025-12-18 05:01:00,10,13,34
2025-12-18 04:56:00,10,13,34
2025-12-18 04:51:00,10,13,36
2025-12-18 04:46:00,10,13,32
2025-12-18 04:41:00,10,13,36
2025-12-18 04:36:00,10,12,32
2025-12-18 04:31:00,9,12,25
2025-12-18 04:26:00,9,13,34
2025-12-18 04:21:00,9,14,38
2025-12-18 04:16:00,10,14,33
2025-12-18 04:11:00,10,14,35
2025-12-18 04:06:00,11,14,41
2025-12-18 04:01:00,10,13,42
2025-12-18 03:56:00,9,12,37
2025-12-18 03:51:00,9,12,31
2025-12-18 03:46:00,9,12,28
2025-12-18 03:41:00,9,12,30
2025-12-18 03:36:00,9,11,27
2025-12-18 03:31:00,8,11,22
2025-12-18 03:26:00,7,11,20
2025-12-18 03:21:00,8,12,17
2025-12-18 03:16:00,9,12,18
2025-12-18 03:11:00,9,12,17
2025-12-18 03:06:00,8,12,19
2025-12-18 03:01:00,8,11,26
2025-12-18 02:56:00,8,11,26
2025-12-18 02:51:00,8,11,28
2025-12-18 02:46:00,8,11,31
2025-12-18 02:41:00,8,11,32
2025-12-18 02:36:00,7,11,31
2025-12-18 02:31:00,7,10,25
2025-12-18 02:26:00,7,10,26
2025-12-18 02:21:00,7,10,32
2025-12-18 02:16:00,6,10,34
2025-12-18 02:11:00,7,9,31
2025-12-18 02:06:00,7,9,34
2025-12-18 02:01:00,6,8,37
2025-12-18 01:56:00,6,8,37
2025-12-18 01:51:00,5,8,36
2025-12-18 01:46:00,5,7,36
2025-12-18 01:41:00,5,7,37
2025-12-18 01:36:00,5,9,39
2025-12-18 01:26:00,4,9,42
2025-12-18 01:21:00,5,9,55
2025-12-18 01:16:00,5,7,73
2025-12-18 01:11:00,5,7,85
2025-12-18 01:06:00,5,8,83
2025-12-18 01:01:00,5,8,87
2025-12-18 00:56:00,5,8,97
2025-12-18 00:51:00,5,8,96
2025-12-18 00:46:00,5,8,98
2025-12-18 00:41:00,5,8,101
2025-12-18 00:36:00,6,8,93
2025-12-18 00:31:00,5,8,84
2025-12-18 00:26:00,5,7,75
2025-12-18 00:21:00,4,7,69
2025-12-18 00:16:00,5,7,61
2025-12-18 00:11:00,5,7,54
2025-12-18 00:06:00,5,8,51
2025-12-18 00:01:00,5,8,46
2025-12-17 23:56:00,5,8,48
2025-12-17 23:51:00,6,8,64
2025-12-17 23:46:00,5,7,71
2025-12-17 23:41:00,5,6,68
2025-12-17 23:36:00,4,6,60
2025-12-17 23:31:00,3,6,56
2025-12-17 23:26:00,3,6,50
2025-12-17 23:21:00,4,6,40
2025-12-17 23:16:00,4,6,47
2025-12-17 23:11:00,4,7,56
2025-12-17 23:06:00,4,7,49
2025-12-17 23:01:00,5,8,47
2025-12-17 22:56:00,5,8,58
2025-12-17 22:51:00,6,8,67
2025-12-17 22:46:00,6,8,74
2025-12-17 22:41:00,5,8,71
2025-12-17 22:36:00,6,8,67
2025-12-17 22:31:00,6,9,74
2025-12-17 22:26:00,6,9,76
2025-12-17 22:21:00,7,9,78
2025-12-17 22:16:00,7,9,83
2025-12-17 22:11:00,7,10,86
2025-12-17 22:06:00,7,10,85
2025-12-17 22:01:00,7,10,86
2025-12-17 21:56:00,8,11,90
2025-12-17 21:51:00,8,11,95
2025-12-17 21:46:00,8,11,94
2025-12-17 21:41:00,8,11,90
2025-12-17 21:36:00,8,11,88
2025-12-17 21:31:00,8,10,90
2025-12-17 21:26:00,8,10,89
2025-12-17 21:21:00,8,10,88
2025-12-17 21:16:00,7,10,85
2025-12-17 21:11:00,7,10,79
2025-12-17 21:06:00,7,10,82
2025-12-17 21:01:00,8,10,82
2025-12-17 20:56:00,8,9,78
2025-12-17 20:51:00,7,9,78
2025-12-17 20:46:00,7,9,78
2025-12-17 20:41:00,6,8,81
2025-12-17 20:36:00,6,10,83
2025-12-17 20:31:00,7,10,78
2025-12-17 20:26:00,7,11,76
2025-12-17 20:21:00,8,11,78
2025-12-17 20:16:00,8,11,82
2025-12-17 20:11:00,8,11,88
2025-12-17 20:06:00,7,9,93
2025-12-17 20:01:00,7,10,89
2025-12-17 19:56:00,7,10,87
2025-12-17 19:51:00,7,10,87
2025-12-17 19:46:00,8,10,83
2025-12-17 19:41:00,8,12,84
2025-12-17 19:36:00,8,12,81
2025-12-17 19:31:00,9,12,76
2025-12-17 19:26:00,9,12,75
2025-12-17 19:21:00,9,12,75
2025-12-17 19:16:00,9,12,70
2025-12-17 19:11:00,8,11,58
2025-12-17 19:06:00,7,9,52
2025-12-17 19:01:00,6,10,53
2025-12-17 18:56:00,6,10,49
2025-12-17 18:51:00,7,10,35
2025-12-17 18:46:00,8,10,36
2025-12-17 18:41:00,7,10,40
2025-12-17 18:36:00,6,9,34
2025-12-17 18:31:00,5,8,38
2025-12-17 18:26:00,5,10,46
2025-12-17 18:21:00,5,10,59
2025-12-17 18:16:00,5,10,58
2025-12-17 18:11:00,6,10,53
2025-12-17 18:06:00,6,9,53
2025-12-17 18:01:00,6,9,50
2025-12-17 17:56:00,6,8,49
2025-12-17 17:51:00,6,8,42
2025-12-17 17:46:00,6,8,44
2025-12-17 17:41:00,6,8,55
2025-12-17 17:36:00,6,8,58
2025-12-17 17:31:00,5,7,60
2025-12-17 17:26:00,5,6,69
2025-12-17 17:21:00,5,7,74
2025-12-17 17:16:00,4,7,72
2025-12-17 17:11:00,5,7,64
2025-12-17 17:06:00,5,7,60
2025-12-17 17:01:00,4,6,69
2025-12-17 16:56:00,4,6,76
2025-12-17 16:51:00,3,6,80
2025-12-17 16:46:00,4,6,85
2025-12-17 16:41:00,4,6,80
2025-12-17 16:36:00,4,6,79
2025-12-17 16:31:00,4,6,91
2025-12-17 16:26:00,4,7,93
2025-12-17 16:21:00,4,7,104
2025-12-17 16:16:00,5,7,117
2025-12-17 16:11:00,6,7,113
2025-12-17 16:06:00,5,7,104
2025-12-17 16:01:00,5,7,102
2025-12-17 15:56:00,4,7,99
2025-12-17 15:51:00,4,6,105
2025-12-17 15:46:00,5,6,105
2025-12-17 15:41:00,4,6,96
2025-12-17 15:36:00,4,6,106
2025-12-17 15:31:00,4,6,115
2025-12-17 15:26:00,4,6,118
2025-12-17 15:21:00,4,6,113
2025-12-17 15:16:00,4,6,102
2025-12-17 15:11:00,4,7,104
2025-12-17 15:06:00,4,7,110
2025-12-17 15:01:00,5,7,103
2025-12-17 14:56:00,4,7,101
2025-12-17 14:51:00,4,6,113
2025-12-17 14:46:00,4,6,129
2025-12-17 14:41:00,4,6,126
2025-12-17 14:36:00,4,7,117
2025-12-17 14:31:00,4,7,117
2025-12-17 14:26:00,5,8,123
2025-12-17 14:21:00,5,8,118
2025-12-17 14:16:00,5,8,113
2025-12-17 14:11:00,6,8,127
2025-12-17 14:06:00,6,8,135
2025-12-17 14:01:00,6,8,131
2025-12-17 13:56:00,6,9,130
2025-12-17 13:51:00,6,9,132
2025-12-17 13:46:00,7,9,125
2025-12-17 13:41:00,7,9,119
2025-12-17 13:36:00,8,9,120
2025-12-17 13:31:00,7,11,123
2025-12-17 13:26:00,7,11,124
2025-12-17 13:21:00,7,11,122
2025-12-17 13:16:00,8,11,122
2025-12-17 13:11:00,8,11,123
2025-12-17 13:06:00,8,11,121
2025-12-17 13:01:00,8,12,124
2025-12-17 12:56:00,8,12,125
2025-12-17 12:51:00,8,12,123
2025-12-17 12:46:00,8,12,122
2025-12-17 12:41:00,8,11,121
2025-12-17 12:36:00,8,11,123
2025-12-17 12:31:00,9,11,123
2025-12-17 12:26:00,9,11,124
2025-12-17 12:21:00,9,11,125
2025-12-17 12:16:00,9,11,122
2025-12-17 12:11:00,9,11,121
2025-12-17 12:06:00,9,12,120
2025-12-17 12:01:00,9,12,118
2025-12-17 11:56:00,9,14,115
2025-12-17 11:51:00,10,14,115
2025-12-17 11:46:00,11,15,116
2025-12-17 11:41:00,11,16,114
2025-12-17 11:36:00,11,16,113
2025-12-17 11:31:00,12,16,110
2025-12-17 11:26:00,12,16,112
2025-12-17 11:21:00,12,15,114
2025-12-17 11:16:00,11,14,112
2025-12-17 11:11:00,11,14,110
2025-12-17 11:06:00,11,14,106
2025-12-17 11:01:00,11,15,108
2025-12-17 10:56:00,11,15,110
2025-12-17 10:51:00,12,15,107
2025-12-17 10:46:00,10,15,102
2025-12-17 10:41:00,10,13,102
2025-12-17 10:36:00,10,13,100
2025-12-17 10:31:00,11,13,93
2025-12-17 10:26:00,11,14,92
2025-12-17 10:21:00,11,14,88
2025-12-17 10:16:00,11,15,81
2025-12-17 10:11:00,11,15,80
2025-12-17 10:06:00,11,15,84
2025-12-17 10:01:00,11,15,86
2025-12-17 09:56:00,11,14,88
2025-12-17 09:51:00,11,14,90
2025-12-17 09:46:00,11,14,92
2025-12-17 09:41:00,11,14,96
2025-12-17 09:36:00,11,14,93
2025-12-17 09:31:00,11,14,90
2025-12-17 09:26:00,10,13,86
2025-12-17 09:21:00,9,13,82
2025-12-17 09:16:00,9,14,83
2025-12-17 09:11:00,10,14,80
2025-12-17 09:06:00,11,14,80
2025-12-17 09:01:00,11,14,83
2025-12-17 08:56:00,10,14,80
2025-12-17 08:51:00,9,13,74
2025-12-17 08:46:00,9,13,71
2025-12-17 08:41:00,9,14,72
2025-12-17 08:36:00,10,16,73
2025-12-17 08:31:00,11,16,68
2025-12-17 08:26:00,11,16,71
2025-12-17 08:21:00,11,16,75
2025-12-17 08:16:00,11,14,74
2025-12-17 08:11:00,10,14,76
2025-12-17 08:06:00,10,14,80
2025-12-17 08:01:00,10,14,74
2025-12-17 07:56:00,10,14,62
2025-12-17 07:51:00,10,14,62
2025-12-17 07:46:00,9,13,67
2025-12-17 07:41:00,9,14,70
2025-12-17 07:36:00,9,14,71
2025-12-17 07:31:00,10,14,62
2025-12-17 07:26:00,10,16,56
2025-12-17 07:21:00,11,17,55
2025-12-17 07:16:00,12,17,53
2025-12-17 07:11:00,13,17,50
2025-12-17 07:06:00,13,17,53
2025-12-17 07:01:00,12,15,60
2025-12-17 06:56:00,11,15,56
2025-12-17 06:51:00,12,15,49
2025-12-17 06:46:00,12,16,50
2025-12-17 06:41:00,11,16,48
2025-12-17 06:36:00,12,16,45
2025-12-17 06:31:00,11,16,48
2025-12-17 06:26:00,10,15,49
2025-12-17 06:21:00,11,15,52
2025-12-17 06:16:00,12,15,55
2025-12-17 06:11:00,11,14,50
2025-12-17 06:06:00,10,14,45
2025-12-17 06:01:00,10,14,49
2025-12-17 05:56:00,11,14,61
2025-12-17 05:51:00,11,14,67
2025-12-17 05:46:00,10,14,64
2025-12-17 05:41:00,9,13,56
2025-12-17 05:36:00,9,12,49
2025-12-17 05:31:00,8,10,53
2025-12-17 05:26:00,7,10,64
2025-12-17 05:21:00,7,10,75
2025-12-17 05:16:00,7,10,80
2025-12-17 05:11:00,7,10,81
2025-12-17 05:06:00,8,10,78
2025-12-17 05:01:00,8,10,78
2025-12-17 04:56:00,7,10,81
2025-12-17 04:51:00,7,10,74
2025-12-17 04:46:00,8,10,66
2025-12-17 04:41:00,8,10,65
2025-12-17 04:36:00,7,10,63
2025-12-17 04:31:00,7,9,65
2025-12-17 04:26:00,7,9,73
2025-12-17 04:21:00,6,9,75
2025-12-17 04:16:00,6,9,82
2025-12-17 04:11:00,6,9,85
2025-12-17 04:06:00,7,9,83
2025-12-17 04:01:00,7,9,86
2025-12-17 03:56:00,6,9,91
2025-12-17 03:51:00,5,9,99
2025-12-17 03:46:00,6,9,97
2025-12-17 03:41:00,6,9,89
2025-12-17 03:36:00,6,11,82
2025-12-17 03:31:00,6,11,71
2025-12-17 03:26:00,7,11,66
2025-12-17 03:21:00,6,11,59
2025-12-17 03:16:00,7,12,46
2025-12-17 03:11:00,7,12,52
2025-12-17 03:06:00,7,12,62
2025-12-17 03:01:00,8,12,62
2025-12-17 02:56:00,9,12,56
2025-12-17 02:51:00,8,12,44
2025-12-17 02:46:00,7,12,33
2025-12-17 02:41:00,8,12,32
2025-12-17 02:36:00,8,12,35
2025-12-17 02:31:00,6,12,38
2025-12-17 02:26:00,7,10,34
2025-12-17 02:21:00,7,11,27
2025-12-17 02:16:00,7,11,21
2025-12-17 02:11:00,7,11,20
2025-12-17 02:06:00,7,11,21
2025-12-17 02:01:00,7,10,18
2025-12-17 01:56:00,7,10,18
2025-12-17 01:51:00,7,10,18
2025-12-17 01:46:00,6,11,18
2025-12-17 01:41:00,7,12,28
2025-12-17 01:36:00,9,12,26
2025-12-17 01:31:00,9,12,23
2025-12-17 01:26:00,9,13,22
2025-12-17 01:21:00,9,13,25
2025-12-17 01:16:00,9,13,29
2025-12-17 01:11:00,9,14,27
2025-12-17 01:06:00,9,14,27
2025-12-17 01:01:00,10,14,25
2025-12-17 00:56:00,10,14,20
2025-12-17 00:51:00,10,14,18
2025-12-17 00:46:00,9,14,18
2025-12-17 00:41:00,10,14,24
2025-12-17 00:36:00,10,15,31
2025-12-17 00:31:00,11,15,28
2025-12-17 00:26:00,11,15,26
2025-12-17 00:21:00,11,15,23
2025-12-17 00:16:00,10,14,25
2025-12-17 00:11:00,10,14,33
2025-12-17 00:06:00,9,15,25
2025-12-17 00:01:00,10,15,21
2025-12-16 23:56:00,11,15,25
2025-12-16 23:51:00,11,15,28
2025-12-16 23:46:00,11,15,21
2025-12-16 23:41:00,11,15,17
2025-12-16 23:36:00,10,14,21
2025-12-16 23:31:00,10,14,21
2025-12-16 23:26:00,10,16,19
2025-12-16 23:21:00,10,16,19
2025-12-16 23:16:00,11,16,17
2025-12-16 23:11:00,10,16,15
2025-12-16 23:06:00,10,15,14
2025-12-16 23:01:00,10,15,17
2025-12-16 22:56:00,10,16,19
2025-12-16 22:51:00,10,16,16
2025-12-16 22:46:00,11,16,21
2025-12-16 22:41:00,12,16,21
2025-12-16 22:36:00,11,15,16
2025-12-16 22:31:00,10,15,7
2025-12-16 22:26:00,11,15,356
2025-12-16 22:21:00,11,15,359
2025-12-16 22:16:00,11,16,8
2025-12-16 22:11:00,10,16,3
2025-12-16 22:06:00,11,18,357
2025-12-16 22:01:00,11,18,6
2025-12-16 21:56:00,11,18,10
2025-12-16 21:51:00,10,18,3
2025-12-16 21:46:00,9,12,2
2025-12-16 21:41:00,9,14,6
2025-12-16 21:36:00,9,14,3
2025-12-16 21:31:00,9,14,5
2025-12-16 21:26:00,9,14,12
2025-12-16 21:21:00,9,14,9
2025-12-16 21:16:00,10,14,4
2025-12-16 21:11:00,9,13,11
2025-12-16 21:06:00,9,13,18
2025-12-16 21:01:00,9,13,15
2025-12-16 20:56:00,9,13,8
2025-12-16 20:51:00,10,13,8
2025-12-16 20:46:00,10,13,9
2025-12-16 20:41:00,10,13,6
2025-12-16 20:36:00,10,14,6
2025-12-16 20:31:00,10,15,14
2025-12-16 20:26:00,10,15,13
2025-12-16 20:21:00,11,15,14
2025-12-16 20:16:00,10,15,16
2025-12-16 20:11:00,10,14,11
2025-12-16 20:06:00,11,14,11
2025-12-16 20:01:00,10,14,10
2025-12-16 19:56:00,11,14,14
2025-12-16 19:51:00,10,14,18
2025-12-16 19:46:00,10,17,14
2025-12-16 19:41:00,11,17,13
2025-12-16 19:36:00,12,17,14
2025-12-16 19:31:00,12,17,13
2025-12-16 19:26:00,12,15,4
2025-12-16 19:21:00,11,15,0
2025-12-16 19:16:00,12,16,359
2025-12-16 19:11:00,11,16,0
2025-12-16 19:06:00,11,16,5
2025-12-16 19:01:00,10,16,7
2025-12-16 18:56:00,10,13,9
2025-12-16 18:51:00,10,15,359
2025-12-16 18:46:00,9,15,354
2025-12-16 18:41:00,10,15,355
2025-12-16 18:36:00,11,15,352
2025-12-16 18:31:00,11,15,351
2025-12-16 18:26:00,11,16,359
2025-12-16 18:21:00,9,16,359
2025-12-16 18:16:00,11,16,348
2025-12-16 18:11:00,12,16,356
2025-12-16 18:06:00,12,16,5
2025-12-16 18:01:00,12,16,0
2025-12-16 17:56:00,10,15,356
2025-12-16 17:51:00,11,15,353
2025-12-16 17:46:00,11,15,351
2025-12-16 17:41:00,11,16,351
2025-12-16 17:36:00,11,18,347
2025-12-16 17:31:00,12,18,344
2025-12-16 17:26:00,12,18,352
2025-12-16 17:21:00,13,18,357
2025-12-16 17:16:00,13,16,356
2025-12-16 17:11:00,12,16,349
2025-12-16 17:06:00,11,17,346
2025-12-16 17:01:00,11,17,347
2025-12-16 16:56:00,12,17,347
2025-12-16 16:51:00,12,17,340
2025-12-16 16:46:00,11,16,338
2025-12-16 16:41:00,12,16,346
2025-12-16 16:36:00,12,16,345
2025-12-16 16:31:00,11,16,343
2025-12-16 16:26:00,10,14,344
2025-12-16 16:21:00,11,16,344
2025-12-16 16:16:00,11,16,345
2025-12-16 16:11:00,11,16,345
2025-12-16 16:06:00,10,16,337
2025-12-16 16:01:00,9,14,324
2025-12-16 15:56:00,10,14,324
2025-12-16 15:51:00,8,14,337
2025-12-16 15:46:00,8,12,344
2025-12-16 15:41:00,9,13,339
2025-12-16 15:36:00,9,13,334
2025-12-16 15:31:00,9,13,332
2025-12-16 15:26:00,9,14,333
2025-12-16 15:21:00,9,14,333
2025-12-16 15:16:00,9,14,331
2025-12-16 15:11:00,9,14,342
2025-12-16 15:06:00,8,14,344
2025-12-16 15:01:00,9,14,341
2025-12-16 14:56:00,10,14,336
2025-12-16 14:51:00,10,16,333
2025-12-16 14:46:00,10,16,336
2025-12-16 14:41:00,11,16,334
2025-12-16 14:36:00,11,16,332
2025-12-16 14:31:00,11,16,332
2025-12-16 14:26:00,10,15,333
2025-12-16 14:21:00,10,15,333
2025-12-16 14:16:00,11,15,355
2025-12-16 14:11:00,11,14,356
2025-12-16 14:06:00,10,14,356
2025-12-16 14:01:00,10,14,348
2025-12-16 13:56:00,10,14,345
2025-12-16 13:51:00,9,14,346
2025-12-16 13:46:00,10,14,337
2025-12-16 13:41:00,9,14,336
2025-12-16 13:36:00,9,14,341
2025-12-16 13:31:00,10,14,348
2025-12-16 13:26:00,10,14,359
2025-12-16 13:21:00,9,14,8
2025-12-16 13:16:00,10,14,15
2025-12-16 13:11:00,10,14,15
2025-12-16 13:06:00,10,14,10
2025-12-16 13:01:00,10,14,10
2025-12-16 12:56:00,11,17,3
2025-12-16 12:51:00,11,17,3
2025-12-16 12:46:00,13,18,358
2025-12-16 12:41:00,13,18,358
2025-12-16 12:36:00,11,18,353
2025-12-16 12:31:00,11,18,353
2025-12-16 12:26:00,6,9,353
2025-12-16 12:21:00,6,9,353
2025-12-16 12:16:00,6,9,5
2025-12-16 12:11:00,6,9,353
2025-12-16 12:06:00,6,9,353
2025-12-16 12:01:00,4,8,345
2025-12-16 11:56:00,4,15,350
2025-12-16 11:51:00,5,15,333
2025-12-16 11:46:00,8,15,315
2025-12-16 11:41:00,8,15,315
2025-12-16 11:36:00,12,17,331
2025-12-16 11:31:00,11,17,323
2025-12-16 11:26:00,11,17,304
2025-12-16 11:21:00,13,17,310
2025-12-16 11:16:00,13,17,330
2025-12-16 11:11:00,13,17,339
2025-12-16 11:06:00,11,16,344
2025-12-16 11:01:00,11,16,344
2025-12-16 10:56:00,8,12,354
2025-12-16 10:51:00,6,10,343
2025-12-16 10:46:00,6,9,348
2025-12-16 10:41:00,6,9,348
2025-12-16 10:36:00,5,10,341
2025-12-16 10:31:00,5,10,341
2025-12-16 10:26:00,6,12,353
2025-12-16 10:21:00,6,12,353
2025-12-16 10:16:00,8,17,345
2025-12-16 10:11:00,10,18,342
2025-12-16 10:06:00,13,18,349
2025-12-16 10:01:00,15,20,351
2025-12-16 09:56:00,15,20,350
2025-12-16 09:51:00,15,20,351
2025-12-16 09:46:00,16,20,350
2025-12-16 09:41:00,15,20,348
2025-12-16 09:36:00,12,20,350
2025-12-16 09:31:00,12,20,350
2025-12-16 09:26:00,9,14,354
2025-12-16 09:21:00,9,15,354
2025-12-16 09:16:00,10,15,354
2025-12-16 09:11:00,10,15,354
2025-12-16 09:06:00,11,16,334
2025-12-16 09:01:00,10,16,346
2025-12-16 08:56:00,10,16,349
2025-12-16 08:51:00,10,16,349
2025-12-16 08:46:00,10,14,346
2025-12-16 08:41:00,10,14,346
2025-12-16 08:36:00,10,15,355
2025-12-16 08:31:00,11,15,353
2025-12-16 08:26:00,11,15,357
2025-12-16 08:21:00,11,15,3
2025-12-16 08:16:00,10,14,356
2025-12-16 08:11:00,10,14,354
2025-12-16 08:06:00,10,14,2
2025-12-16 08:01:00,10,14,2
2025-12-16 07:56:00,10,14,355
2025-12-16 07:51:00,10,17,0
2025-12-16 07:46:00,10,17,15
2025-12-16 07:41:00,10,17,15
2025-12-16 07:36:00,11,17,22
2025-12-16 07:31:00,11,18,12
2025-12-16 07:26:00,12,19,14
2025-12-16 07:21:00,12,19,14
2025-12-16 07:16:00,15,22,16
2025-12-16 07:11:00,15,22,17
2025-12-16 07:06:00,15,22,15
2025-12-16 07:01:00,15,22,15
2025-12-16 06:56:00,13,21,356
2025-12-16 06:51:00,13,21,356
2025-12-16 06:46:00,11,16,345
2025-12-16 06:41:00,11,16,345
2025-12-16 06:36:00,12,16,347
2025-12-16 06:31:00,12,16,347
2025-12-16 06:26:00,10,14,350
2025-12-16 06:21:00,10,14,350
2025-12-16 06:16:00,8,12,6
2025-12-16 06:11:00,8,12,6
2025-12-16 06:01:00,10,15,1
2025-12-16 05:56:00,11,17,353
2025-12-16 05:51:00,11,17,353
2025-12-16 05:46:00,11,18,352
2025-12-16 05:41:00,12,18,1
2025-12-16 05:31:00,14,19,358
2025-12-16 05:26:00,13,19,352
2025-12-16 05:21:00,13,19,351
2025-12-16 05:16:00,13,19,356
2025-12-16 05:11:00,13,19,356
2025-12-16 05:01:00,12,17,351
2025-12-16 04:56:00,12,18,354
2025-12-16 04:51:00,12,18,354
2025-12-16 04:46:00,13,18,352
2025-12-16 04:41:00,13,18,344
2025-12-16 04:36:00,13,18,342
2025-12-16 04:31:00,13,18,343
2025-12-16 04:26:00,12,18,346
2025-12-16 04:21:00,12,18,346
2025-12-16 04:16:00,11,17,348
2025-12-16 04:11:00,11,17,348
2025-12-16 04:06:00,11,17,355
2025-12-16 04:01:00,11,16,354
2025-12-16 03:56:00,10,16,358
2025-12-16 03:51:00,10,16,358
2025-12-16 03:46:00,10,17,355
2025-12-16 03:41:00,10,17,353
2025-12-16 03:36:00,10,17,355
2025-12-16 03:31:00,12,19,355
2025-12-16 03:26:00,12,19,352
2025-12-16 03:21:00,13,19,346
2025-12-16 03:16:00,13,19,343
2025-12-16 03:11:00,13,19,333
2025-12-16 03:06:00,14,19,327
2025-12-16 03:01:00,14,19,324
2025-12-16 02:51:00,13,22,323
2025-12-16 02:46:00,13,22,332
2025-12-16 02:41:00,14,22,332
2025-12-16 02:36:00,14,23,320
2025-12-16 02:31:00,16,23,313
2025-12-16 02:26:00,16,23,323
2025-12-16 02:21:00,14,23,335
2025-12-16 02:16:00,12,18,341
2025-12-16 02:11:00,12,18,341
2025-12-16 02:06:00,13,18,351
2025-12-16 02:01:00,13,18,356
2025-12-16 01:56:00,13,20,354
2025-12-16 01:51:00,13,20,354
2025-12-16 01:46:00,16,23,355
2025-12-16 01:41:00,17,23,354
2025-12-16 01:36:00,18,23,351
2025-12-16 01:31:00,18,23,351
2025-12-16 01:26:00,16,22,355
2025-12-16 01:21:00,15,19,357
2025-12-16 01:16:00,14,22,350
2025-12-16 01:11:00,14,22,348
2025-12-16 01:06:00,15,22,346
2025-12-16 01:01:00,15,22,350
2025-12-16 00:56:00,11,26,358
2025-12-16 00:51:00,10,27,353
2025-12-16 00:46:00,12,27,345
2025-12-16 00:41:00,15,27,332
2025-12-16 00:36:00,19,27,330
2025-12-16 00:31:00,20,25,334
2025-12-16 00:26:00,17,23,337
2025-12-16 00:21:00,14,19,334
2025-12-16 00:16:00,14,19,339
2025-12-16 00:11:00,13,19,348
2025-12-16 00:06:00,13,19,346
2025-12-16 00:01:00,14,19,341
2025-12-15 23:56:00,14,19,337
2025-12-15 23:51:00,14,21,339
2025-12-15 23:46:00,14,21,339
2025-12-15 23:41:00,14,21,328
2025-12-15 23:36:00,15,21,323
2025-12-15 23:31:00,15,22,353
2025-12-15 23:26:00,15,22,353
2025-12-15 23:21:00,15,22,353
2025-12-15 23:16:00,16,24,1
2025-12-15 23:11:00,18,24,3
2025-12-15 23:06:00,18,24,1
2025-12-15 23:01:00,18,24,359
2025-12-15 22:56:00,18,24,0
2025-12-15 22:51:00,17,24,347
2025-12-15 22:46:00,16,24,341
2025-12-15 22:41:00,16,24,350
2025-12-15 22:36:00,17,24,348
2025-12-15 22:31:00,17,23,332
2025-12-15 22:26:00,17,23,332
2025-12-15 22:21:00,15,23,339
2025-12-15 22:16:00,16,23,347
2025-12-15 22:11:00,16,23,350
2025-12-15 22:06:00,16,23,345
2025-12-15 22:01:00,15,23,342
2025-12-15 21:56:00,16,23,351
2025-12-15 21:51:00,18,23,356
2025-12-15 21:46:00,18,22,354
2025-12-15 21:41:00,18,22,351
2025-12-15 21:36:00,16,22,343
2025-12-15 21:31:00,16,22,347
2025-12-15 21:26:00,16,24,359
2025-12-15 21:21:00,17,24,348
2025-12-15 21:16:00,19,24,338
2025-12-15 21:11:00,18,24,343
2025-12-15 21:06:00,16,26,352
2025-12-15 21:01:00,18,26,357
2025-12-15 20:56:00,20,26,354
2025-12-15 20:51:00,20,24,354
2025-12-15 20:46:00,20,24,354
2025-12-15 20:41:00,18,23,351
2025-12-15 20:36:00,17,24,343
2025-12-15 20:31:00,18,27,339
2025-12-15 20:26:00,19,27,337
2025-12-15 20:21:00,20,27,337
2025-12-15 20:16:00,20,27,339
2025-12-15 20:11:00,19,25,349
2025-12-15 20:06:00,18,26,357
2025-12-15 20:01:00,18,26,353
2025-12-15 19:56:00,19,26,350
2025-12-15 19:51:00,19,26,351
2025-12-15 19:46:00,18,24,353
2025-12-15 19:41:00,18,23,350
2025-12-15 19:36:00,18,22,335
2025-12-15 19:31:00,18,22,326
2025-12-15 19:26:00,18,23,336
2025-12-15 19:21:00,18,24,344
2025-12-15 19:16:00,17,24,337
2025-12-15 19:11:00,17,24,339
2025-12-15 19:06:00,18,24,340
2025-12-15 19:01:00,18,24,338
2025-12-15 18:56:00,19,25,340
2025-12-15 18:51:00,19,25,342
2025-12-15 18:46:00,20,25,341
2025-12-15 18:41:00,19,25,338
2025-12-15 18:36:00,18,22,336
2025-12-15 18:31:00,17,23,341
2025-12-15 18:26:00,16,23,343
2025-12-15 18:21:00,17,23,334
2025-12-15 18:16:00,18,23,333
2025-12-15 18:11:00,17,23,338
2025-12-15 18:06:00,15,23,341
2025-12-15 18:01:00,15,23,343
2025-12-15 17:56:00,17,23,344
2025-12-15 17:51:00,18,25,349
2025-12-15 17:46:00,17,27,353
2025-12-15 17:41:00,19,27,350
2025-12-15 17:36:00,21,27,347
2025-12-15 17:31:00,21,27,345
2025-12-15 17:26:00,19,28,342
2025-12-15 17:21:00,18,28,341
2025-12-15 17:16:00,20,28,342
2025-12-15 17:11:00,20,28,339
2025-12-15 17:06:00,19,26,336
2025-12-15 17:01:00,20,25,337
2025-12-15 16:56:00,19,27,337
2025-12-15 16:51:00,18,27,332
2025-12-15 16:46:00,19,27,328
2025-12-15 16:41:00,20,27,326
2025-12-15 16:36:00,19,26,331
2025-12-15 16:31:00,19,26,339
2025-12-15 16:26:00,19,26,339
2025-12-15 16:21:00,19,26,338
2025-12-15 16:16:00,19,26,336
2025-12-15 16:11:00,20,26,332
2025-12-15 16:06:00,21,26,328
2025-12-15 16:01:00,20,26,331
2025-12-15 15:56:00,19,26,336
2025-12-15 15:51:00,20,26,334
2025-12-15 15:46:00,19,26,333
2025-12-15 15:41:00,20,26,329
2025-12-15 15:36:00,20,26,329
2025-12-15 15:31:00,20,27,326
2025-12-15 15:26:00,20,28,326
2025-12-15 15:21:00,21,28,326
2025-12-15 15:16:00,21,29,327
2025-12-15 15:11:00,22,29,329
2025-12-15 15:06:00,22,30,329
2025-12-15 15:01:00,22,30,333
2025-12-15 14:56:00,23,31,342
2025-12-15 14:51:00,24,31,344
2025-12-15 14:46:00,24,31,336
2025-12-15 14:41:00,24,31,330
2025-12-15 14:36:00,23,30,327
2025-12-15 14:31:00,24,30,325
2025-12-15 14:26:00,25,32,323
2025-12-15 14:21:00,24,32,326
2025-12-15 14:16:00,24,34,328
2025-12-15 14:11:00,25,34,324
2025-12-15 14:06:00,24,34,326
2025-12-15 14:01:00,25,34,326
2025-12-15 13:56:00,24,33,321
2025-12-15 13:51:00,24,33,321
2025-12-15 13:46:00,26,34,323
2025-12-15 13:41:00,27,34,322
2025-12-15 13:36:00,26,35,320
2025-12-15 13:31:00,26,35,320
2025-12-15 13:26:00,28,35,320
2025-12-15 13:21:00,27,35,321
2025-12-15 13:16:00,26,34,324
2025-12-15 13:11:00,27,34,323
2025-12-15 13:06:00,28,34,319
2025-12-15 13:01:00,27,34,318
2025-12-15 12:56:00,27,35,319
2025-12-15 12:51:00,27,35,319
2025-12-15 12:46:00,28,35,320
2025-12-15 12:41:00,28,35,321
2025-12-15 12:36:00,28,35,318
2025-12-15 12:31:00,28,34,316
2025-12-15 12:26:00,27,36,316
2025-12-15 12:21:00,27,36,321
2025-12-15 12:16:00,29,36,324
2025-12-15 12:11:00,29,36,318
2025-12-15 12:06:00,28,37,314
2025-12-15 12:01:00,28,37,318
2025-12-15 11:56:00,29,37,319
2025-12-15 11:51:00,28,37,317
2025-12-15 11:46:00,26,36,314
2025-12-15 11:41:00,28,36,316
2025-12-15 11:36:00,29,36,317
2025-12-15 11:31:00,29,36,312
2025-12-15 11:26:00,29,36,317
2025-12-15 11:21:00,29,36,322
2025-12-15 11:16:00,29,37,318
2025-12-15 11:11:00,29,37,312
2025-12-15 11:06:00,29,37,311
2025-12-15 11:01:00,30,37,313
2025-12-15 10:56:00,30,40,314
2025-12-15 10:51:00,31,41,313
2025-12-15 10:46:00,32,42,315
2025-12-15 10:41:00,33,42,315
2025-12-15 10:36:00,33,42,312
2025-12-15 10:31:00,33,42,311
2025-12-15 10:26:00,33,41,310
2025-12-15 10:21:00,32,41,313
2025-12-15 10:16:00,34,42,314
2025-12-15 10:11:00,32,42,310
2025-12-15 10:06:00,32,42,312
2025-12-15 10:01:00,33,42,314
2025-12-15 09:56:00,33,40,313
2025-12-15 09:51:00,31,40,312
2025-12-15 09:46:00,31,39,312
2025-12-15 09:41:00,31,39,312
2025-12-15 09:36:00,31,38,309
2025-12-15 09:31:00,30,37,308
2025-12-15 09:26:00,29,38,310
2025-12-15 09:21:00,30,38,310
2025-12-15 09:16:00,31,39,310
2025-12-15 09:11:00,31,39,312
2025-12-15 09:06:00,31,41,313
2025-12-15 09:01:00,31,41,314
2025-12-15 08:56:00,32,41,316
2025-12-15 08:51:00,31,41,317
2025-12-15 08:46:00,31,40,316
2025-12-15 08:41:00,32,40,314
2025-12-15 08:36:00,31,40,313
2025-12-15 08:31:00,31,39,312
2025-12-15 08:26:00,31,39,313
2025-12-15 08:21:00,30,39,316
2025-12-15 08:16:00,30,39,313
2025-12-15 08:11:00,31,40,313
2025-12-15 08:06:00,30,40,317
2025-12-15 08:01:00,31,40,315
2025-12-15 07:56:00,31,40,315
2025-12-15 07:51:00,29,37,314
2025-12-15 07:46:00,29,35,312
2025-12-15 07:41:00,28,37,312
2025-12-15 07:36:00,27,37,313
2025-12-15 07:31:00,28,37,315
2025-12-15 07:26:00,29,37,316
2025-12-15 07:21:00,30,37,317
2025-12-15 07:16:00,30,37,315
2025-12-15 07:11:00,29,37,313
2025-12-15 07:06:00,28,36,313
2025-12-15 07:01:00,27,36,314
2025-12-15 06:56:00,27,36,314
2025-12-15 06:51:00,27,36,312
2025-12-15 06:46:00,26,34,311
2025-12-15 06:41:00,26,34,310
2025-12-15 06:36:00,26,33,308
2025-12-15 06:31:00,26,33,308
2025-12-15 06:26:00,25,31,309
2025-12-15 06:21:00,23,30,310
2025-12-15 06:16:00,24,30,310
2025-12-15 06:11:00,25,31,309
2025-12-15 06:06:00,26,31,309
2025-12-15 06:01:00,26,31,309
2025-12-15 05:56:00,26,31,300
2025-12-15 05:51:00,26,31,291
2025-12-15 05:46:00,26,31,291
2025-12-15 05:41:00,26,32,293
2025-12-15 05:36:00,26,35,294
2025-12-15 05:31:00,26,37,291
2025-12-15 05:26:00,27,37,289
2025-12-15 05:21:00,28,37,279
2025-12-15 05:16:00,27,37,269
2025-12-15 05:11:00,28,36,267
2025-12-15 05:06:00,29,36,264
2025-12-15 05:01:00,28,35,260
2025-12-15 04:56:00,28,34,259
2025-12-15 04:51:00,27,34,260
2025-12-15 04:46:00,27,39,261
2025-12-15 04:41:00,28,39,261
2025-12-15 04:36:00,29,39,261
2025-12-15 04:31:00,29,39,262
2025-12-15 04:26:00,29,37,262
2025-12-15 04:21:00,30,37,260
2025-12-15 04:16:00,29,37,260
2025-12-15 04:11:00,29,37,261
2025-12-15 04:06:00,29,37,261
2025-12-15 04:01:00,27,34,261
2025-12-15 03:56:00,26,34,262
2025-12-15 03:51:00,26,32,265
2025-12-15 03:46:00,27,33,267
2025-12-15 03:41:00,27,33,267
2025-12-15 03:36:00,27,33,266
2025-12-15 03:31:00,27,33,265
2025-12-15 03:26:00,27,33,263
2025-12-15 03:21:00,26,33,261
2025-12-15 03:16:00,25,30,261
2025-12-15 03:11:00,25,30,263
2025-12-15 03:06:00,25,33,263
2025-12-15 03:01:00,25,33,262
2025-12-15 02:56:00,27,33,259
2025-12-15 02:51:00,27,33,257
2025-12-15 02:46:00,25,32,256
2025-12-15 02:41:00,23,29,255
2025-12-15 02:36:00,22,29,253
2025-12-15 02:31:00,22,29,252
2025-12-15 02:26:00,23,31,255
2025-12-15 02:21:00,24,31,259
2025-12-15 02:16:00,24,31,261
2025-12-15 02:11:00,24,31,265
2025-12-15 02:06:00,23,28,267
2025-12-15 02:01:00,23,30,268
2025-12-15 01:56:00,22,31,269
2025-12-15 01:51:00,23,31,267
2025-12-15 01:46:00,25,31,266
2025-12-15 01:41:00,25,31,267
2025-12-15 01:36:00,24,32,270
2025-12-15 01:31:00,24,32,270
2025-12-15 01:26:00,24,32,270
2025-12-15 01:21:00,24,32,271
2025-12-15 01:16:00,25,32,270
2025-12-15 01:11:00,24,31,268
2025-12-15 01:06:00,22,30,267
2025-12-15 01:01:00,22,30,265
2025-12-15 00:56:00,23,28,261
2025-12-15 00:51:00,23,28,260
2025-12-15 00:46:00,21,28,263
2025-12-15 00:41:00,21,28,266
2025-12-15 00:36:00,22,30,268
2025-12-15 00:31:00,23,31,269
2025-12-15 00:26:00,24,31,265
2025-12-15 00:21:00,26,31,263
2025-12-15 00:16:00,26,32,263
2025-12-15 00:11:00,25,35,264
2025-12-15 00:06:00,26,35,265
2025-12-15 00:01:00,27,35,269
2025-12-14 23:56:00,28,35,268
2025-12-14 23:51:00,26,35,266
2025-12-14 23:46:00,23,31,266
2025-12-14 23:41:00,20,26,258
2025-12-14 23:36:00,19,25,245
2025-12-14 23:31:00,19,25,236
2025-12-14 23:26:00,20,25,235
2025-12-14 23:21:00,20,25,236
2025-12-14 23:16:00,20,25,234
2025-12-14 23:11:00,21,25,232
2025-12-14 23:06:00,21,25,229
2025-12-14 23:01:00,21,25,228
2025-12-14 22:56:00,21,27,227
2025-12-14 22:51:00,21,27,226
2025-12-14 22:46:00,22,27,225
2025-12-14 22:41:00,22,27,224
2025-12-14 22:36:00,20,24,226
2025-12-14 22:31:00,19,24,231
2025-12-14 22:26:00,20,25,236
2025-12-14 22:21:00,21,25,240
2025-12-14 22:16:00,21,25,241
2025-12-14 22:11:00,20,25,242
2025-12-14 22:06:00,19,23,244
2025-12-14 22:01:00,19,23,245
2025-12-14 21:56:00,19,23,245
2025-12-14 21:51:00,18,22,243
2025-12-14 21:46:00,18,22,245
2025-12-14 21:41:00,17,22,248
2025-12-14 21:36:00,15,24,250
2025-12-14 21:31:00,16,26,252
2025-12-14 21:26:00,19,26,255
2025-12-14 21:21:00,21,26,262
2025-12-14 21:16:00,21,26,267
2025-12-14 21:11:00,20,28,269
2025-12-14 21:06:00,20,37,272
2025-12-14 21:01:00,22,41,275
2025-12-14 20:56:00,25,41,272
2025-12-14 20:51:00,29,41,267
2025-12-14 20:46:00,32,41,265
2025-12-14 20:41:00,0,35,360
2025-12-14 20:36:00,24,32,239
2025-12-14 20:31:00,20,26,232
2025-12-14 20:26:00,20,26,229
2025-12-14 20:21:00,21,28,234
2025-12-14 20:16:00,22,29,239
2025-12-14 20:11:00,22,29,238
2025-12-14 20:06:00,23,29,235
2025-12-14 20:01:00,23,29,234
2025-12-14 19:56:00,23,28,233
2025-12-14 19:51:00,22,28,233
2025-12-14 19:46:00,21,26,234
2025-12-14 19:41:00,19,24,234
2025-12-14 19:36:00,19,24,234
2025-12-14 19:31:00,19,24,234
2025-12-14 19:26:00,20,24,234
2025-12-14 19:21:00,20,24,234
2025-12-14 19:16:00,19,24,234
2025-12-14 19:11:00,20,24,232
2025-12-14 19:06:00,20,25,230
2025-12-14 19:01:00,21,25,230
2025-12-14 18:56:00,21,25,231
2025-12-14 18:51:00,20,25,229
2025-12-14 18:46:00,19,24,226
2025-12-14 18:41:00,19,24,224
2025-12-14 18:36:00,20,24,225
2025-12-14 18:31:00,20,24,225
2025-12-14 18:26:00,20,24,223
2025-12-14 18:21:00,19,28,222
2025-12-14 18:16:00,19,28,221
2025-12-14 18:11:00,21,28,220
2025-12-14 18:06:00,22,28,217
2025-12-14 18:01:00,20,27,213
2025-12-14 17:56:00,19,23,212
2025-12-14 17:51:00,18,23,211
2025-12-14 17:46:00,17,22,208
2025-12-14 17:41:00,18,22,204
2025-12-14 17:36:00,18,23,202
2025-12-14 17:31:00,18,25,202
2025-12-14 17:26:00,18,25,204
2025-12-14 17:21:00,20,25,200
2025-12-14 17:16:00,20,25,197
2025-12-14 17:11:00,20,24,196
2025-12-14 17:06:00,19,24,195
2025-12-14 17:01:00,19,24,193
2025-12-14 16:56:00,19,24,191
2025-12-14 16:51:00,19,24,190
2025-12-14 16:46:00,19,23,189
2025-12-14 16:41:00,19,23,190
2025-12-14 16:36:00,19,23,192
2025-12-14 16:31:00,19,23,194
2025-12-14 16:26:00,18,22,195
2025-12-14 16:21:00,17,25,194
2025-12-14 16:16:00,17,25,194
2025-12-14 16:11:00,19,25,192
2025-12-14 16:06:00,20,26,191
2025-12-14 16:01:00,20,27,187
2025-12-14 15:56:00,20,27,185
2025-12-14 15:51:00,21,27,184
2025-12-14 15:46:00,22,28,184
2025-12-14 15:41:00,23,28,184
2025-12-14 15:36:00,23,28,185
2025-12-14 15:31:00,23,28,184
2025-12-14 15:26:00,21,28,184
2025-12-14 15:21:00,21,27,183
2025-12-14 15:16:00,21,27,182
2025-12-14 15:11:00,20,26,179
2025-12-14 15:06:00,20,26,178
2025-12-14 15:01:00,21,26,177
2025-12-14 14:56:00,19,26,176
2025-12-14 14:51:00,19,23,175
2025-12-14 14:46:00,19,23,174
2025-12-14 14:41:00,19,23,172
2025-12-14 14:36:00,19,23,172
2025-12-14 14:31:00,19,23,172
2025-12-14 14:26:00,18,23,171
2025-12-14 14:21:00,17,23,172
2025-12-14 14:16:00,17,23,174
2025-12-14 14:11:00,17,22,177
2025-12-14 14:06:00,17,22,178
2025-12-14 14:01:00,18,24,177
2025-12-14 13:56:00,18,24,174
2025-12-14 13:51:00,19,24,173
2025-12-14 13:46:00,20,26,174
2025-12-14 13:41:00,20,26,173
2025-12-14 13:36:00,20,26,172
2025-12-14 13:31:00,20,26,171
2025-12-14 13:26:00,20,24,170
2025-12-14 13:21:00,20,24,170
2025-12-14 13:16:00,19,24,169
2025-12-14 13:11:00,18,23,168
2025-12-14 13:06:00,18,23,167
2025-12-14 13:01:00,18,26,168
2025-12-14 12:56:00,18,26,169
2025-12-14 12:51:00,20,26,172
2025-12-14 12:46:00,20,26,172
2025-12-14 12:41:00,19,23,172
2025-12-14 12:36:00,19,23,171
2025-12-14 12:31:00,19,22,171
2025-12-14 12:26:00,19,22,171
2025-12-14 12:21:00,18,21,171
2025-12-14 12:16:00,17,21,170
2025-12-14 12:11:00,17,22,171
2025-12-14 12:06:00,17,22,174
2025-12-14 12:01:00,18,22,175
2025-12-14 11:56:00,17,22,174
2025-12-14 11:51:00,16,20,172
2025-12-14 11:46:00,15,21,170
2025-12-14 11:41:00,16,21,171
2025-12-14 11:36:00,17,21,172
2025-12-14 11:31:00,16,21,173
2025-12-14 11:26:00,15,18,172
2025-12-14 11:21:00,15,18,171
2025-12-14 11:16:00,15,18,170
2025-12-14 11:11:00,14,18,167
2025-12-14 11:06:00,13,16,163
2025-12-14 11:01:00,13,16,160
2025-12-14 10:56:00,13,16,158
2025-12-14 10:51:00,13,17,156
2025-12-14 10:46:00,13,17,157
2025-12-14 10:41:00,14,17,159
2025-12-14 10:36:00,14,17,158
2025-12-14 10:31:00,14,17,158
2025-12-14 10:26:00,15,18,160
2025-12-14 10:21:00,14,18,161
2025-12-14 10:16:00,14,18,162
2025-12-14 10:11:00,15,18,162
2025-12-14 10:06:00,15,18,162
2025-12-14 10:01:00,15,18,163
2025-12-14 09:56:00,15,18,164
2025-12-14 09:51:00,15,17,163
2025-12-14 09:46:00,14,17,161
2025-12-14 09:41:00,15,17,160
2025-12-14 09:36:00,15,17,159
2025-12-14 09:31:00,15,17,157
2025-12-14 09:26:00,14,17,156
2025-12-14 09:21:00,13,17,153
2025-12-14 09:16:00,13,17,152
2025-12-14 09:11:00,13,17,152
2025-12-14 09:06:00,14,17,151
2025-12-14 09:01:00,14,17,151
2025-12-14 08:56:00,14,17,150
2025-12-14 08:51:00,13,17,154
2025-12-14 08:46:00,13,17,156
2025-12-14 08:41:00,14,17,156
2025-12-14 08:36:00,14,17,155
2025-12-14 08:31:00,14,17,155
2025-12-14 08:26:00,14,17,155
2025-12-14 08:21:00,13,16,156
2025-12-14 08:16:00,13,16,156
2025-12-14 08:11:00,13,15,155
2025-12-14 08:01:00,12,15,160
2025-12-14 07:56:00,12,15,160
2025-12-14 07:51:00,12,14,163
2025-12-14 07:46:00,12,14,163
2025-12-14 07:41:00,12,14,162
2025-12-14 07:36:00,12,14,162
2025-12-14 07:31:00,12,15,163
2025-12-14 07:26:00,12,15,163
2025-12-14 07:21:00,12,15,162
2025-12-14 07:16:00,12,15,163
2025-12-14 07:11:00,12,15,164
2025-12-14 07:06:00,12,15,171
2025-12-14 07:01:00,12,15,171
2025-12-14 06:56:00,12,15,171
2025-12-14 06:51:00,13,15,173
2025-12-14 06:46:00,13,15,173
2025-12-14 06:41:00,13,15,173
2025-12-14 06:36:00,12,15,172
2025-12-14 06:31:00,12,15,171
2025-12-14 06:26:00,12,15,174
2025-12-14 06:21:00,12,15,171
2025-12-14 06:16:00,12,15,171
2025-12-14 06:11:00,12,15,165
2025-12-14 06:06:00,12,15,161
2025-12-14 06:01:00,12,15,156
2025-12-14 05:56:00,12,15,155
2025-12-14 05:51:00,12,15,157
2025-12-14 05:46:00,12,15,161
2025-12-14 05:41:00,13,16,162
2025-12-14 05:36:00,13,16,162
2025-12-14 05:31:00,13,16,162
2025-12-14 05:26:00,13,16,162
2025-12-14 05:21:00,13,16,166
2025-12-14 05:16:00,13,16,166
2025-12-14 05:11:00,12,16,164
2025-12-14 05:06:00,12,15,162
2025-12-14 05:01:00,12,14,161
2025-12-14 04:56:00,12,14,161
2025-12-14 04:51:00,12,14,163
2025-12-14 04:46:00,11,14,163
2025-12-14 04:41:00,12,14,167
2025-12-14 04:36:00,12,14,167
2025-12-14 04:31:00,12,15,160
2025-12-14 04:26:00,12,15,160
2025-12-14 04:21:00,11,15,157
2025-12-14 04:16:00,11,15,157
2025-12-14 04:11:00,12,14,158
2025-12-14 04:06:00,12,14,158
2025-12-14 04:01:00,12,14,159
2025-12-14 03:56:00,12,14,160
2025-12-14 03:51:00,12,14,162
2025-12-14 03:46:00,12,14,162
2025-12-14 03:41:00,12,15,164
2025-12-14 03:36:00,12,15,163
2025-12-14 03:31:00,13,15,165
2025-12-14 03:26:00,13,15,165
2025-12-14 03:21:00,13,15,163
2025-12-14 03:16:00,12,15,165
2025-12-14 03:11:00,12,15,164
2025-12-14 03:06:00,12,15,164
2025-12-14 03:01:00,12,15,160
2025-12-14 02:56:00,13,15,159
2025-12-14 02:51:00,13,16,160
2025-12-14 02:46:00,13,16,160
2025-12-14 02:41:00,13,16,159
2025-12-14 02:36:00,13,16,159
2025-12-14 02:31:00,12,15,160
2025-12-14 02:26:00,12,15,160
2025-12-14 02:21:00,12,15,156
2025-12-14 02:16:00,12,15,156
2025-12-14 02:11:00,12,15,154
2025-12-14 02:06:00,12,15,154
2025-12-14 02:01:00,13,15,149
2025-12-14 01:56:00,13,15,149
2025-12-14 01:51:00,12,15,151
2025-12-14 01:46:00,11,15,153
2025-12-14 01:41:00,12,15,156
2025-12-14 01:36:00,12,15,157
2025-12-14 01:31:00,12,15,153
2025-12-14 01:26:00,12,14,149
2025-12-14 01:21:00,12,14,151
2025-12-14 01:16:00,12,14,155
2025-12-14 01:11:00,12,14,155
2025-12-14 01:06:00,12,14,156
2025-12-14 01:01:00,12,14,154
2025-12-14 00:56:00,12,14,154
2025-12-14 00:51:00,12,14,151
2025-12-14 00:46:00,12,14,151
2025-12-14 00:41:00,12,14,151
2025-12-14 00:36:00,11,14,150
2025-12-14 00:31:00,11,14,150
2025-12-14 00:26:00,11,14,150
2025-12-14 00:21:00,11,13,152
2025-12-14 00:16:00,11,13,152
2025-12-14 00:11:00,10,13,144
2025-12-14 00:06:00,10,13,144
2025-12-14 00:01:00,9,11,143
2025-12-13 23:56:00,9,11,143
2025-12-13 23:51:00,9,11,139
2025-12-13 23:46:00,9,11,136
2025-12-13 23:41:00,10,11,135
2025-12-13 23:36:00,9,11,135
2025-12-13 23:31:00,9,11,133
2025-12-13 23:26:00,9,11,131
2025-12-13 23:21:00,9,10,127
2025-12-13 23:16:00,9,10,127
2025-12-13 23:11:00,8,10,128
2025-12-13 23:06:00,8,9,127
2025-12-13 23:01:00,8,9,131
2025-12-13 22:56:00,8,9,134
2025-12-13 22:51:00,8,9,131
2025-12-13 22:46:00,7,9,130
2025-12-13 22:41:00,7,9,132
2025-12-13 22:36:00,7,9,133
2025-12-13 22:31:00,7,9,134
2025-12-13 22:26:00,7,9,133
2025-12-13 22:21:00,7,9,130
2025-12-13 22:16:00,7,9,128
2025-12-13 22:11:00,7,9,126
2025-12-13 22:06:00,7,9,120
2025-12-13 22:01:00,7,9,116
2025-12-13 21:56:00,7,9,126
2025-12-13 21:51:00,7,9,134
2025-12-13 21:46:00,7,9,133
2025-12-13 21:41:00,7,9,133
2025-12-13 21:36:00,7,9,135
2025-12-13 21:31:00,7,11,145
2025-12-13 21:26:00,7,11,145
2025-12-13 21:21:00,8,11,145
2025-12-13 21:16:00,8,11,143
2025-12-13 21:11:00,8,10,146
2025-12-13 21:06:00,8,10,149
2025-12-13 21:01:00,8,10,146
2025-12-13 20:56:00,8,10,144
2025-12-13 20:51:00,8,10,140
2025-12-13 20:46:00,7,10,135
2025-12-13 20:41:00,7,10,139
2025-12-13 20:36:00,7,10,145
2025-12-13 20:31:00,8,10,145
2025-12-13 20:26:00,8,10,141
2025-12-13 20:21:00,8,10,134
2025-12-13 20:16:00,7,10,136
2025-12-13 20:11:00,7,10,144
2025-12-13 20:06:00,8,10,146
2025-12-13 20:01:00,8,10,141
2025-12-13 19:56:00,8,11,139
2025-12-13 19:51:00,8,11,137
2025-12-13 19:46:00,8,11,131
2025-12-13 19:41:00,8,11,133
2025-12-13 19:36:00,8,10,132
2025-12-13 19:31:00,8,10,127
2025-12-13 19:26:00,8,10,126
2025-12-13 19:21:00,8,10,127
2025-12-13 19:16:00,7,10,123
2025-12-13 19:11:00,7,10,116
2025-12-13 19:06:00,7,10,116
2025-12-13 19:01:00,7,10,117
2025-12-13 18:56:00,6,8,116
2025-12-13 18:51:00,5,8,116
2025-12-13 18:46:00,5,8,115
2025-12-13 18:41:00,5,8,120
2025-12-13 18:36:00,6,8,128
2025-12-13 18:31:00,6,8,127
2025-12-13 18:26:00,5,8,124
2025-12-13 18:21:00,6,8,126
2025-12-13 18:16:00,6,8,124
2025-12-13 18:11:00,6,8,123
2025-12-13 18:06:00,6,8,127
2025-12-13 18:01:00,6,8,133
2025-12-13 17:56:00,6,8,136
2025-12-13 17:51:00,6,10,135
2025-12-13 17:46:00,6,10,133
2025-12-13 17:41:00,6,10,129
2025-12-13 17:36:00,6,10,124
2025-12-13 17:31:00,6,7,123
2025-12-13 17:26:00,5,7,125
2025-12-13 17:21:00,5,7,127
2025-12-13 17:16:00,5,7,122
2025-12-13 17:11:00,5,7,113
2025-12-13 17:06:00,5,7,112
2025-12-13 17:01:00,4,6,111
2025-12-13 16:56:00,4,6,102
2025-12-13 16:51:00,3,5,92
2025-12-13 16:46:00,3,5,93
2025-12-13 16:41:00,3,5,97
2025-12-13 16:36:00,4,5,104
2025-12-13 16:31:00,3,5,111
2025-12-13 16:26:00,2,5,111
2025-12-13 16:21:00,2,5,97
2025-12-13 16:16:00,3,5,77
2025-12-13 16:11:00,3,5,62
2025-12-13 16:06:00,2,4,49
2025-12-13 16:01:00,2,4,40
2025-12-13 15:56:00,2,5,56
2025-12-13 15:51:00,3,5,60
2025-12-13 15:46:00,3,5,55
2025-12-13 15:41:00,2,5,54
2025-12-13 15:36:00,2,5,71
2025-12-13 15:31:00,2,6,84
2025-12-13 15:26:00,3,6,65
2025-12-13 15:21:00,3,6,36
2025-12-13 15:16:00,4,6,29
2025-12-13 15:11:00,5,7,29
2025-12-13 15:06:00,5,7,22
2025-12-13 15:01:00,5,7,19
2025-12-13 14:56:00,4,7,22
2025-12-13 14:51:00,4,7,23
2025-12-13 14:46:00,4,8,7
2025-12-13 14:41:00,4,8,359
2025-12-13 14:36:00,5,8,351
2025-12-13 14:31:00,5,8,347
2025-12-13 14:26:00,6,10,355
2025-12-13 14:21:00,6,10,11
2025-12-13 14:16:00,6,10,16
2025-12-13 14:11:00,7,10,7
2025-12-13 14:06:00,7,10,3
2025-12-13 14:01:00,6,10,355
2025-12-13 13:56:00,6,9,345
2025-12-13 13:51:00,6,9,350
2025-12-13 13:46:00,6,8,349
2025-12-13 13:41:00,5,8,346
2025-12-13 13:36:00,5,9,2
2025-12-13 13:31:00,6,9,2
2025-12-13 13:26:00,5,9,351
2025-12-13 13:21:00,6,10,336
2025-12-13 13:16:00,7,10,334
2025-12-13 13:11:00,7,10,340
2025-12-13 13:06:00,6,10,341
2025-12-13 13:01:00,6,8,339
2025-12-13 12:56:00,6,8,344
2025-12-13 12:51:00,5,8,342
2025-12-13 12:46:00,5,8,359
2025-12-13 12:41:00,6,8,9
2025-12-13 12:36:00,6,8,6
2025-12-13 12:31:00,5,8,357
2025-12-13 12:26:00,6,8,351
2025-12-13 12:21:00,5,8,346
2025-12-13 12:16:00,5,9,331
2025-12-13 12:11:00,6,9,334
2025-12-13 12:06:00,6,9,338
2025-12-13 12:01:00,6,9,332
2025-12-13 11:56:00,5,9,328
2025-12-13 11:51:00,6,9,343
2025-12-13 11:46:00,6,9,359
2025-12-13 11:41:00,6,9,2
2025-12-13 11:36:00,7,10,6
2025-12-13 11:26:00,7,10,346
2025-12-13 11:21:00,8,10,343
2025-12-13 11:16:00,8,10,348
2025-12-13 11:11:00,7,10,342
2025-12-13 11:06:00,6,10,330
2025-12-13 11:01:00,6,10,331
2025-12-13 10:56:00,7,11,327
2025-12-13 10:51:00,7,11,327
2025-12-13 10:46:00,8,11,340
2025-12-13 10:41:00,8,11,340
2025-12-13 10:36:00,7,10,328
2025-12-13 10:31:00,7,10,328
2025-12-13 10:26:00,8,12,322
2025-12-13 10:21:00,8,12,322
2025-12-13 10:16:00,8,12,327
2025-12-13 10:11:00,8,12,327
2025-12-13 10:06:00,8,12,329
2025-12-13 10:01:00,8,12,329
2025-12-13 09:56:00,8,12,333
2025-12-13 09:51:00,9,12,335
2025-12-13 09:46:00,8,12,324
2025-12-13 09:41:00,8,12,324
2025-12-13 09:36:00,8,12,323
2025-12-13 09:31:00,8,12,323
2025-12-13 09:26:00,9,12,327
2025-12-13 09:21:00,9,12,327
2025-12-13 09:16:00,8,10,321
2025-12-13 09:11:00,8,10,321
2025-12-13 09:06:00,8,11,322
2025-12-13 09:01:00,8,11,322
2025-12-13 08:56:00,8,11,316
2025-12-13 08:51:00,8,11,316
2025-12-13 08:46:00,8,11,310
2025-12-13 08:41:00,8,11,310
2025-12-13 08:36:00,8,11,312
2025-12-13 08:31:00,8,11,312
2025-12-13 08:26:00,9,12,319
2025-12-13 08:21:00,9,12,319
2025-12-13 08:16:00,9,12,318
2025-12-13 08:11:00,9,12,318
2025-12-13 08:06:00,9,13,317
2025-12-13 08:01:00,9,13,317
2025-12-13 07:56:00,10,13,317
2025-12-13 07:51:00,10,13,317
2025-12-13 07:46:00,10,14,316
2025-12-13 07:41:00,10,14,316
2025-12-13 07:36:00,10,14,320
2025-12-13 07:31:00,10,14,322
2025-12-13 07:26:00,11,14,324
2025-12-13 07:21:00,11,14,324
2025-12-13 07:16:00,11,15,339
2025-12-13 07:11:00,11,15,339
2025-12-13 07:06:00,11,15,332
2025-12-13 07:01:00,11,15,329
2025-12-13 06:56:00,12,15,319
2025-12-13 06:51:00,12,15,319
2025-12-13 06:46:00,11,15,324
2025-12-13 06:41:00,11,15,324
2025-12-13 06:36:00,12,15,324
2025-12-13 06:31:00,13,16,328
2025-12-13 06:26:00,13,16,326
2025-12-13 06:21:00,13,16,326
2025-12-13 06:16:00,13,16,321
2025-12-13 06:11:00,13,16,321
2025-12-13 06:06:00,13,16,319
2025-12-13 06:01:00,13,16,326
2025-12-13 05:56:00,12,16,321
2025-12-13 05:51:00,12,16,321
2025-12-13 05:46:00,12,16,315
2025-12-13 05:41:00,12,16,315
2025-12-13 05:36:00,12,15,300
2025-12-13 05:31:00,10,15,291
2025-12-13 05:26:00,10,15,294
2025-12-13 05:21:00,10,15,296
2025-12-13 05:16:00,11,15,292
2025-12-13 05:11:00,12,15,292
2025-12-13 05:06:00,12,15,296
2025-12-13 05:01:00,12,15,293
2025-12-13 04:56:00,12,15,292
2025-12-13 04:51:00,12,15,292
2025-12-13 04:46:00,12,16,295
2025-12-13 04:41:00,12,16,295
2025-12-13 04:36:00,13,16,296
2025-12-13 04:31:00,13,16,296
2025-12-13 04:26:00,12,15,291
2025-12-13 04:21:00,12,15,290
2025-12-13 04:16:00,12,15,284
2025-12-13 04:11:00,12,15,284
2025-12-13 04:06:00,12,15,292
2025-12-13 04:01:00,11,15,297
2025-12-13 03:56:00,11,15,296
2025-12-13 03:51:00,12,15,296
2025-12-13 03:46:00,12,15,293
2025-12-13 03:41:00,12,15,289
2025-12-13 03:36:00,12,16,285
2025-12-13 03:31:00,12,16,287
2025-12-13 03:26:00,12,16,293
2025-12-13 03:21:00,12,17,296
2025-12-13 03:16:00,12,17,300
2025-12-13 03:11:00,13,17,298
2025-12-13 03:06:00,13,17,299
2025-12-13 03:01:00,12,15,300
2025-12-13 02:56:00,12,16,295
2025-12-13 02:51:00,12,16,295
2025-12-13 02:46:00,13,16,300
2025-12-13 02:41:00,12,16,300
2025-12-13 02:36:00,13,16,300
2025-12-13 02:31:00,12,16,302
2025-12-13 02:26:00,12,16,300
2025-12-13 02:21:00,13,16,299
2025-12-13 02:16:00,13,16,300
2025-12-13 02:11:00,13,17,303
2025-12-13 02:06:00,13,17,302
2025-12-13 02:01:00,13,17,301
2025-12-13 01:56:00,13,18,303
2025-12-13 01:51:00,13,18,302
2025-12-13 01:46:00,13,18,300
2025-12-13 01:41:00,13,18,300
2025-12-13 01:36:00,13,17,301
2025-12-13 01:31:00,13,16,302
2025-12-13 01:26:00,13,16,302
2025-12-13 01:21:00,13,17,298
2025-12-13 01:16:00,13,17,296
2025-12-13 01:11:00,13,17,295
2025-12-13 01:06:00,13,17,293
2025-12-13 01:01:00,13,18,297
2025-12-13 00:56:00,13,18,304
2025-12-13 00:51:00,13,18,307
2025-12-13 00:46:00,14,18,308
2025-12-13 00:41:00,13,17,305
2025-12-13 00:36:00,13,19,296
2025-12-13 00:31:00,14,19,297
2025-12-13 00:26:00,14,19,297
2025-12-13 00:21:00,14,19,296
2025-12-13 00:16:00,14,17,300
2025-12-13 00:11:00,13,17,303
2025-12-13 00:06:00,13,18,300
2025-12-13 00:01:00,14,19,295
2025-12-12 23:56:00,14,19,295
2025-12-12 23:51:00,14,19,297
2025-12-12 23:46:00,15,19,293
2025-12-12 23:41:00,14,19,294
2025-12-12 23:36:00,14,19,295
2025-12-12 23:31:00,15,19,294
2025-12-12 23:26:00,14,18,294
2025-12-12 23:21:00,13,18,296
2025-12-12 23:16:00,13,18,300
2025-12-12 23:11:00,14,19,300
2025-12-12 23:06:00,14,19,297
2025-12-12 23:01:00,15,19,291
2025-12-12 22:56:00,14,19,292
2025-12-12 22:51:00,13,18,295
2025-12-12 22:46:00,14,18,297
2025-12-12 22:41:00,14,20,301
2025-12-12 22:36:00,14,20,298
2025-12-12 22:31:00,14,20,299
2025-12-12 22:26:00,15,20,302
2025-12-12 22:21:00,14,18,303
2025-12-12 22:16:00,14,18,301
2025-12-12 22:11:00,14,18,295
2025-12-12 22:06:00,14,18,289
2025-12-12 22:01:00,14,18,285
2025-12-12 21:56:00,14,18,286
2025-12-12 21:51:00,13,17,290
2025-12-12 21:46:00,12,16,286
2025-12-12 21:41:00,12,16,289
2025-12-12 21:36:00,12,19,294
2025-12-12 21:31:00,13,19,292
2025-12-12 21:26:00,14,19,290
2025-12-12 21:21:00,14,19,293
2025-12-12 21:16:00,12,16,304
2025-12-12 21:11:00,13,16,299
2025-12-12 21:06:00,13,16,295
2025-12-12 21:01:00,13,16,300
2025-12-12 20:56:00,12,17,297
2025-12-12 20:51:00,12,17,299
2025-12-12 20:46:00,13,17,303
2025-12-12 20:41:00,13,17,293
2025-12-12 20:36:00,12,16,290
2025-12-12 20:31:00,13,16,291
2025-12-12 20:26:00,12,16,295
2025-12-12 20:21:00,12,17,302
2025-12-12 20:16:00,12,17,296
2025-12-12 20:11:00,13,17,291
2025-12-12 20:06:00,14,17,284
2025-12-12 20:01:00,14,17,280
2025-12-12 19:56:00,13,17,288
2025-12-12 19:51:00,13,17,287
2025-12-12 19:46:00,12,17,284
2025-12-12 19:41:00,13,17,292
2025-12-12 19:36:00,13,17,297
2025-12-12 19:31:00,13,17,298
2025-12-12 19:26:00,14,17,295
2025-12-12 19:21:00,13,18,295
2025-12-12 19:16:00,12,18,296
2025-12-12 19:11:00,14,18,290
2025-12-12 19:06:00,15,19,287
2025-12-12 19:01:00,14,19,288
2025-12-12 18:56:00,14,19,294
2025-12-12 18:51:00,15,19,297
2025-12-12 18:46:00,14,18,295
2025-12-12 18:41:00,15,18,299
2025-12-12 18:36:00,14,18,304
2025-12-12 18:31:00,14,18,305
2025-12-12 18:26:00,14,18,300
2025-12-12 18:21:00,14,18,289
2025-12-12 18:16:00,14,18,292
2025-12-12 18:11:00,14,20,301
2025-12-12 18:06:00,15,20,294
2025-12-12 18:01:00,15,20,291
2025-12-12 17:56:00,16,20,296
2025-12-12 17:51:00,16,20,297
2025-12-12 17:46:00,16,20,299
2025-12-12 17:41:00,15,20,299
2025-12-12 17:36:00,14,20,295
2025-12-12 17:31:00,15,20,294
2025-12-12 17:26:00,16,20,295
2025-12-12 17:21:00,15,24,294
2025-12-12 17:16:00,15,24,294
2025-12-12 17:11:00,17,24,296
2025-12-12 17:06:00,17,24,299
2025-12-12 17:01:00,17,23,293
2025-12-12 16:56:00,18,23,292
2025-12-12 16:51:00,17,23,295
2025-12-12 16:46:00,17,22,298
2025-12-12 16:41:00,18,22,298
2025-12-12 16:36:00,18,22,299
2025-12-12 16:31:00,18,22,303
2025-12-12 16:26:00,17,22,298
2025-12-12 16:21:00,17,22,295
2025-12-12 16:16:00,18,22,293
2025-12-12 16:11:00,18,22,291
2025-12-12 16:06:00,18,23,293
2025-12-12 16:01:00,17,23,292
2025-12-12 15:56:00,17,23,292
2025-12-12 15:51:00,18,24,293
2025-12-12 15:46:00,17,24,292
2025-12-12 15:41:00,17,24,290
2025-12-12 15:36:00,17,24,293
2025-12-12 15:31:00,17,22,296
2025-12-12 15:26:00,17,22,297
2025-12-12 15:21:00,18,22,296
2025-12-12 15:16:00,17,22,293
2025-12-12 15:11:00,17,22,290
2025-12-12 15:06:00,17,22,290
2025-12-12 15:01:00,18,22,295
2025-12-12 14:56:00,17,22,299
2025-12-12 14:51:00,17,22,299
2025-12-12 14:46:00,17,24,299
2025-12-12 14:41:00,17,24,293
2025-12-12 14:36:00,19,24,289
2025-12-12 14:31:00,19,24,294
2025-12-12 14:26:00,18,24,294
2025-12-12 14:21:00,18,23,295
2025-12-12 14:16:00,18,23,300
2025-12-12 14:11:00,19,23,301
2025-12-12 14:06:00,19,23,302
2025-12-12 14:01:00,18,23,301
2025-12-12 13:56:00,18,23,299
2025-12-12 13:51:00,19,25,303
2025-12-12 13:46:00,19,25,302
2025-12-12 13:41:00,20,26,299
2025-12-12 13:36:00,19,26,295
2025-12-12 13:31:00,20,26,296
2025-12-12 13:26:00,20,26,303
2025-12-12 13:21:00,20,25,306
2025-12-12 13:16:00,20,25,301
2025-12-12 13:11:00,21,25,300
2025-12-12 13:06:00,19,25,303
2025-12-12 13:01:00,18,26,308
2025-12-12 12:56:00,19,26,307
2025-12-12 12:51:00,19,26,307
2025-12-12 12:46:00,20,26,312
2025-12-12 12:41:00,20,25,309
2025-12-12 12:36:00,19,25,303
2025-12-12 12:31:00,20,25,305
2025-12-12 12:26:00,20,25,310
2025-12-12 12:21:00,19,24,311
2025-12-12 12:16:00,19,24,308
2025-12-12 12:11:00,18,24,307
2025-12-12 12:06:00,18,24,305
2025-12-12 12:01:00,18,24,304
2025-12-12 11:56:00,18,23,303
2025-12-12 11:51:00,18,23,295
2025-12-12 11:46:00,18,23,290
2025-12-12 11:41:00,18,24,293
2025-12-12 11:36:00,18,24,291
2025-12-12 11:31:00,19,24,290
2025-12-12 11:26:00,19,24,292
2025-12-12 11:21:00,19,24,291
2025-12-12 11:16:00,19,24,289
2025-12-12 11:11:00,19,24,291
2025-12-12 11:06:00,18,23,295
2025-12-12 11:01:00,18,22,300
2025-12-12 10:56:00,17,22,304
2025-12-12 10:51:00,16,21,306
2025-12-12 10:46:00,17,21,309
2025-12-12 10:41:00,17,21,308
2025-12-12 10:36:00,17,21,308
2025-12-12 10:31:00,17,21,314
2025-12-12 10:26:00,17,22,318
2025-12-12 10:21:00,17,22,311
2025-12-12 10:16:00,18,23,304
2025-12-12 10:11:00,18,24,308
2025-12-12 10:06:00,18,24,303
2025-12-12 10:01:00,19,24,301
2025-12-12 09:56:00,19,24,305
2025-12-12 09:51:00,19,24,307
2025-12-12 09:46:00,18,24,307
2025-12-12 09:41:00,17,24,304
2025-12-12 09:36:00,18,24,301
2025-12-12 09:31:00,18,24,301
2025-12-12 09:26:00,19,24,303
2025-12-12 09:21:00,19,24,306
2025-12-12 09:16:00,18,24,308
2025-12-12 09:11:00,18,22,308
2025-12-12 09:06:00,17,22,304
2025-12-12 09:01:00,17,22,307
2025-12-12 08:56:00,18,24,310
2025-12-12 08:51:00,18,24,306
2025-12-12 08:46:00,19,24,304
2025-12-12 08:41:00,19,24,307
2025-12-12 08:36:00,18,25,312
2025-12-12 08:31:00,18,25,312
2025-12-12 08:26:00,19,25,308
2025-12-12 08:21:00,19,25,308
2025-12-12 08:16:00,18,23,310
2025-12-12 08:11:00,18,23,312
2025-12-12 08:06:00,19,23,317
2025-12-12 08:01:00,17,22,320
2025-12-12 07:56:00,17,23,307
2025-12-12 07:51:00,18,23,294
2025-12-12 07:46:00,19,26,291
2025-12-12 07:41:00,19,26,292
2025-12-12 07:36:00,20,26,298
2025-12-12 07:31:00,19,26,302
2025-12-12 07:26:00,18,23,306
2025-12-12 07:21:00,19,25,303
2025-12-12 07:16:00,19,25,301
2025-12-12 07:11:00,19,25,306
2025-12-12 07:06:00,20,25,304
2025-12-12 07:01:00,21,27,304
2025-12-12 06:56:00,20,27,305
2025-12-12 06:51:00,21,27,305
2025-12-12 06:46:00,22,27,304
2025-12-12 06:41:00,22,28,305
2025-12-12 06:36:00,22,28,305
2025-12-12 06:31:00,22,28,306
2025-12-12 06:26:00,23,28,310
2025-12-12 06:21:00,23,28,311
2025-12-12 06:16:00,23,29,315
2025-12-12 06:11:00,23,29,317
2025-12-12 06:06:00,24,29,318
2025-12-12 06:01:00,24,29,318
2025-12-12 05:56:00,23,29,319
2025-12-12 05:51:00,23,29,316
2025-12-12 05:46:00,24,29,310
2025-12-12 05:41:00,24,29,309
2025-12-12 05:36:00,23,29,305
2025-12-12 05:31:00,23,31,298
2025-12-12 05:26:00,24,31,299
2025-12-12 05:21:00,24,31,301
2025-12-12 05:16:00,25,31,304
2025-12-12 05:11:00,24,29,304
2025-12-12 05:06:00,24,29,304
2025-12-12 05:01:00,24,29,308
2025-12-12 04:56:00,23,29,309
2025-12-12 04:51:00,23,36,312
2025-12-12 04:46:00,23,36,314
2025-12-12 04:41:00,24,36,303
2025-12-12 04:36:00,24,36,292
2025-12-12 04:31:00,23,29,292
2025-12-12 04:26:00,23,28,290
2025-12-12 04:21:00,23,28,293
2025-12-12 04:16:00,23,27,294
2025-12-12 04:11:00,22,27,294
2025-12-12 04:06:00,21,27,295
2025-12-12 04:01:00,20,27,292
2025-12-12 03:56:00,21,27,290
2025-12-12 03:51:00,21,27,294
2025-12-12 03:46:00,19,24,297
2025-12-12 03:41:00,20,26,298
2025-12-12 03:36:00,21,26,296
2025-12-12 03:31:00,21,26,294
2025-12-12 03:26:00,21,26,291
2025-12-12 03:21:00,22,26,291
2025-12-12 03:16:00,22,26,292
2025-12-12 03:11:00,22,27,290
2025-12-12 03:06:00,21,28,289
2025-12-12 03:01:00,22,28,291
2025-12-12 02:56:00,24,28,295
2025-12-12 02:51:00,23,28,299
2025-12-12 02:46:00,22,28,298
2025-12-12 02:41:00,24,30,293
2025-12-12 02:36:00,24,30,291
2025-12-12 02:31:00,24,30,289
2025-12-12 02:26:00,24,30,288
2025-12-12 02:21:00,24,28,285
2025-12-12 02:16:00,23,28,284
2025-12-12 02:11:00,24,30,287
2025-12-12 02:06:00,23,31,290
2025-12-12 02:01:00,24,31,293
2025-12-12 01:56:00,26,31,293
2025-12-12 01:51:00,25,30,292
2025-12-12 01:46:00,25,30,295
2025-12-12 01:41:00,25,33,297
2025-12-12 01:36:00,24,36,296
2025-12-12 01:31:00,25,36,282
2025-12-12 01:26:00,27,36,270
2025-12-12 01:21:00,27,36,267
2025-12-12 01:16:00,26,34,264
2025-12-12 01:11:00,26,34,263
2025-12-12 01:06:00,26,33,262
2025-12-12 01:01:00,26,33,262
2025-12-12 00:56:00,26,33,261
2025-12-12 00:51:00,26,33,261
2025-12-12 00:46:00,25,33,261
2025-12-12 00:41:00,25,30,260
2025-12-12 00:36:00,24,30,258
2025-12-12 00:31:00,23,29,257
2025-12-12 00:26:00,23,33,258
2025-12-12 00:21:00,24,33,256
2025-12-12 00:16:00,25,33,255
2025-12-12 00:11:00,24,33,255
2025-12-12 00:06:00,23,29,256
2025-12-12 00:01:00,23,28,258
2025-12-11 23:56:00,23,28,257
2025-12-11 23:51:00,23,28,257
2025-12-11 23:46:00,23,28,258
2025-12-11 23:41:00,22,28,255
2025-12-11 23:36:00,20,25,253
2025-12-11 23:31:00,19,24,253
2025-12-11 23:26:00,18,22,252
2025-12-11 23:21:00,17,22,251
2025-12-11 23:16:00,16,21,251
2025-12-11 23:11:00,14,21,251
2025-12-11 23:06:00,14,19,249
2025-12-11 23:01:00,15,20,248
2025-12-11 22:56:00,16,20,253
2025-12-11 22:51:00,17,21,258
2025-12-11 22:46:00,18,21,261
2025-12-11 22:41:00,18,21,261
2025-12-11 22:36:00,17,21,261
2025-12-11 22:31:00,16,21,261
2025-12-11 22:26:00,17,20,261
2025-12-11 22:21:00,16,21,259
2025-12-11 22:16:00,16,21,256
2025-12-11 22:11:00,17,22,255
2025-12-11 22:06:00,18,22,258
2025-12-11 22:01:00,18,23,262
2025-12-11 21:56:00,18,23,264
2025-12-11 21:51:00,18,23,265
2025-12-11 21:46:00,19,23,269
2025-12-11 21:41:00,18,23,273
2025-12-11 21:36:00,18,23,273
2025-12-11 21:31:00,18,23,271
2025-12-11 21:26:00,18,23,270
2025-12-11 21:21:00,18,22,268
2025-12-11 21:16:00,17,22,266
2025-12-11 21:11:00,17,22,266
2025-12-11 21:06:00,18,22,266
2025-12-11 21:01:00,18,23,264
2025-12-11 20:56:00,18,24,266
2025-12-11 20:51:00,18,24,270
2025-12-11 20:46:00,19,24,272
2025-12-11 20:41:00,19,24,273
2025-12-11 20:36:00,18,24,275
2025-12-11 20:31:00,17,22,276
2025-12-11 20:26:00,18,22,277
2025-12-11 20:21:00,19,24,276
2025-12-11 20:16:00,19,24,276
2025-12-11 20:11:00,20,24,274
2025-12-11 20:06:00,19,24,271
2025-12-11 20:01:00,19,23,269
2025-12-11 19:56:00,19,23,269
2025-12-11 19:51:00,19,23,271
2025-12-11 19:46:00,18,23,273
2025-12-11 19:41:00,18,23,274
2025-12-11 19:36:00,18,23,275
2025-12-11 19:31:00,19,24,275
2025-12-11 19:26:00,19,24,276
2025-12-11 19:21:00,20,24,277
2025-12-11 19:16:00,19,24,279
2025-12-11 19:11:00,18,24,281
2025-12-11 19:06:00,19,24,280
2025-12-11 19:01:00,20,24,277
2025-12-11 18:56:00,20,24,276
2025-12-11 18:51:00,20,25,275
2025-12-11 18:46:00,20,25,273
2025-12-11 18:41:00,21,25,274
2025-12-11 18:36:00,21,26,276
2025-12-11 18:31:00,21,26,279
2025-12-11 18:26:00,22,26,279
2025-12-11 18:21:00,22,26,278
2025-12-11 18:16:00,22,26,279
2025-12-11 18:11:00,22,27,282
2025-12-11 18:06:00,22,29,283
2025-12-11 18:01:00,22,30,283
2025-12-11 17:56:00,22,30,283
2025-12-11 17:51:00,23,31,283
2025-12-11 17:46:00,23,31,283
2025-12-11 17:41:00,24,31,284
2025-12-11 17:36:00,24,31,287
2025-12-11 17:31:00,24,29,288
2025-12-11 17:21:00,22,30,283
2025-12-11 17:16:00,24,31,281
2025-12-11 17:11:00,25,31,281
2025-12-11 17:06:00,25,31,281
2025-12-11 17:01:00,23,31,277
2025-12-11 16:56:00,22,28,274
2025-12-11 16:51:00,21,27,272
2025-12-11 16:46:00,20,27,268
2025-12-11 16:41:00,19,26,262
2025-12-11 16:36:00,21,29,260
2025-12-11 16:31:00,21,29,256
2025-12-11 16:26:00,23,30,254
2025-12-11 16:21:00,24,30,256
2025-12-11 16:16:00,24,30,259
2025-12-11 16:06:00,23,30,256
2025-12-11 16:01:00,22,27,242
2025-12-11 15:56:00,21,27,238
2025-12-11 15:51:00,21,26,235
2025-12-11 15:46:00,21,27,232
2025-12-11 15:41:00,22,27,230
2025-12-11 15:36:00,22,27,230
2025-12-11 15:31:00,22,27,229
2025-12-11 15:26:00,22,28,228
2025-12-11 15:21:00,22,28,230
2025-12-11 15:16:00,22,28,230
2025-12-11 15:11:00,24,28,232
2025-12-11 15:06:00,24,29,232
2025-12-11 15:01:00,23,29,233
2025-12-11 14:56:00,24,29,234
2025-12-11 14:51:00,24,29,235
2025-12-11 14:46:00,23,28,234
2025-12-11 14:41:00,22,29,233
2025-12-11 14:36:00,23,29,234
2025-12-11 14:31:00,24,29,236
2025-12-11 14:26:00,24,29,236
2025-12-11 14:21:00,23,31,234
2025-12-11 14:16:00,24,31,234
2025-12-11 14:11:00,26,31,236
2025-12-11 14:06:00,25,31,236
2025-12-11 14:01:00,24,32,235
2025-12-11 13:56:00,24,32,235
2025-12-11 13:51:00,24,33,240
2025-12-11 13:46:00,24,33,240
2025-12-11 13:41:00,27,33,239
2025-12-11 13:36:00,27,33,239
2025-12-11 13:31:00,27,34,236
2025-12-11 13:26:00,27,34,236
2025-12-11 13:21:00,27,34,233
2025-12-11 13:16:00,27,34,233
2025-12-11 13:11:00,26,34,228
2025-12-11 13:06:00,25,32,226
2025-12-11 13:01:00,25,35,224
2025-12-11 12:56:00,25,35,224
2025-12-11 12:51:00,27,35,222
2025-12-11 12:46:00,27,35,222
2025-12-11 12:41:00,25,34,221
2025-12-11 12:36:00,25,34,221
2025-12-11 12:31:00,25,34,221
2025-12-11 12:26:00,25,34,221
2025-12-11 12:21:00,25,34,221
2025-12-11 12:16:00,25,34,221
2025-12-11 12:11:00,25,34,221
2025-12-11 12:06:00,25,34,221
2025-12-11 12:01:00,26,34,223
2025-12-11 11:56:00,26,34,223
2025-12-11 11:51:00,25,34,222
2025-12-11 11:46:00,25,34,222
2025-12-11 11:41:00,24,30,223
2025-12-11 11:36:00,24,30,223
2025-12-11 11:31:00,25,30,223
2025-12-11 11:26:00,25,30,223
2025-12-11 11:21:00,25,30,221
2025-12-11 11:16:00,25,30,221
2025-12-11 11:11:00,25,31,218
2025-12-11 11:06:00,25,31,218
2025-12-11 11:01:00,24,31,216
2025-12-11 10:56:00,24,31,216
2025-12-11 10:51:00,24,31,216
2025-12-11 10:46:00,24,31,216
2025-12-11 10:41:00,25,32,220
2025-12-11 10:36:00,25,32,220
2025-12-11 10:31:00,26,36,216
2025-12-11 10:26:00,26,36,216
2025-12-11 10:21:00,26,36,213
2025-12-11 10:16:00,26,36,213
2025-12-11 10:11:00,25,32,208
2025-12-11 10:06:00,25,32,208
2025-12-11 10:01:00,24,29,206
2025-12-11 09:56:00,24,29,206
2025-12-11 09:51:00,24,29,203
2025-12-11 09:46:00,24,29,203
2025-12-11 09:41:00,24,29,202
2025-12-11 09:36:00,24,29,202
2025-12-11 09:31:00,22,28,202
2025-12-11 09:26:00,22,28,202
2025-12-11 09:21:00,21,28,200
2025-12-11 09:16:00,21,28,200
2025-12-11 09:11:00,19,24,200
2025-12-11 09:06:00,19,24,200
2025-12-11 09:01:00,19,23,199
2025-12-11 08:56:00,19,23,199
2025-12-11 08:51:00,19,23,199
2025-12-11 08:46:00,19,23,199
2025-12-11 08:41:00,19,23,198
2025-12-11 08:36:00,19,23,197
2025-12-11 08:31:00,19,23,196
2025-12-11 08:26:00,19,23,196
2025-12-11 08:21:00,17,20,197
2025-12-11 08:16:00,17,20,197
2025-12-11 08:11:00,16,18,197
2025-12-11 08:06:00,16,18,199
2025-12-11 08:01:00,15,18,200
2025-12-11 07:56:00,15,18,200
2025-12-11 07:51:00,15,19,202
2025-12-11 07:46:00,15,19,202
2025-12-11 07:41:00,15,19,206
2025-12-11 07:36:00,15,19,206
2025-12-11 07:31:00,15,18,205
2025-12-11 07:26:00,15,18,205
2025-12-11 07:21:00,15,19,206
2025-12-11 07:16:00,15,19,206
2025-12-11 07:11:00,16,19,204
2025-12-11 07:06:00,15,19,202
2025-12-11 07:01:00,15,18,201
2025-12-11 06:56:00,15,18,201
2025-12-11 06:51:00,14,17,200
2025-12-11 06:46:00,14,16,200
2025-12-11 06:41:00,13,17,198
2025-12-11 06:36:00,13,17,198
2025-12-11 06:31:00,14,17,201
2025-12-11 06:26:00,14,18,205
2025-12-11 06:21:00,14,18,209
2025-12-11 06:16:00,15,18,212
2025-12-11 06:11:00,15,18,212
2025-12-11 06:06:00,15,18,211
2025-12-11 06:01:00,15,18,209
2025-12-11 05:56:00,14,18,207
2025-12-11 05:51:00,15,18,207
2025-12-11 05:46:00,15,18,207
2025-12-11 05:41:00,15,18,208
2025-12-11 05:36:00,14,18,209
2025-12-11 05:31:00,14,19,208
2025-12-11 05:26:00,15,19,208
2025-12-11 05:21:00,15,19,209
2025-12-11 05:16:00,16,19,210
2025-12-11 05:11:00,16,19,210
2025-12-11 05:06:00,15,19,210
2025-12-11 05:01:00,15,18,209
2025-12-11 04:56:00,15,20,210
2025-12-11 04:51:00,15,20,213
2025-12-11 04:46:00,16,20,213
2025-12-11 04:41:00,16,20,211
2025-12-11 04:36:00,15,18,212
2025-12-11 04:31:00,14,18,211
2025-12-11 04:26:00,14,17,210
2025-12-11 04:21:00,15,17,209
2025-12-11 04:16:00,14,17,209
2025-12-11 04:11:00,14,17,209
2025-12-11 04:06:00,14,17,209
2025-12-11 04:01:00,15,17,210
2025-12-11 03:56:00,15,17,213
2025-12-11 03:51:00,15,18,214
2025-12-11 03:46:00,15,18,215
2025-12-11 03:41:00,15,19,218
2025-12-11 03:36:00,15,20,220
2025-12-11 03:31:00,16,20,223
2025-12-11 03:26:00,17,20,223
2025-12-11 03:21:00,17,20,221
2025-12-11 03:16:00,16,19,221
2025-12-11 03:11:00,16,19,220
2025-12-11 03:06:00,16,19,219
2025-12-11 03:01:00,15,19,218
2025-12-11 02:56:00,15,19,218
2025-12-11 02:51:00,15,19,218
2025-12-11 02:46:00,15,19,219
2025-12-11 02:41:00,15,19,217
2025-12-11 02:36:00,15,18,212
2025-12-11 02:31:00,14,18,209
2025-12-11 02:26:00,13,18,209
2025-12-11 02:21:00,14,18,209
2025-12-11 02:16:00,15,18,212
2025-12-11 02:11:00,14,17,214
2025-12-11 02:06:00,14,17,215
2025-12-11 02:01:00,14,17,215
2025-12-11 01:56:00,13,16,214
2025-12-11 01:51:00,13,15,215
2025-12-11 01:46:00,13,15,214
2025-12-11 01:41:00,13,15,214
2025-12-11 01:36:00,13,15,213
2025-12-11 01:31:00,12,15,211
2025-12-11 01:26:00,12,15,210
2025-12-11 01:21:00,11,14,208
2025-12-11 01:16:00,11,14,204
2025-12-11 01:11:00,11,14,203
2025-12-11 01:06:00,12,14,206
2025-12-11 01:01:00,12,14,209
2025-12-11 00:56:00,12,14,210
2025-12-11 00:51:00,12,14,212
2025-12-11 00:46:00,11,13,213
2025-12-11 00:41:00,11,12,215
2025-12-11 00:36:00,10,13,216
2025-12-11 00:31:00,10,14,219
2025-12-11 00:26:00,11,14,218
2025-12-11 00:21:00,11,14,218
2025-12-11 00:16:00,11,15,218
2025-12-11 00:11:00,11,15,218
2025-12-11 00:06:00,12,15,217
2025-12-11 00:01:00,12,15,217
2025-12-10 23:56:00,12,15,216
2025-12-10 23:51:00,13,15,215
2025-12-10 23:46:00,13,15,215
2025-12-10 23:41:00,13,15,213
2025-12-10 23:36:00,13,15,214
2025-12-10 23:31:00,12,15,215
2025-12-10 23:26:00,12,15,216
2025-12-10 23:21:00,11,14,219
2025-12-10 23:16:00,11,16,221
2025-12-10 23:11:00,11,16,224
2025-12-10 23:06:00,12,17,225
2025-12-10 23:01:00,14,17,225
2025-12-10 22:56:00,14,17,224
2025-12-10 22:51:00,15,17,223
2025-12-10 22:46:00,15,17,222
2025-12-10 22:41:00,14,17,222
2025-12-10 22:36:00,14,17,225
2025-12-10 22:31:00,14,17,227
2025-12-10 22:26:00,13,16,226
2025-12-10 22:21:00,13,17,226
2025-12-10 22:16:00,14,17,227
2025-12-10 22:11:00,14,17,227
2025-12-10 22:06:00,13,17,228
2025-12-10 22:01:00,13,18,228
2025-12-10 21:56:00,14,18,229
2025-12-10 21:51:00,14,18,231
2025-12-10 21:46:00,14,18,233
2025-12-10 21:41:00,14,17,233
2025-12-10 21:36:00,14,17,232
2025-12-10 21:31:00,14,17,231
2025-12-10 21:26:00,14,17,231
2025-12-10 21:21:00,14,17,231
2025-12-10 21:16:00,14,18,232
2025-12-10 21:11:00,14,18,234
2025-12-10 21:06:00,15,20,235
2025-12-10 21:01:00,16,20,235
2025-12-10 20:56:00,16,20,235
2025-12-10 20:51:00,17,21,234
2025-12-10 20:46:00,17,21,232
2025-12-10 20:41:00,17,21,230
2025-12-10 20:36:00,17,22,228
2025-12-10 20:31:00,18,22,226
2025-12-10 20:26:00,19,22,226
2025-12-10 20:21:00,19,22,225
2025-12-10 20:16:00,19,22,224
2025-12-10 20:11:00,18,22,224
2025-12-10 20:06:00,17,21,221
2025-12-10 20:01:00,17,21,220
2025-12-10 19:56:00,17,21,215
2025-12-10 19:51:00,15,19,205
2025-12-10 19:46:00,14,19,201
2025-12-10 19:41:00,13,16,197
2025-12-10 19:36:00,13,17,190
2025-12-10 19:31:00,13,19,181
2025-12-10 19:26:00,14,19,175
2025-12-10 19:21:00,14,19,175
2025-12-10 19:11:00,11,16,180
2025-12-10 19:06:00,10,14,168
2025-12-10 19:01:00,11,14,159
2025-12-10 18:56:00,12,14,158
2025-12-10 18:51:00,12,16,159
2025-12-10 18:46:00,12,16,159
2025-12-10 18:41:00,13,16,159
2025-12-10 18:36:00,13,16,160
2025-12-10 18:31:00,13,16,160
2025-12-10 18:26:00,13,16,159
2025-12-10 18:21:00,14,16,157
2025-12-10 18:16:00,13,16,154
2025-12-10 18:11:00,13,16,154
2025-12-10 18:06:00,13,16,156
2025-12-10 18:01:00,12,16,157
2025-12-10 17:56:00,13,16,159
2025-12-10 17:51:00,13,16,159
2025-12-10 17:46:00,13,16,160
2025-12-10 17:41:00,12,16,160
2025-12-10 17:36:00,13,16,160
2025-12-10 17:31:00,14,16,159
2025-12-10 17:26:00,13,16,155
2025-12-10 17:21:00,12,15,150
2025-12-10 17:16:00,13,15,148
2025-12-10 17:11:00,13,15,149
2025-12-10 17:06:00,13,15,150
2025-12-10 17:01:00,12,16,149
2025-12-10 16:56:00,12,16,148
2025-12-10 16:51:00,13,16,145
2025-12-10 16:46:00,13,16,139
2025-12-10 16:41:00,13,16,139
2025-12-10 16:36:00,13,16,140
2025-12-10 16:31:00,13,16,141
2025-12-10 16:26:00,13,16,141
2025-12-10 16:21:00,13,16,141
2025-12-10 16:16:00,14,16,144
2025-12-10 16:11:00,13,16,142
2025-12-10 16:06:00,13,16,140
2025-12-10 16:01:00,13,16,141
2025-12-10 15:56:00,14,16,140
2025-12-10 15:51:00,13,16,136
2025-12-10 15:46:00,13,16,136
2025-12-10 15:41:00,13,16,138
2025-12-10 15:36:00,12,16,142
2025-12-10 15:31:00,13,16,142
2025-12-10 15:26:00,13,16,139
2025-12-10 15:21:00,13,17,140
2025-12-10 15:16:00,14,18,143
2025-12-10 15:11:00,14,18,141
2025-12-10 15:06:00,15,18,140
2025-12-10 15:01:00,15,18,141
2025-12-10 14:56:00,15,18,139
2025-12-10 14:51:00,14,17,140
2025-12-10 14:46:00,14,16,139
2025-12-10 14:41:00,14,16,137
2025-12-10 14:36:00,14,17,135
2025-12-10 14:31:00,13,17,136
2025-12-10 14:26:00,13,17,135
2025-12-10 14:21:00,14,17,137
2025-12-10 14:16:00,13,17,138
2025-12-10 14:11:00,14,17,138
2025-12-10 14:06:00,14,17,139
2025-12-10 14:01:00,14,16,137
2025-12-10 13:56:00,13,17,136
2025-12-10 13:51:00,13,17,139
2025-12-10 13:46:00,14,17,141
2025-12-10 13:41:00,14,17,142
2025-12-10 13:36:00,14,17,142
2025-12-10 13:31:00,14,17,144
2025-12-10 13:26:00,14,16,145
2025-12-10 13:21:00,13,16,139
2025-12-10 13:16:00,12,16,135
2025-12-10 13:11:00,12,16,136
2025-12-10 13:06:00,12,16,134
2025-12-10 13:01:00,13,16,135
2025-12-10 12:56:00,13,17,136
2025-12-10 12:51:00,13,17,130
2025-12-10 12:46:00,13,18,129
2025-12-10 12:41:00,14,18,129
2025-12-10 12:36:00,14,19,127
2025-12-10 12:31:00,15,19,122
2025-12-10 12:26:00,15,19,119
2025-12-10 12:21:00,15,19,123
2025-12-10 12:16:00,15,18,121
2025-12-10 12:11:00,15,18,119
2025-12-10 12:06:00,15,19,119
2025-12-10 12:01:00,15,19,117
2025-12-10 11:56:00,16,19,117
2025-12-10 11:51:00,15,19,118
2025-12-10 11:46:00,15,18,121
2025-12-10 11:41:00,15,18,119
2025-12-10 11:36:00,15,18,116
2025-12-10 11:31:00,14,17,116
2025-12-10 11:26:00,14,17,117
2025-12-10 11:21:00,14,17,114
2025-12-10 11:16:00,14,17,113
2025-12-10 11:11:00,14,17,112
2025-12-10 11:06:00,14,17,111
2025-12-10 11:01:00,14,17,117
2025-12-10 10:56:00,14,16,122
2025-12-10 10:51:00,13,16,128
2025-12-10 10:46:00,13,16,128
2025-12-10 10:41:00,13,17,125
2025-12-10 10:36:00,13,18,124
2025-12-10 10:31:00,14,18,125
2025-12-10 10:26:00,14,18,126
2025-12-10 10:21:00,14,18,123
2025-12-10 10:16:00,14,16,128
2025-12-10 10:11:00,14,17,131
2025-12-10 10:06:00,14,17,129
2025-12-10 10:01:00,14,17,129
2025-12-10 09:56:00,14,17,128
2025-12-10 09:51:00,15,17,128
2025-12-10 09:46:00,14,17,130
2025-12-10 09:41:00,14,17,131
2025-12-10 09:36:00,13,17,129
2025-12-10 09:31:00,14,17,127
2025-12-10 09:26:00,14,17,127
2025-12-10 09:21:00,13,17,130
2025-12-10 09:16:00,13,17,126
2025-12-10 09:11:00,13,17,122
2025-12-10 09:06:00,13,17,121
2025-12-10 09:01:00,14,17,117
2025-12-10 08:56:00,14,17,117
2025-12-10 08:51:00,13,16,119
2025-12-10 08:46:00,12,16,119
2025-12-10 08:41:00,13,16,123
2025-12-10 08:36:00,13,18,127
2025-12-10 08:31:00,13,18,128
2025-12-10 08:26:00,14,18,125
2025-12-10 08:21:00,14,18,124
2025-12-10 08:16:00,13,16,124
2025-12-10 08:11:00,13,17,124
2025-12-10 08:06:00,13,17,126
2025-12-10 08:01:00,14,17,126
2025-12-10 07:56:00,14,17,127
2025-12-10 07:51:00,14,17,128
2025-12-10 07:46:00,13,16,128
2025-12-10 07:41:00,13,16,126
2025-12-10 07:36:00,13,16,120
2025-12-10 07:31:00,12,16,121
2025-12-10 07:26:00,12,16,123
2025-12-10 07:21:00,13,16,120
2025-12-10 07:16:00,12,16,120
2025-12-10 07:11:00,12,15,121
2025-12-10 07:06:00,12,15,125
2025-12-10 07:01:00,12,15,123
2025-12-10 06:56:00,12,15,122
2025-12-10 06:51:00,12,15,127
2025-12-10 06:46:00,12,15,124
2025-12-10 06:41:00,12,15,123
2025-12-10 06:36:00,12,15,120
2025-12-10 06:31:00,12,15,111
2025-12-10 06:26:00,12,15,110
2025-12-10 06:21:00,12,15,110
2025-12-10 06:16:00,11,14,112
2025-12-10 06:11:00,11,15,116
2025-12-10 06:06:00,11,15,121
2025-12-10 06:01:00,12,15,122
2025-12-10 05:56:00,11,15,121
2025-12-10 05:51:00,11,14,123
2025-12-10 05:46:00,11,14,125
2025-12-10 05:41:00,11,15,123
2025-12-10 05:36:00,11,15,120
2025-12-10 05:31:00,12,15,122
2025-12-10 05:26:00,12,15,126
2025-12-10 05:21:00,12,15,125
2025-12-10 05:16:00,11,14,119
2025-12-10 05:11:00,10,15,123
2025-12-10 05:06:00,11,15,127
2025-12-10 05:01:00,12,15,126
2025-12-10 04:56:00,12,15,122
2025-12-10 04:51:00,12,15,120
2025-12-10 04:46:00,11,14,119
2025-12-10 04:41:00,11,14,121
2025-12-10 04:36:00,11,14,122
2025-12-10 04:31:00,11,14,120
2025-12-10 04:26:00,11,15,124
2025-12-10 04:21:00,11,17,127
2025-12-10 04:16:00,12,17,124
2025-12-10 04:11:00,13,17,119
2025-12-10 04:06:00,13,17,115
2025-12-10 04:01:00,13,17,109
2025-12-10 03:56:00,12,15,107
2025-12-10 03:51:00,12,17,108
2025-12-10 03:46:00,12,17,111
2025-12-10 03:41:00,13,17,110
2025-12-10 03:36:00,13,17,111
2025-12-10 03:31:00,12,17,110
2025-12-10 03:26:00,12,17,106
2025-12-10 03:21:00,13,17,107
2025-12-10 03:16:00,13,17,109
2025-12-10 03:11:00,12,17,113
2025-12-10 03:06:00,12,17,115
2025-12-10 03:01:00,13,18,114
2025-12-10 02:56:00,13,18,112
2025-12-10 02:51:00,14,18,106
2025-12-10 02:46:00,14,18,102
2025-12-10 02:41:00,14,17,103
2025-12-10 02:36:00,14,17,107
2025-12-10 02:31:00,12,16,112
2025-12-10 02:26:00,12,16,115
2025-12-10 02:21:00,12,16,113
2025-12-10 02:16:00,12,15,105
2025-12-10 02:11:00,12,16,101
2025-12-10 02:06:00,13,16,99
2025-12-10 02:01:00,12,16,99
2025-12-10 01:56:00,12,17,102
2025-12-10 01:51:00,12,17,99
2025-12-10 01:46:00,13,17,95
2025-12-10 01:41:00,13,17,100
2025-12-10 01:36:00,13,17,99
2025-12-10 01:31:00,13,17,94
2025-12-10 01:26:00,13,17,94
2025-12-10 01:21:00,13,17,96
2025-12-10 01:16:00,14,17,97
2025-12-10 01:11:00,14,17,97
2025-12-10 01:06:00,13,17,97
2025-12-10 01:01:00,12,16,98
2025-12-10 00:56:00,12,15,98
2025-12-10 00:51:00,12,15,94
2025-12-10 00:46:00,12,18,92
2025-12-10 00:41:00,12,18,88
2025-12-10 00:36:00,13,18,88
2025-12-10 00:31:00,14,19,90
2025-12-10 00:26:00,14,19,88
2025-12-10 00:21:00,15,19,86
2025-12-10 00:16:00,15,19,87
2025-12-10 00:11:00,15,19,91
2025-12-10 00:06:00,15,19,91
2025-12-10 00:01:00,15,19,89
2025-12-09 23:56:00,15,19,87
2025-12-09 23:51:00,15,19,84
2025-12-09 23:46:00,14,19,82
2025-12-09 23:41:00,14,18,78
2025-12-09 23:36:00,13,19,76
2025-12-09 23:31:00,13,20,73
2025-12-09 23:26:00,15,20,69
2025-12-09 23:21:00,16,20,70
2025-12-09 23:16:00,16,20,75
2025-12-09 23:11:00,16,20,77
2025-12-09 23:06:00,16,20,76
2025-12-09 23:01:00,15,18,76
2025-12-09 22:56:00,15,18,71
2025-12-09 22:51:00,14,18,66
2025-12-09 22:46:00,14,19,69
2025-12-09 22:41:00,14,19,73
2025-12-09 22:36:00,15,19,73
2025-12-09 22:31:00,15,19,73
2025-12-09 22:26:00,14,19,74
2025-12-09 22:21:00,14,19,73
2025-12-09 22:16:00,15,19,74
2025-12-09 22:11:00,16,19,78
2025-12-09 22:06:00,15,19,78
2025-12-09 22:01:00,15,20,78
2025-12-09 21:56:00,16,20,74
2025-12-09 21:51:00,16,20,70
2025-12-09 21:46:00,16,20,70
2025-12-09 21:41:00,16,20,67
2025-12-09 21:36:00,16,20,67
2025-12-09 21:31:00,16,23,65
2025-12-09 21:26:00,16,23,66
2025-12-09 21:21:00,17,23,68
2025-12-09 21:16:00,18,23,64
2025-12-09 21:11:00,18,21,63
2025-12-09 21:06:00,17,25,67
2025-12-09 21:01:00,16,25,68
2025-12-09 20:56:00,19,25,61
2025-12-09 20:51:00,21,25,62
2025-12-09 20:46:00,20,25,72
2025-12-09 20:41:00,18,25,78
2025-12-09 20:36:00,18,26,74
2025-12-09 20:31:00,19,26,70
2025-12-09 20:26:00,20,26,69
2025-12-09 20:21:00,21,26,72
2025-12-09 20:16:00,21,26,76
2025-12-09 20:11:00,20,26,73
2025-12-09 20:06:00,20,26,69
2025-12-09 20:01:00,21,26,64
2025-12-09 19:56:00,22,27,65
2025-12-09 19:51:00,23,27,67
2025-12-09 19:46:00,23,27,65
2025-12-09 19:41:00,22,31,70
2025-12-09 19:36:00,23,31,78
2025-12-09 19:31:00,24,31,75
2025-12-09 19:26:00,24,31,66
2025-12-09 19:21:00,24,30,63
2025-12-09 19:16:00,25,32,64
2025-12-09 19:11:00,25,32,62
2025-12-09 19:06:00,25,32,60
2025-12-09 19:01:00,24,32,57
2025-12-09 18:56:00,24,31,56
2025-12-09 18:51:00,24,31,58
2025-12-09 18:46:00,24,32,59
2025-12-09 18:41:00,25,32,58
2025-12-09 18:36:00,26,36,58
2025-12-09 18:31:00,27,36,58
2025-12-09 18:26:00,28,36,59
2025-12-09 18:21:00,28,36,57
2025-12-09 18:16:00,27,34,57
2025-12-09 18:11:00,25,33,61
2025-12-09 18:06:00,26,33,59
2025-12-09 18:01:00,27,33,56
2025-12-09 17:56:00,25,32,57
2025-12-09 17:51:00,25,32,59
2025-12-09 17:46:00,27,33,55
2025-12-09 17:41:00,26,33,54
2025-12-09 17:36:00,26,33,55
2025-12-09 17:31:00,26,33,49
2025-12-09 17:26:00,26,31,46
2025-12-09 17:21:00,26,31,46
2025-12-09 17:16:00,25,31,45
2025-12-09 17:11:00,25,30,42
2025-12-09 17:06:00,25,30,40
2025-12-09 17:01:00,24,29,41
2025-12-09 16:56:00,23,29,41
2025-12-09 16:51:00,23,29,37
2025-12-09 16:46:00,24,29,36
2025-12-09 16:41:00,25,30,37
2025-12-09 16:36:00,24,30,37
2025-12-09 16:31:00,24,30,40
2025-12-09 16:26:00,25,30,41
2025-12-09 16:21:00,25,30,38
2025-12-09 16:16:00,23,29,34
2025-12-09 16:11:00,23,29,33
2025-12-09 16:06:00,23,29,33
2025-12-09 16:01:00,25,30,29
2025-12-09 15:56:00,24,30,24
2025-12-09 15:51:00,24,30,26
2025-12-09 15:46:00,24,30,30
2025-12-09 15:41:00,24,29,28
2025-12-09 15:36:00,24,29,24
2025-12-09 15:31:00,24,29,23
2025-12-09 15:26:00,24,29,20
2025-12-09 15:21:00,24,29,18
2025-12-09 15:16:00,24,29,16
2025-12-09 15:11:00,23,29,18
2025-12-09 15:06:00,22,26,19
2025-12-09 15:01:00,21,26,14
2025-12-09 14:56:00,21,26,11
2025-12-09 14:51:00,21,26,6
2025-12-09 14:46:00,21,26,358
2025-12-09 14:41:00,21,26,352
2025-12-09 14:36:00,21,26,350
2025-12-09 14:31:00,21,26,351
2025-12-09 14:26:00,21,27,344
2025-12-09 14:21:00,21,28,336
2025-12-09 14:16:00,22,29,330
2025-12-09 14:11:00,23,30,322
2025-12-09 14:06:00,23,31,314
2025-12-09 14:01:00,24,31,312
2025-12-09 13:56:00,26,31,314
2025-12-09 13:51:00,26,31,313
2025-12-09 13:46:00,26,31,313
2025-12-09 13:41:00,26,34,312
2025-12-09 13:36:00,26,34,309
2025-12-09 13:31:00,27,34,305
2025-12-09 13:26:00,27,34,305
2025-12-09 13:21:00,26,33,305
2025-12-09 13:16:00,26,33,306
2025-12-09 13:11:00,26,33,310
2025-12-09 13:06:00,26,32,310
2025-12-09 13:01:00,26,36,310
2025-12-09 12:56:00,24,36,309
2025-12-09 12:51:00,28,36,292
2025-12-09 12:46:00,30,36,284
2025-12-09 12:41:00,30,36,284
2025-12-09 12:36:00,30,37,286
2025-12-09 12:31:00,29,37,286
2025-12-09 12:26:00,29,37,285
2025-12-09 12:21:00,30,39,285
2025-12-09 12:16:00,29,39,287
2025-12-09 12:11:00,29,39,286
2025-12-09 12:06:00,31,39,285
2025-12-09 12:01:00,31,37,283
2025-12-09 11:56:00,30,40,282
2025-12-09 11:51:00,30,40,284
2025-12-09 11:46:00,32,40,286
2025-12-09 11:41:00,31,40,287
2025-12-09 11:36:00,30,40,287
2025-12-09 11:31:00,31,42,287
2025-12-09 11:26:00,33,42,286
2025-12-09 11:21:00,33,42,286
2025-12-09 11:16:00,33,42,286
2025-12-09 11:11:00,33,42,286
2025-12-09 11:06:00,33,42,286
2025-12-09 11:01:00,33,42,286
2025-12-09 10:56:00,33,42,286
2025-12-09 10:51:00,33,42,286
2025-12-09 10:46:00,32,42,287
2025-12-09 10:41:00,32,42,287
2025-12-09 10:36:00,32,42,283
2025-12-09 10:31:00,31,42,280
2025-12-09 10:26:00,31,40,281
2025-12-09 10:21:00,31,43,282
2025-12-09 10:16:00,32,43,282
2025-12-09 10:11:00,33,43,278
2025-12-09 10:06:00,33,43,278
2025-12-09 10:01:00,32,40,276
2025-12-09 09:56:00,30,40,281
2025-12-09 09:51:00,32,41,280
2025-12-09 09:46:00,32,41,277
2025-12-09 09:41:00,32,41,276
2025-12-09 09:36:00,32,41,275
2025-12-09 09:31:00,32,41,275
2025-12-09 09:26:00,31,41,274
2025-12-09 09:21:00,31,41,274
2025-12-09 09:16:00,31,39,273
2025-12-09 09:11:00,30,41,276
2025-12-09 09:06:00,32,41,277
2025-12-09 09:01:00,32,41,277
2025-12-09 08:56:00,32,41,279
2025-12-09 08:51:00,32,41,279
2025-12-09 08:46:00,31,41,276
2025-12-09 08:41:00,31,41,276
2025-12-09 08:36:00,32,41,276
2025-12-09 08:31:00,32,41,276
2025-12-09 08:26:00,33,41,274
2025-12-09 08:21:00,33,41,274
2025-12-09 08:16:00,32,41,274
2025-12-09 08:11:00,32,41,274
2025-12-09 08:06:00,33,41,273
2025-12-09 08:01:00,33,41,273
2025-12-09 07:56:00,32,40,272
2025-12-09 07:51:00,32,40,272
2025-12-09 07:46:00,31,40,274
2025-12-09 07:41:00,31,40,274
2025-12-09 07:36:00,29,38,278
2025-12-09 07:31:00,29,38,278
2025-12-09 07:26:00,31,39,273
2025-12-09 07:21:00,31,39,273
2025-12-09 07:16:00,30,39,265
2025-12-09 07:11:00,30,39,265
2025-12-09 07:06:00,30,39,264
2025-12-09 07:01:00,30,39,264
2025-12-09 06:56:00,28,33,263
2025-12-09 06:51:00,28,33,263
2025-12-09 06:46:00,27,33,262
2025-12-09 06:41:00,27,33,262
2025-12-09 06:36:00,24,32,259
2025-12-09 06:31:00,24,32,259
2025-12-09 06:26:00,25,31,262
2025-12-09 06:21:00,25,31,262
2025-12-09 06:16:00,25,30,255
2025-12-09 06:11:00,25,30,255
2025-12-09 06:06:00,23,30,257
2025-12-09 06:01:00,23,30,257
2025-12-09 05:56:00,25,30,261
2025-12-09 05:51:00,25,30,261
2025-12-09 05:46:00,23,30,259
2025-12-09 05:41:00,23,30,259
2025-12-09 05:36:00,21,25,258
2025-12-09 05:31:00,21,25,258
2025-12-09 05:26:00,20,24,259
2025-12-09 05:21:00,20,24,259
2025-12-09 05:16:00,19,24,256
2025-12-09 05:11:00,19,24,256
2025-12-09 05:06:00,18,22,253
2025-12-09 05:01:00,18,22,253
2025-12-09 04:56:00,17,22,254
2025-12-09 04:51:00,15,21,253
2025-12-09 04:46:00,14,17,251
2025-12-09 04:41:00,14,17,251
2025-12-09 04:36:00,13,15,249
2025-12-09 04:31:00,13,15,251
2025-12-09 04:26:00,12,15,253
2025-12-09 04:21:00,11,14,251
2025-12-09 04:16:00,11,13,251
2025-12-09 04:11:00,10,12,254
2025-12-09 04:06:00,8,10,260
2025-12-09 04:01:00,8,10,260
2025-12-09 03:56:00,8,9,270
2025-12-09 03:51:00,8,9,270
2025-12-09 03:46:00,7,9,283
2025-12-09 03:41:00,7,9,283
2025-12-09 03:36:00,6,9,299
2025-12-09 03:31:00,6,9,299
2025-12-09 03:26:00,6,9,316
2025-12-09 03:21:00,6,9,316
2025-12-09 03:16:00,6,8,330
2025-12-09 03:11:00,6,8,330
2025-12-09 03:06:00,7,11,331
2025-12-09 03:01:00,7,11,327
2025-12-09 02:56:00,9,12,323
2025-12-09 02:51:00,9,12,323
2025-12-09 02:46:00,9,12,332
2025-12-09 02:41:00,8,12,337
2025-12-09 02:36:00,8,10,343
2025-12-09 02:31:00,8,10,343
2025-12-09 02:26:00,6,10,338
2025-12-09 02:21:00,6,10,338
2025-12-09 02:16:00,6,8,16
2025-12-09 02:11:00,6,8,16
2025-12-09 02:06:00,6,9,21
2025-12-09 02:01:00,6,9,21
2025-12-09 01:56:00,6,10,29
2025-12-09 01:51:00,7,11,33
2025-12-09 01:46:00,9,13,35
2025-12-09 01:41:00,9,13,35
2025-12-09 01:36:00,10,15,41
2025-12-09 01:31:00,10,15,41
2025-12-09 01:26:00,12,16,43
2025-12-09 01:21:00,12,16,43
2025-12-09 01:16:00,13,16,43
2025-12-09 01:11:00,13,16,43
2025-12-09 01:06:00,12,15,38
2025-12-09 01:01:00,12,15,38
2025-12-09 00:56:00,14,17,39
2025-12-09 00:51:00,14,17,39
2025-12-09 00:46:00,15,19,37
2025-12-09 00:41:00,15,19,37
2025-12-09 00:36:00,16,19,39
2025-12-09 00:31:00,16,19,39
2025-12-09 00:26:00,16,21,41
2025-12-09 00:21:00,17,22,43
2025-12-09 00:16:00,19,22,43
2025-12-09 00:11:00,19,22,43
2025-12-09 00:06:00,18,22,37
2025-12-09 00:01:00,18,22,37
2025-12-08 23:56:00,18,24,38
2025-12-08 23:51:00,18,24,38
2025-12-08 23:46:00,19,24,38
2025-12-08 23:41:00,20,24,41
2025-12-08 23:36:00,19,23,39
2025-12-08 23:31:00,19,23,39
2025-12-08 23:26:00,18,22,38
2025-12-08 23:21:00,18,22,38
2025-12-08 23:16:00,18,22,35
2025-12-08 23:11:00,18,22,35
2025-12-08 23:06:00,17,22,33
2025-12-08 23:01:00,14,19,33
2025-12-08 22:56:00,13,17,42
2025-12-08 22:51:00,13,17,42
2025-12-08 22:46:00,13,17,46
2025-12-08 22:41:00,12,14,49
2025-12-08 22:36:00,11,13,57
2025-12-08 22:31:00,11,13,57
2025-12-08 22:26:00,9,12,61
2025-12-08 22:21:00,9,12,61
2025-12-08 22:16:00,9,13,70
2025-12-08 22:11:00,9,14,78
2025-12-08 22:06:00,11,16,76
2025-12-08 22:01:00,11,16,76
2025-12-08 21:56:00,13,17,84
2025-12-08 21:51:00,13,17,84
2025-12-08 21:46:00,14,18,82
2025-12-08 21:41:00,14,18,83
2025-12-08 21:36:00,15,21,84
2025-12-08 21:31:00,15,21,86
2025-12-08 21:26:00,16,21,93
2025-12-08 21:21:00,18,21,97
2025-12-08 21:16:00,18,21,97
2025-12-08 21:11:00,18,21,98
2025-12-08 21:06:00,18,21,99
2025-12-08 21:01:00,17,22,101
2025-12-08 20:56:00,18,22,104
2025-12-08 20:51:00,19,22,105
2025-12-08 20:46:00,19,23,102
2025-12-08 20:41:00,19,23,102
2025-12-08 20:36:00,19,23,104
2025-12-08 20:31:00,19,23,105
2025-12-08 20:26:00,19,24,104
2025-12-08 20:21:00,19,24,105
2025-12-08 20:16:00,20,24,107
2025-12-08 20:11:00,20,25,106
2025-12-08 20:06:00,21,25,107
2025-12-08 20:01:00,21,25,109
2025-12-08 19:56:00,20,25,109
2025-12-08 19:51:00,20,26,106
2025-12-08 19:46:00,21,26,107
2025-12-08 19:41:00,21,26,107
2025-12-08 19:36:00,21,26,107
2025-12-08 19:31:00,20,25,109
2025-12-08 19:26:00,20,25,106
2025-12-08 19:21:00,21,25,101
2025-12-08 19:16:00,20,25,101
2025-12-08 19:11:00,20,23,102
2025-12-08 19:06:00,19,22,101
2025-12-08 19:01:00,19,22,102
2025-12-08 18:56:00,17,20,103
2025-12-08 18:51:00,16,20,100
2025-12-08 18:46:00,15,19,99
2025-12-08 18:41:00,14,20,102
2025-12-08 18:36:00,14,22,107
2025-12-08 18:31:00,16,22,106
2025-12-08 18:26:00,17,22,102
2025-12-08 18:21:00,18,22,99
2025-12-08 18:16:00,17,21,97
2025-12-08 18:11:00,16,20,96
2025-12-08 18:06:00,13,18,106
2025-12-08 18:01:00,11,21,109
2025-12-08 17:56:00,12,21,93
2025-12-08 17:51:00,14,21,91
2025-12-08 17:46:00,15,21,94
2025-12-08 17:41:00,10,21,92
2025-12-08 17:36:00,9,21,84
2025-12-08 17:31:00,15,21,80
2025-12-08 17:26:00,18,23,81
2025-12-08 17:21:00,17,23,81
2025-12-08 17:16:00,18,23,82
2025-12-08 17:11:00,18,23,81
2025-12-08 17:06:00,17,21,79
2025-12-08 17:01:00,18,21,77
2025-12-08 16:56:00,17,21,76
2025-12-08 16:51:00,17,20,77
2025-12-08 16:46:00,17,22,75
2025-12-08 16:41:00,17,22,72
2025-12-08 16:36:00,17,22,73
2025-12-08 16:31:00,17,22,74
2025-12-08 16:26:00,17,20,69
2025-12-08 16:21:00,17,20,63
2025-12-08 16:16:00,17,20,61
2025-12-08 16:11:00,17,20,60
2025-12-08 16:06:00,17,20,64
2025-12-08 16:01:00,16,20,64
2025-12-08 15:56:00,15,20,56
2025-12-08 15:51:00,15,22,47
2025-12-08 15:46:00,16,22,44
2025-12-08 15:41:00,18,22,50
2025-12-08 15:36:00,19,22,56
2025-12-08 15:31:00,18,21,54
2025-12-08 15:26:00,17,21,52
2025-12-08 15:21:00,17,20,58
2025-12-08 15:16:00,16,20,63
2025-12-08 15:11:00,15,18,66
2025-12-08 15:06:00,12,16,72
2025-12-08 15:01:00,11,15,72
2025-12-08 14:56:00,11,19,68
2025-12-08 14:51:00,11,19,67
2025-12-08 14:46:00,10,19,64
2025-12-08 14:41:00,9,19,63
2025-12-08 14:36:00,9,13,64
2025-12-08 14:31:00,11,13,60
2025-12-08 14:26:00,11,13,61
2025-12-08 14:21:00,10,12,67
2025-12-08 14:16:00,9,12,70
2025-12-08 14:11:00,9,12,66
2025-12-08 14:06:00,9,11,67
2025-12-08 14:01:00,9,11,70
2025-12-08 13:56:00,8,10,73
2025-12-08 13:51:00,8,9,82
2025-12-08 13:46:00,6,9,86
2025-12-08 13:41:00,3,7,81
2025-12-08 13:36:00,2,6,17
2025-12-08 13:31:00,3,6,329
2025-12-08 13:26:00,4,6,332
2025-12-08 13:21:00,4,6,329
2025-12-08 13:16:00,4,7,331
2025-12-08 13:11:00,4,7,347
2025-12-08 13:06:00,5,8,18
2025-12-08 13:01:00,5,9,25
2025-12-08 12:56:00,7,11,16
2025-12-08 12:51:00,7,11,16
2025-12-08 12:46:00,8,11,14
2025-12-08 12:41:00,9,11,14
2025-12-08 12:36:00,8,11,10
2025-12-08 12:31:00,8,11,1
2025-12-08 12:26:00,8,11,354
2025-12-08 12:21:00,8,10,345
2025-12-08 12:16:00,7,11,340
2025-12-08 12:11:00,8,11,334
2025-12-08 12:06:00,8,11,333
2025-12-08 12:01:00,8,11,340
2025-12-08 11:56:00,8,11,353
2025-12-08 11:51:00,7,10,1
2025-12-08 11:46:00,7,11,3
2025-12-08 11:41:00,8,11,8
2025-12-08 11:36:00,8,11,8
2025-12-08 11:31:00,6,11,11
2025-12-08 11:26:00,4,7,357
2025-12-08 11:21:00,3,6,325
2025-12-08 11:16:00,1,8,350
2025-12-08 11:11:00,2,9,317
2025-12-08 11:06:00,5,10,248
2025-12-08 11:01:00,9,12,223
2025-12-08 10:56:00,9,12,223
2025-12-08 10:51:00,10,12,221
2025-12-08 10:46:00,10,13,216
2025-12-08 10:41:00,10,13,215
2025-12-08 10:36:00,11,13,218
2025-12-08 10:31:00,11,13,220
2025-12-08 10:26:00,10,12,220
2025-12-08 10:21:00,9,11,219
2025-12-08 10:16:00,8,10,225
2025-12-08 10:11:00,8,10,232
2025-12-08 10:06:00,8,9,233
2025-12-08 10:01:00,8,9,234
2025-12-08 09:56:00,7,9,236
2025-12-08 09:51:00,6,8,241
2025-12-08 09:46:00,5,8,249
2025-12-08 09:41:00,5,8,256
2025-12-08 09:36:00,6,8,255
2025-12-08 09:31:00,6,8,256
2025-12-08 09:26:00,6,7,262
2025-12-08 09:21:00,5,9,262
2025-12-08 09:16:00,6,9,257
2025-12-08 09:11:00,7,9,260
2025-12-08 09:06:00,7,9,266
2025-12-08 09:01:00,7,9,267
2025-12-08 08:56:00,7,9,270
2025-12-08 08:51:00,8,9,273
2025-12-08 08:46:00,8,10,274
2025-12-08 08:41:00,8,10,278
2025-12-08 08:36:00,8,10,280
2025-12-08 08:31:00,8,11,281
2025-12-08 08:26:00,8,11,282
2025-12-08 08:21:00,8,11,285
2025-12-08 08:16:00,9,12,288
2025-12-08 08:11:00,9,13,285
2025-12-08 08:06:00,9,14,284
2025-12-08 08:01:00,11,14,286
2025-12-08 07:56:00,12,14,283
2025-12-08 07:51:00,11,14,281
2025-12-08 07:46:00,10,14,285
2025-12-08 07:41:00,11,14,286
2025-12-08 07:36:00,11,14,286
2025-12-08 07:31:00,10,14,285
2025-12-08 07:26:00,11,14,284
2025-12-08 07:21:00,11,14,282
2025-12-08 07:16:00,11,14,280
2025-12-08 07:11:00,11,13,278
2025-12-08 07:06:00,10,12,274
2025-12-08 07:01:00,10,13,274
2025-12-08 06:56:00,10,13,273
2025-12-08 06:51:00,10,13,270
2025-12-08 06:46:00,10,13,269
2025-12-08 06:41:00,11,13,269
2025-12-08 06:36:00,11,14,272
2025-12-08 06:31:00,11,14,276
2025-12-08 06:26:00,12,14,282
2025-12-08 06:21:00,12,14,282
2025-12-08 06:16:00,12,14,279
2025-12-08 06:11:00,12,15,278
2025-12-08 06:06:00,12,15,274
2025-12-08 06:01:00,12,16,273
2025-12-08 05:56:00,12,18,274
2025-12-08 05:51:00,12,18,277
2025-12-08 05:46:00,13,18,279
2025-12-08 05:41:00,13,18,276
2025-12-08 05:36:00,13,16,274
2025-12-08 05:31:00,13,16,273
2025-12-08 05:26:00,13,18,274
2025-12-08 05:21:00,14,18,273
2025-12-08 05:16:00,14,18,273
2025-12-08 05:11:00,14,18,275
2025-12-08 05:06:00,14,17,278
2025-12-08 05:01:00,14,17,280
2025-12-08 04:56:00,14,16,276
2025-12-08 04:51:00,14,16,271
2025-12-08 04:46:00,14,16,269
2025-12-08 04:41:00,13,16,271
2025-12-08 04:36:00,14,16,271
2025-12-08 04:31:00,14,16,269
2025-12-08 04:26:00,13,16,271
2025-12-08 04:21:00,12,15,272
2025-12-08 04:16:00,13,16,270
2025-12-08 04:11:00,13,16,270
2025-12-08 04:06:00,13,16,269
2025-12-08 04:01:00,13,16,267
2025-12-08 03:56:00,12,14,265
2025-12-08 03:51:00,12,14,266
2025-12-08 03:46:00,11,14,269
2025-12-08 03:41:00,12,14,271
2025-12-08 03:36:00,12,15,271
2025-12-08 03:31:00,12,15,269
2025-12-08 03:26:00,12,16,271
2025-12-08 03:21:00,13,17,271
2025-12-08 03:16:00,13,17,268
2025-12-08 03:11:00,14,17,269
2025-12-08 03:06:00,14,17,273
2025-12-08 03:01:00,14,17,277
2025-12-08 02:56:00,13,17,275
2025-12-08 02:51:00,13,17,273
2025-12-08 02:46:00,14,18,274
2025-12-08 02:41:00,13,19,278
2025-12-08 02:36:00,15,19,280
2025-12-08 02:31:00,16,19,278
2025-12-08 02:26:00,16,19,280
2025-12-08 02:21:00,15,19,282
2025-12-08 02:16:00,14,17,282
2025-12-08 02:11:00,14,17,283
2025-12-08 02:06:00,13,16,281
2025-12-08 02:01:00,13,16,278
2025-12-08 01:56:00,13,18,280
2025-12-08 01:51:00,14,18,285
2025-12-08 01:46:00,14,18,288
2025-12-08 01:41:00,15,18,288
2025-12-08 01:36:00,15,18,287
2025-12-08 01:31:00,15,18,287
2025-12-08 01:26:00,15,18,287
2025-12-08 01:21:00,15,18,284
2025-12-08 01:16:00,14,18,284
2025-12-08 01:11:00,14,19,285
2025-12-08 01:06:00,15,19,284
2025-12-08 01:01:00,15,19,284
2025-12-08 00:56:00,15,20,285
2025-12-08 00:51:00,15,20,284
2025-12-08 00:46:00,16,20,280
2025-12-08 00:41:00,16,20,279
2025-12-08 00:36:00,15,19,279
2025-12-08 00:31:00,15,19,272
2025-12-08 00:26:00,14,19,272
2025-12-08 00:21:00,15,19,279
2025-12-08 00:16:00,15,19,279
2025-12-08 00:11:00,15,18,277
2025-12-08 00:06:00,14,17,276
2025-12-08 00:01:00,13,17,276
2025-12-07 23:56:00,14,17,279
2025-12-07 23:46:00,14,17,276
2025-12-07 23:41:00,14,17,275
2025-12-07 23:36:00,14,17,273
2025-12-07 23:31:00,14,17,276
2025-12-07 23:26:00,14,17,276
2025-12-07 23:21:00,14,17,275
2025-12-07 23:16:00,14,17,274
2025-12-07 23:11:00,15,17,270
2025-12-07 23:06:00,15,17,270
2025-12-07 23:01:00,14,17,270
2025-12-07 22:56:00,13,15,271
2025-12-07 22:51:00,13,15,270
2025-12-07 22:46:00,12,15,269
2025-12-07 22:41:00,12,17,269
2025-12-07 22:36:00,12,18,270
2025-12-07 22:31:00,13,18,270
2025-12-07 22:26:00,14,18,271
2025-12-07 22:21:00,14,18,273
2025-12-07 22:16:00,15,18,273
2025-12-07 22:11:00,15,18,274
2025-12-07 22:06:00,14,17,271
2025-12-07 22:01:00,15,17,270
2025-12-07 21:56:00,14,17,274
2025-12-07 21:51:00,14,17,276
2025-12-07 21:46:00,14,17,275
2025-12-07 21:41:00,14,17,275
2025-12-07 21:36:00,14,18,276
2025-12-07 21:31:00,14,18,278
2025-12-07 21:26:00,14,18,274
2025-12-07 21:21:00,14,18,269
2025-12-07 21:16:00,14,17,272
2025-12-07 21:11:00,14,17,274
2025-12-07 21:06:00,14,19,272
2025-12-07 21:01:00,15,20,276
2025-12-07 20:56:00,15,20,282
2025-12-07 20:51:00,16,21,283
2025-12-07 20:46:00,16,21,281
2025-12-07 20:41:00,16,21,280
2025-12-07 20:36:00,17,21,278
2025-12-07 20:31:00,17,21,281
2025-12-07 20:26:00,18,21,283
2025-12-07 20:21:00,18,21,284
2025-12-07 20:16:00,17,21,281
2025-12-07 20:11:00,17,21,276
2025-12-07 20:06:00,17,21,275
2025-12-07 20:01:00,17,21,276
2025-12-07 19:56:00,16,21,280
2025-12-07 19:51:00,15,20,285
2025-12-07 19:46:00,15,20,286
2025-12-07 19:41:00,16,20,287
2025-12-07 19:36:00,17,20,289
2025-12-07 19:31:00,17,20,287
2025-12-07 19:26:00,16,20,285
2025-12-07 19:21:00,16,21,283
2025-12-07 19:16:00,17,21,283
2025-12-07 19:11:00,17,21,285
2025-12-07 19:06:00,17,21,286
2025-12-07 19:01:00,16,21,283
2025-12-07 18:56:00,15,20,281
2025-12-07 18:51:00,16,20,284
2025-12-07 18:46:00,16,20,285
2025-12-07 18:41:00,16,20,287
2025-12-07 18:36:00,17,21,288
2025-12-07 18:31:00,17,21,286
2025-12-07 18:26:00,17,21,286
2025-12-07 18:21:00,16,21,284
2025-12-07 18:16:00,15,18,282
2025-12-07 18:11:00,14,17,285
2025-12-07 18:06:00,14,17,283
2025-12-07 18:01:00,14,17,283
2025-12-07 17:56:00,14,17,286
2025-12-07 17:51:00,13,17,282
2025-12-07 17:46:00,13,16,277
2025-12-07 17:36:00,14,16,285
2025-12-07 17:31:00,14,16,286
2025-12-07 17:26:00,13,16,281
2025-12-07 17:21:00,13,16,275
2025-12-07 17:16:00,13,16,274
2025-12-07 17:11:00,13,18,277
2025-12-07 17:06:00,13,18,277
2025-12-07 17:01:00,14,19,282
2025-12-07 16:56:00,15,19,283
2025-12-07 16:51:00,15,19,283
2025-12-07 16:46:00,15,19,284
2025-12-07 16:41:00,15,19,289
2025-12-07 16:36:00,16,20,292
2025-12-07 16:31:00,16,20,289
2025-12-07 16:26:00,17,20,288
2025-12-07 16:21:00,17,20,289
2025-12-07 16:16:00,17,19,289
2025-12-07 16:11:00,16,19,292
2025-12-07 16:06:00,15,19,292
2025-12-07 16:01:00,15,19,292
2025-12-07 15:56:00,13,18,280
2025-12-07 15:51:00,14,18,277
2025-12-07 15:46:00,15,18,281
2025-12-07 15:41:00,15,18,285
2025-12-07 15:36:00,14,18,283
2025-12-07 15:31:00,14,17,286
2025-12-07 15:26:00,14,17,291
2025-12-07 15:21:00,14,17,290
2025-12-07 15:16:00,13,17,286
2025-12-07 15:11:00,13,19,282
2025-12-07 15:06:00,13,19,282
2025-12-07 15:01:00,14,19,288
2025-12-07 14:56:00,16,19,288
2025-12-07 14:51:00,16,19,288
2025-12-07 14:46:00,14,19,285
2025-12-07 14:41:00,14,19,285
2025-12-07 14:36:00,15,19,295
2025-12-07 14:31:00,14,18,295
2025-12-07 14:26:00,14,19,295
2025-12-07 14:21:00,14,19,295
2025-12-07 14:16:00,16,19,302
2025-12-07 14:11:00,16,19,302
2025-12-07 14:06:00,15,19,304
2025-12-07 14:01:00,15,19,304
2025-12-07 13:56:00,14,18,293
2025-12-07 13:51:00,14,18,293
2025-12-07 13:46:00,15,19,299
2025-12-07 13:41:00,15,19,299
2025-12-07 13:36:00,16,19,295
2025-12-07 13:31:00,16,19,295
2025-12-07 13:26:00,16,20,291
2025-12-07 13:21:00,16,20,291
2025-12-07 13:16:00,17,20,293
2025-12-07 13:11:00,17,20,293
2025-12-07 13:06:00,16,20,296
2025-12-07 13:01:00,16,20,296
2025-12-07 12:56:00,16,22,299
2025-12-07 12:51:00,16,22,299
2025-12-07 12:46:00,18,22,299
2025-12-07 12:41:00,18,22,299
2025-12-07 12:36:00,16,20,298
2025-12-07 12:31:00,16,20,298
2025-12-07 12:26:00,17,19,298
2025-12-07 12:21:00,17,19,298
2025-12-07 12:16:00,15,21,293
2025-12-07 12:11:00,15,21,293
2025-12-07 12:06:00,17,21,301
2025-12-07 12:01:00,17,21,301
2025-12-07 11:56:00,17,21,293
2025-12-07 11:51:00,17,21,293
2025-12-07 11:46:00,14,18,291
2025-12-07 11:41:00,14,18,291
2025-12-07 11:36:00,15,18,291
2025-12-07 11:31:00,15,18,291
2025-12-07 11:26:00,14,18,291
2025-12-07 11:21:00,14,18,291
2025-12-07 11:16:00,14,18,281
2025-12-07 11:11:00,14,18,272
2025-12-07 11:06:00,12,16,259
2025-12-07 11:01:00,12,16,259
2025-12-07 10:56:00,12,14,251
2025-12-07 10:51:00,12,14,251
2025-12-07 10:46:00,12,14,248
2025-12-07 10:41:00,12,14,248
2025-12-07 10:36:00,11,14,237
2025-12-07 10:31:00,11,14,237
2025-12-07 10:26:00,11,14,228
2025-12-07 10:21:00,11,14,228
2025-12-07 10:16:00,11,14,224
2025-12-07 10:11:00,11,14,224
2025-12-07 10:06:00,12,14,217
2025-12-07 10:01:00,12,14,217
2025-12-07 09:56:00,12,14,211
2025-12-07 09:51:00,12,14,211
2025-12-07 09:46:00,11,14,211
2025-12-07 09:41:00,11,14,211
2025-12-07 09:36:00,10,12,212
2025-12-07 09:31:00,10,12,212
2025-12-07 09:26:00,10,12,211
2025-12-07 09:21:00,9,11,211
2025-12-07 09:16:00,8,11,203
2025-12-07 09:11:00,8,11,203
2025-12-07 09:06:00,7,9,202
2025-12-07 09:01:00,7,8,198
2025-12-07 08:56:00,4,6,187
2025-12-07 08:51:00,4,6,187
2025-12-07 08:46:00,3,5,205
2025-12-07 08:41:00,3,4,235
2025-12-07 08:36:00,2,5,283
2025-12-07 08:31:00,2,5,283
2025-12-07 08:26:00,3,9,323
2025-12-07 08:21:00,4,13,342
2025-12-07 08:16:00,5,13,346
2025-12-07 08:11:00,8,14,342
2025-12-07 08:06:00,10,14,345
2025-12-07 08:01:00,11,14,341
2025-12-07 07:56:00,11,14,335
2025-12-07 07:51:00,11,14,335
2025-12-07 07:46:00,11,16,344
2025-12-07 07:41:00,11,16,344
2025-12-07 07:36:00,12,19,346
2025-12-07 07:31:00,13,20,345
2025-12-07 07:26:00,14,21,344
2025-12-07 07:21:00,16,21,346
2025-12-07 07:16:00,17,21,345
2025-12-07 07:11:00,18,23,342
2025-12-07 07:06:00,18,27,341
2025-12-07 07:01:00,19,27,342
2025-12-07 06:56:00,20,27,340
2025-12-07 06:51:00,22,27,340
2025-12-07 06:46:00,23,27,341
2025-12-07 06:41:00,22,27,342
2025-12-07 06:36:00,22,28,343
2025-12-07 06:31:00,23,29,342
2025-12-07 06:26:00,24,29,338
2025-12-07 06:21:00,24,30,340
2025-12-07 06:16:00,24,32,344
2025-12-07 06:11:00,25,32,346
2025-12-07 06:06:00,26,32,345
2025-12-07 06:01:00,27,33,344
2025-12-07 05:56:00,26,33,345
2025-12-07 05:51:00,27,34,345
2025-12-07 05:46:00,28,34,341
2025-12-07 05:41:00,29,34,335
2025-12-07 05:36:00,27,34,327
2025-12-07 05:31:00,25,32,323
2025-12-07 05:26:00,26,32,326
2025-12-07 05:21:00,23,32,328
2025-12-07 05:16:00,18,29,333
2025-12-07 05:11:00,17,22,334
2025-12-07 05:06:00,18,22,332
2025-12-07 05:01:00,18,21,332
2025-12-07 04:56:00,18,22,331
2025-12-07 04:51:00,17,22,330
2025-12-07 04:46:00,18,24,331
2025-12-07 04:41:00,19,24,326
2025-12-07 04:36:00,20,24,308
2025-12-07 04:31:00,20,26,295
2025-12-07 04:26:00,20,26,293
2025-12-07 04:21:00,21,29,290
2025-12-07 04:16:00,21,33,286
2025-12-07 04:11:00,22,33,280
2025-12-07 04:06:00,25,33,277
2025-12-07 04:01:00,26,33,266
2025-12-07 03:56:00,26,33,253
2025-12-07 03:51:00,25,32,248
2025-12-07 03:46:00,25,31,245
2025-12-07 03:41:00,24,29,242
2025-12-07 03:36:00,23,29,241
2025-12-07 03:31:00,21,27,241
2025-12-07 03:26:00,20,27,241
2025-12-07 03:21:00,21,25,243
2025-12-07 03:16:00,20,25,244
2025-12-07 03:11:00,20,24,245
2025-12-07 03:06:00,19,23,247
2025-12-07 03:01:00,19,23,247
2025-12-07 02:56:00,19,23,245
2025-12-07 02:51:00,19,23,244
2025-12-07 02:46:00,19,25,245
2025-12-07 02:41:00,19,25,246
2025-12-07 02:36:00,20,25,245
2025-12-07 02:31:00,21,26,244
2025-12-07 02:26:00,20,26,244
2025-12-07 02:21:00,20,26,243
2025-12-07 02:16:00,19,26,244
2025-12-07 02:11:00,19,24,246
2025-12-07 02:06:00,19,24,245
2025-12-07 02:01:00,20,24,244
2025-12-07 01:56:00,19,24,244
2025-12-07 01:51:00,18,23,244
2025-12-07 01:46:00,16,21,254
2025-12-07 01:41:00,16,21,254
2025-12-07 01:36:00,15,22,266
2025-12-07 01:31:00,15,22,272
2025-12-07 01:26:00,17,22,262
2025-12-07 01:21:00,18,22,253
2025-12-07 01:16:00,16,22,256
2025-12-07 01:11:00,15,21,271
2025-12-07 01:06:00,14,21,278
2025-12-07 01:01:00,14,21,277
2025-12-07 00:56:00,14,21,274
2025-12-07 00:51:00,17,21,260
2025-12-07 00:46:00,18,21,250
2025-12-07 00:41:00,17,21,249
2025-12-07 00:36:00,17,21,248
2025-12-07 00:31:00,17,21,249
2025-12-07 00:26:00,17,21,253
2025-12-07 00:21:00,17,21,255
2025-12-07 00:16:00,17,22,253
2025-12-07 00:11:00,17,23,252
2025-12-07 00:06:00,18,23,256
2025-12-07 00:01:00,19,23,258
2025-12-06 23:56:00,19,23,258
2025-12-06 23:51:00,19,24,257
2025-12-06 23:46:00,19,24,256
2025-12-06 23:41:00,19,24,256
2025-12-06 23:36:00,19,24,257
2025-12-06 23:31:00,19,22,259
2025-12-06 23:26:00,19,23,259
2025-12-06 23:21:00,19,24,260
2025-12-06 23:16:00,19,24,261
2025-12-06 23:11:00,19,24,262
2025-12-06 23:06:00,18,24,260
2025-12-06 23:01:00,19,24,258
2025-12-06 22:56:00,19,24,258
2025-12-06 22:51:00,19,24,258
2025-12-06 22:46:00,19,24,256
2025-12-06 22:41:00,19,24,257
2025-12-06 22:36:00,18,22,258
2025-12-06 22:31:00,18,21,257
2025-12-06 22:26:00,18,24,257
2025-12-06 22:21:00,18,24,259
2025-12-06 22:16:00,19,24,260
2025-12-06 22:11:00,19,24,261
2025-12-06 22:06:00,19,23,261
2025-12-06 22:01:00,19,23,260
2025-12-06 21:56:00,19,22,257
2025-12-06 21:51:00,19,22,256
2025-12-06 21:46:00,18,22,255
2025-12-06 21:41:00,19,24,255
2025-12-06 21:36:00,19,24,257
2025-12-06 21:31:00,19,24,258
2025-12-06 21:26:00,19,24,258
2025-12-06 21:21:00,19,24,260
2025-12-06 21:16:00,19,24,262
2025-12-06 21:11:00,20,24,262
2025-12-06 21:06:00,20,24,262
2025-12-06 21:01:00,20,24,263
2025-12-06 20:56:00,19,27,264
2025-12-06 20:51:00,19,27,265
2025-12-06 20:46:00,20,27,267
2025-12-06 20:41:00,19,27,268
2025-12-06 20:36:00,19,25,269
2025-12-06 20:31:00,19,25,268
2025-12-06 20:26:00,19,25,268
2025-12-06 20:21:00,20,26,267
2025-12-06 20:16:00,20,26,267
2025-12-06 20:11:00,22,26,268
2025-12-06 20:06:00,23,26,268
2025-12-06 20:01:00,22,27,267
2025-12-06 19:56:00,22,27,266
2025-12-06 19:51:00,22,27,265
2025-12-06 19:46:00,22,27,267
2025-12-06 19:41:00,22,27,267
2025-12-06 19:36:00,22,27,268
2025-12-06 19:31:00,22,27,269
2025-12-06 19:26:00,22,27,269
2025-12-06 19:21:00,22,27,268
2025-12-06 19:16:00,22,27,269
2025-12-06 19:11:00,21,27,269
2025-12-06 19:06:00,20,26,268
2025-12-06 19:01:00,19,26,268
2025-12-06 18:56:00,20,26,268
2025-12-06 18:51:00,21,26,269
2025-12-06 18:46:00,21,28,268
2025-12-06 18:41:00,21,28,268
2025-12-06 18:36:00,22,28,267
2025-12-06 18:31:00,21,28,266
2025-12-06 18:26:00,22,28,266
2025-12-06 18:21:00,22,28,266
2025-12-06 18:16:00,22,28,266
2025-12-06 18:11:00,22,26,265
2025-12-06 18:06:00,21,26,264
2025-12-06 18:01:00,21,26,264
2025-12-06 17:56:00,21,26,266
2025-12-06 17:51:00,21,26,265
2025-12-06 17:46:00,20,26,264
2025-12-06 17:41:00,21,27,264
2025-12-06 17:36:00,21,27,265
2025-12-06 17:31:00,21,27,264
2025-12-06 17:26:00,20,27,263
2025-12-06 17:21:00,21,25,264
2025-12-06 17:16:00,21,24,264
2025-12-06 17:11:00,20,24,265
2025-12-06 17:06:00,20,26,265
2025-12-06 17:01:00,20,26,264
2025-12-06 16:56:00,21,26,264
2025-12-06 16:51:00,22,26,265
2025-12-06 16:46:00,21,26,265
2025-12-06 16:41:00,21,26,265
2025-12-06 16:36:00,21,26,265
2025-12-06 16:31:00,21,26,266
2025-12-06 16:26:00,22,25,265
2025-12-06 16:21:00,21,25,263
2025-12-06 16:16:00,20,25,264
2025-12-06 16:06:00,19,25,266
2025-12-06 16:01:00,20,25,266
2025-12-06 15:56:00,20,25,264
2025-12-06 15:51:00,20,25,263
2025-12-06 15:46:00,21,25,262
2025-12-06 15:41:00,21,25,263
2025-12-06 15:36:00,20,25,264
2025-12-06 15:31:00,20,25,264
2025-12-06 15:26:00,21,25,264
2025-12-06 15:21:00,20,25,263
2025-12-06 15:16:00,20,26,263
2025-12-06 15:11:00,21,26,263
2025-12-06 15:06:00,21,26,262
2025-12-06 15:01:00,22,26,260
2025-12-06 14:56:00,22,27,260
2025-12-06 14:51:00,22,27,260
2025-12-06 14:46:00,22,27,260
2025-12-06 14:41:00,23,31,259
2025-12-06 14:36:00,23,31,257
2025-12-06 14:31:00,23,31,258
2025-12-06 14:26:00,24,31,259
2025-12-06 14:21:00,23,28,258
2025-12-06 14:16:00,22,28,259
2025-12-06 14:11:00,23,28,259
2025-12-06 14:06:00,23,27,258
2025-12-06 14:01:00,23,27,259
2025-12-06 13:56:00,22,27,259
2025-12-06 13:51:00,21,27,260
2025-12-06 13:46:00,22,27,260
2025-12-06 13:41:00,21,26,260
2025-12-06 13:36:00,21,27,259
2025-12-06 13:31:00,21,27,259
2025-12-06 13:26:00,23,27,259
2025-12-06 13:21:00,24,27,259
2025-12-06 13:16:00,23,29,259
2025-12-06 13:11:00,22,29,259
2025-12-06 13:06:00,23,29,259
2025-12-06 13:01:00,22,29,259
2025-12-06 12:56:00,22,28,258
2025-12-06 12:51:00,23,28,256
2025-12-06 12:46:00,23,28,254
2025-12-06 12:41:00,23,28,253
2025-12-06 12:36:00,22,28,253
2025-12-06 12:31:00,23,28,253
2025-12-06 12:26:00,22,28,253
2025-12-06 12:21:00,22,29,253
2025-12-06 12:16:00,23,29,254
2025-12-06 12:11:00,23,29,255
2025-12-06 12:06:00,22,29,255
2025-12-06 12:01:00,23,30,255
2025-12-06 11:56:00,23,30,255
2025-12-06 11:51:00,23,30,255
2025-12-06 11:46:00,23,30,254
2025-12-06 11:41:00,22,28,252
2025-12-06 11:36:00,21,28,251
2025-12-06 11:31:00,22,28,252
2025-12-06 11:26:00,22,28,252
2025-12-06 11:21:00,22,29,250
2025-12-06 11:16:00,23,29,248
2025-12-06 11:11:00,23,29,247
2025-12-06 11:06:00,23,30,247
2025-12-06 11:01:00,23,30,247
2025-12-06 10:56:00,24,30,246
2025-12-06 10:51:00,24,30,247
2025-12-06 10:46:00,23,30,248
2025-12-06 10:41:00,23,30,247
2025-12-06 10:36:00,22,28,246
2025-12-06 10:31:00,22,28,247
2025-12-06 10:26:00,23,29,246
2025-12-06 10:21:00,23,29,244
2025-12-06 10:16:00,23,29,243
2025-12-06 10:11:00,24,29,244
2025-12-06 10:06:00,24,29,244
2025-12-06 10:01:00,24,30,243
2025-12-06 09:56:00,23,30,243
2025-12-06 09:51:00,24,30,245
2025-12-06 09:46:00,23,30,245
2025-12-06 09:41:00,22,27,245
2025-12-06 09:36:00,22,27,243
2025-12-06 09:31:00,22,27,240
2025-12-06 09:26:00,22,27,239
2025-12-06 09:21:00,22,27,239
2025-12-06 09:16:00,22,26,240
2025-12-06 09:11:00,21,26,241
2025-12-06 09:06:00,21,26,240
2025-12-06 09:01:00,21,26,240
2025-12-06 08:56:00,21,26,240
2025-12-06 08:51:00,21,26,242
2025-12-06 08:46:00,21,26,241
2025-12-06 08:41:00,20,26,242
2025-12-06 08:36:00,19,24,242
2025-12-06 08:31:00,19,24,240
2025-12-06 08:26:00,19,24,239
2025-12-06 08:21:00,20,24,240
2025-12-06 08:16:00,20,24,240
2025-12-06 08:11:00,20,24,239
2025-12-06 08:06:00,20,24,239
2025-12-06 08:01:00,19,25,239
2025-12-06 07:56:00,20,25,241
2025-12-06 07:51:00,20,25,243
2025-12-06 07:46:00,20,25,245
2025-12-06 07:41:00,19,23,248
2025-12-06 07:36:00,19,23,252
2025-12-06 07:31:00,19,23,254
2025-12-06 07:26:00,19,22,253
2025-12-06 07:21:00,18,22,253
2025-12-06 07:16:00,18,24,255
2025-12-06 07:11:00,18,24,254
2025-12-06 07:06:00,18,24,252
2025-12-06 07:01:00,19,24,250
2025-12-06 06:56:00,19,23,249
2025-12-06 06:51:00,19,23,249
2025-12-06 06:46:00,19,23,248
2025-12-06 06:41:00,19,22,247
2025-12-06 06:36:00,19,24,246
2025-12-06 06:31:00,19,24,245
2025-12-06 06:26:00,20,24,245
2025-12-06 06:21:00,20,24,245
2025-12-06 06:16:00,20,24,243
2025-12-06 06:11:00,20,27,241
2025-12-06 06:06:00,20,27,240
2025-12-06 06:01:00,21,27,239
2025-12-06 05:56:00,21,27,237
2025-12-06 05:51:00,21,26,234
2025-12-06 05:46:00,21,25,231
2025-12-06 05:41:00,21,25,228
2025-12-06 05:36:00,20,26,225
2025-12-06 05:31:00,20,26,225
2025-12-06 05:26:00,21,26,225
2025-12-06 05:21:00,21,26,224
2025-12-06 05:16:00,20,24,223
2025-12-06 05:11:00,20,24,224
2025-12-06 05:06:00,20,24,224
2025-12-06 05:01:00,19,24,224
2025-12-06 04:56:00,19,23,226
2025-12-06 04:51:00,18,22,228
2025-12-06 04:46:00,18,23,228
2025-12-06 04:41:00,18,23,226
2025-12-06 04:36:00,19,23,224
2025-12-06 04:31:00,20,23,223
2025-12-06 04:26:00,19,23,219
2025-12-06 04:21:00,18,23,217
2025-12-06 04:16:00,18,23,214
2025-12-06 04:11:00,18,23,214
2025-12-06 04:06:00,17,21,215
2025-12-06 04:01:00,17,22,215
2025-12-06 03:56:00,18,22,216
2025-12-06 03:51:00,18,22,215
2025-12-06 03:46:00,17,22,212
2025-12-06 03:41:00,17,21,210
2025-12-06 03:36:00,17,21,211
2025-12-06 03:31:00,16,20,212
2025-12-06 03:26:00,16,20,213
2025-12-06 03:21:00,16,19,214
2025-12-06 03:16:00,15,19,215
2025-12-06 03:11:00,16,19,215
2025-12-06 03:06:00,16,21,215
2025-12-06 03:01:00,15,21,217
2025-12-06 02:56:00,17,21,217
2025-12-06 02:51:00,17,21,216
2025-12-06 02:46:00,16,21,214
2025-12-06 02:41:00,17,21,213
2025-12-06 02:36:00,17,21,213
2025-12-06 02:31:00,17,21,213
2025-12-06 02:26:00,17,21,214
2025-12-06 02:21:00,18,21,216
2025-12-06 02:16:00,18,22,216
2025-12-06 02:11:00,18,22,216
2025-12-06 02:06:00,18,22,214
2025-12-06 02:01:00,18,22,211
2025-12-06 01:56:00,17,21,210
2025-12-06 01:51:00,17,21,211
2025-12-06 01:46:00,16,19,212
2025-12-06 01:41:00,16,19,211
2025-12-06 01:36:00,16,19,212
2025-12-06 01:31:00,16,20,210
2025-12-06 01:26:00,16,20,207
2025-12-06 01:21:00,16,20,209
2025-12-06 01:16:00,15,20,208
2025-12-06 01:11:00,15,18,207
2025-12-06 01:06:00,16,18,209
2025-12-06 01:01:00,16,20,208
2025-12-06 00:56:00,15,20,206
2025-12-06 00:51:00,16,20,205
2025-12-06 00:46:00,16,20,204
2025-12-06 00:41:00,15,19,202
2025-12-06 00:36:00,15,19,200
2025-12-06 00:31:00,14,19,196
2025-12-06 00:26:00,14,17,190
2025-12-06 00:21:00,14,17,188
2025-12-06 00:16:00,15,17,189
2025-12-06 00:11:00,14,17,191
2025-12-06 00:06:00,14,18,192
2025-12-06 00:01:00,14,18,194
2025-12-05 23:56:00,15,18,195
2025-12-05 23:51:00,15,18,194
2025-12-05 23:46:00,14,17,194
2025-12-05 23:41:00,13,17,195
2025-12-05 23:36:00,13,16,195
2025-12-05 23:31:00,13,15,194
2025-12-05 23:26:00,12,14,192
2025-12-05 23:21:00,12,14,193
2025-12-05 23:16:00,11,14,196
2025-12-05 23:11:00,11,15,196
2025-12-05 23:06:00,12,16,193
2025-12-05 23:01:00,12,16,189
2025-12-05 22:56:00,13,16,187
2025-12-05 22:51:00,13,16,191
2025-12-05 22:46:00,13,16,193
2025-12-05 22:41:00,13,16,189
2025-12-05 22:36:00,13,15,188
2025-12-05 22:31:00,13,15,192
2025-12-05 22:26:00,13,15,194
2025-12-05 22:21:00,12,15,194
2025-12-05 22:16:00,12,15,198
2025-12-05 22:11:00,13,15,201
2025-12-05 22:06:00,12,15,196
2025-12-05 22:01:00,12,14,192
2025-12-05 21:56:00,12,14,192
2025-12-05 21:51:00,12,14,192
2025-12-05 21:46:00,11,14,190
2025-12-05 21:41:00,11,13,190
2025-12-05 21:36:00,11,13,191
2025-12-05 21:31:00,10,14,192
2025-12-05 21:26:00,11,15,193
2025-12-05 21:21:00,12,15,192
2025-12-05 21:16:00,12,15,193
2025-12-05 21:11:00,12,15,196
2025-12-05 21:06:00,11,14,196
2025-12-05 21:01:00,11,13,195
2025-12-05 20:56:00,11,13,196
2025-12-05 20:51:00,11,13,195
2025-12-05 20:46:00,10,13,190
2025-12-05 20:41:00,10,13,185
2025-12-05 20:36:00,10,12,183
2025-12-05 20:31:00,10,12,180
2025-12-05 20:26:00,10,12,179
2025-12-05 20:21:00,9,12,181
2025-12-05 20:16:00,8,11,178
2025-12-05 20:11:00,8,9,177
2025-12-05 20:06:00,8,9,173
2025-12-05 20:01:00,8,9,170
2025-12-05 19:56:00,7,9,177
2025-12-05 19:51:00,7,8,182
2025-12-05 19:46:00,6,8,184
2025-12-05 19:41:00,6,7,184
2025-12-05 19:36:00,5,7,185
2025-12-05 19:31:00,5,7,189
2025-12-05 19:26:00,5,7,179
2025-12-05 19:21:00,5,7,167
2025-12-05 19:16:00,4,7,160
2025-12-05 19:11:00,4,6,152
2025-12-05 19:06:00,3,6,151
2025-12-05 19:01:00,3,6,155
2025-12-05 18:56:00,4,6,154
2025-12-05 18:51:00,4,6,144
2025-12-05 18:46:00,4,5,141
2025-12-05 18:41:00,4,5,144
2025-12-05 18:36:00,4,5,137
2025-12-05 18:31:00,4,5,129
2025-12-05 18:26:00,3,5,123
2025-12-05 18:21:00,3,5,113
2025-12-05 18:16:00,3,5,110
2025-12-05 18:11:00,3,5,110
2025-12-05 18:06:00,3,5,108
2025-12-05 18:01:00,3,4,108
2025-12-05 17:56:00,3,4,107
2025-12-05 17:51:00,3,4,105
2025-12-05 17:46:00,3,4,107
2025-12-05 17:41:00,2,4,105
2025-12-05 17:36:00,2,3,96
2025-12-05 17:31:00,1,3,111
2025-12-05 17:26:00,2,3,113
2025-12-05 17:21:00,2,3,100
2025-12-05 17:16:00,2,3,84
2025-12-05 17:11:00,2,3,78
2025-12-05 17:06:00,2,3,66
2025-12-05 17:01:00,1,3,45
2025-12-05 16:56:00,1,4,77
2025-12-05 16:51:00,2,4,105
2025-12-05 16:46:00,2,4,118
2025-12-05 16:41:00,2,4,119
2025-12-05 16:36:00,2,4,125
2025-12-05 16:31:00,2,4,131
2025-12-05 16:26:00,2,4,136
2025-12-05 16:21:00,2,3,154
2025-12-05 16:16:00,2,4,161
2025-12-05 16:11:00,2,4,148
2025-12-05 16:06:00,2,4,134
2025-12-05 16:01:00,3,4,139
2025-12-05 15:56:00,3,4,147
2025-12-05 15:51:00,2,3,151
2025-12-05 15:46:00,1,3,179
2025-12-05 15:41:00,1,3,186
2025-12-05 15:36:00,2,3,162
2025-12-05 15:31:00,2,3,168
2025-12-05 15:26:00,1,3,174
2025-12-05 15:21:00,1,3,153
2025-12-05 15:16:00,2,3,131
2025-12-05 15:11:00,2,3,120
2025-12-05 15:06:00,1,3,116
2025-12-05 15:01:00,1,2,8
2025-12-05 14:56:00,1,2,341
2025-12-05 14:51:00,1,2,351
2025-12-05 14:46:00,0,3,360
2025-12-05 14:41:00,1,3,122
2025-12-05 14:36:00,2,3,159
2025-12-05 14:31:00,1,4,193
2025-12-05 14:26:00,1,4,203
2025-12-05 14:21:00,2,4,166
2025-12-05 14:16:00,3,4,147
2025-12-05 14:11:00,3,4,142
2025-12-05 14:06:00,2,4,137
2025-12-05 14:01:00,2,4,128
2025-12-05 13:56:00,2,5,114
2025-12-05 13:51:00,2,5,104
2025-12-05 13:46:00,3,5,105
2025-12-05 13:41:00,2,5,107
2025-12-05 13:36:00,1,4,132
2025-12-05 13:31:00,1,2,147
2025-12-05 13:26:00,1,3,23
2025-12-05 13:21:00,1,4,75
2025-12-05 13:16:00,1,4,112
2025-12-05 13:11:00,3,4,108
2025-12-05 13:06:00,3,4,124
2025-12-05 13:01:00,2,4,133
2025-12-05 12:56:00,2,4,119
2025-12-05 12:51:00,1,3,75
2025-12-05 12:46:00,2,3,38
2025-12-05 12:41:00,2,3,29
2025-12-05 12:36:00,1,5,44
2025-12-05 12:31:00,2,5,45
2025-12-05 12:26:00,2,5,65
2025-12-05 12:21:00,1,5,106
2025-12-05 12:16:00,2,6,103
2025-12-05 12:11:00,2,6,93
2025-12-05 12:06:00,3,6,72
2025-12-05 12:01:00,4,6,62
2025-12-05 11:56:00,3,6,64
2025-12-05 11:51:00,4,6,65
2025-12-05 11:46:00,4,6,56
2025-12-05 11:41:00,4,6,44
2025-12-05 11:36:00,4,6,52
2025-12-05 11:31:00,4,6,68
2025-12-05 11:26:00,4,6,68
2025-12-05 11:21:00,4,6,59
2025-12-05 11:16:00,4,7,49
2025-12-05 11:11:00,5,8,40
2025-12-05 11:06:00,5,8,31
2025-12-05 11:01:00,5,8,18
2025-12-05 10:56:00,5,8,10
2025-12-05 10:51:00,4,6,12
2025-12-05 10:46:00,4,6,19
2025-12-05 10:41:00,2,6,22
2025-12-05 10:36:00,2,6,14
2025-12-05 10:31:00,3,6,21
2025-12-05 10:26:00,4,7,39
2025-12-05 10:21:00,5,8,35
2025-12-05 10:16:00,6,8,27
2025-12-05 10:11:00,6,8,25
2025-12-05 10:06:00,7,8,16
2025-12-05 10:01:00,6,9,10
2025-12-05 09:56:00,6,9,9
2025-12-05 09:51:00,7,9,15
2025-12-05 09:46:00,6,9,31
2025-12-05 09:41:00,7,9,37
2025-12-05 09:36:00,7,11,24
2025-12-05 09:31:00,7,11,22
2025-12-05 09:26:00,8,11,26
2025-12-05 09:21:00,8,11,21
2025-12-05 09:16:00,8,13,19
2025-12-05 09:11:00,9,13,26
2025-12-05 09:06:00,10,13,30
2025-12-05 09:01:00,10,13,31
2025-12-05 08:56:00,10,13,35
2025-12-05 08:51:00,8,13,38
2025-12-05 08:46:00,6,13,64
2025-12-05 08:41:00,6,13,98
2025-12-05 08:36:00,7,13,81
2025-12-05 08:31:00,7,13,28
2025-12-05 08:26:00,7,12,352
2025-12-05 08:21:00,9,12,340
2025-12-05 08:16:00,8,12,340
2025-12-05 08:11:00,4,12,332
2025-12-05 08:06:00,3,5,330
2025-12-05 08:01:00,3,6,346
2025-12-05 07:56:00,3,7,353
2025-12-05 07:51:00,4,11,339
2025-12-05 07:46:00,4,11,320
2025-12-05 07:41:00,6,11,311
2025-12-05 07:36:00,8,11,316
2025-12-05 07:31:00,7,11,318
2025-12-05 07:26:00,7,10,318
2025-12-05 07:21:00,7,10,326
2025-12-05 07:16:00,7,10,336
2025-12-05 07:11:00,7,14,352
2025-12-05 07:06:00,7,15,4
2025-12-05 07:01:00,10,15,6
2025-12-05 06:56:00,12,16,8
2025-12-05 06:51:00,13,18,6
2025-12-05 06:46:00,12,18,0
2025-12-05 06:41:00,14,18,353
2025-12-05 06:36:00,14,18,345
2025-12-05 06:31:00,13,17,348
2025-12-05 06:26:00,13,17,348
2025-12-05 06:21:00,13,19,0
2025-12-05 06:16:00,13,19,0
2025-12-05 06:11:00,15,19,356
2025-12-05 06:06:00,14,19,345
2025-12-05 06:01:00,12,17,329
2025-12-05 05:56:00,12,17,329
2025-12-05 05:51:00,11,15,314
2025-12-05 05:46:00,11,15,316
2025-12-05 05:41:00,12,15,321
2025-12-05 05:36:00,11,15,318
2025-12-05 05:31:00,10,13,316
2025-12-05 05:26:00,10,13,327
2025-12-05 05:21:00,10,14,336
2025-12-05 05:16:00,10,14,336
2025-12-05 05:11:00,11,14,322
2025-12-05 05:06:00,11,15,317
2025-12-05 05:01:00,11,17,316
2025-12-05 04:56:00,11,17,315
2025-12-05 04:51:00,12,17,315
2025-12-05 04:46:00,12,17,317
2025-12-05 04:41:00,12,16,315
2025-12-05 04:36:00,11,14,313
2025-12-05 04:31:00,11,14,316
2025-12-05 04:26:00,11,14,316
2025-12-05 04:21:00,10,15,322
2025-12-05 04:16:00,11,15,323
2025-12-05 04:11:00,11,15,323
2025-12-05 04:06:00,12,16,328
2025-12-05 04:01:00,13,17,328
2025-12-05 03:56:00,13,17,328
2025-12-05 03:51:00,13,17,330
2025-12-05 03:46:00,13,17,330
2025-12-05 03:41:00,14,17,331
2025-12-05 03:36:00,13,17,331
2025-12-05 03:31:00,13,17,331
2025-12-05 03:26:00,14,17,332
2025-12-05 03:21:00,14,17,330
2025-12-05 03:16:00,12,16,328
2025-12-05 03:11:00,13,16,330
2025-12-05 03:06:00,13,16,330
2025-12-05 03:01:00,12,15,331
2025-12-05 02:56:00,12,15,331
2025-12-05 02:51:00,11,15,326
2025-12-05 02:46:00,11,15,326
2025-12-05 02:41:00,12,16,331
2025-12-05 02:36:00,12,16,328
2025-12-05 02:31:00,13,18,325
2025-12-05 02:26:00,13,18,326
2025-12-05 02:21:00,13,18,326
2025-12-05 02:16:00,14,18,329
2025-12-05 02:11:00,14,17,330
2025-12-05 02:06:00,13,16,327
2025-12-05 02:01:00,13,16,327
2025-12-05 01:56:00,13,16,331
2025-12-05 01:51:00,13,16,330
2025-12-05 01:46:00,13,16,325
2025-12-05 01:41:00,13,17,324
2025-12-05 01:36:00,13,18,324
2025-12-05 01:31:00,15,18,323
2025-12-05 01:26:00,15,18,323
2025-12-05 01:21:00,15,18,328
2025-12-05 01:16:00,15,18,333
2025-12-05 01:11:00,15,19,331
2025-12-05 01:06:00,15,19,328
2025-12-05 01:01:00,16,19,320
2025-12-05 00:56:00,16,19,320
2025-12-05 00:51:00,15,20,323
2025-12-05 00:46:00,16,20,322
2025-12-05 00:41:00,16,20,320
2025-12-05 00:36:00,16,20,319
2025-12-05 00:31:00,16,20,320
2025-12-05 00:26:00,16,20,320
2025-12-05 00:21:00,16,20,322
2025-12-05 00:16:00,16,20,316
2025-12-05 00:11:00,16,20,316
2025-12-05 00:06:00,16,21,319
2025-12-05 00:01:00,17,21,309
2025-12-04 23:56:00,17,21,309
2025-12-04 23:51:00,16,21,309
2025-12-04 23:46:00,16,19,311
2025-12-04 23:41:00,16,21,311
2025-12-04 23:36:00,16,21,310
2025-12-04 23:31:00,16,21,309
2025-12-04 23:26:00,16,21,309
2025-12-04 23:21:00,16,20,311
2025-12-04 23:16:00,16,20,311
2025-12-04 23:11:00,16,21,311
2025-12-04 23:06:00,17,21,313
2025-12-04 23:01:00,17,21,313
2025-12-04 22:56:00,16,21,311
2025-12-04 22:51:00,16,21,311
2025-12-04 22:46:00,16,20,311
2025-12-04 22:41:00,16,20,308
2025-12-04 22:36:00,16,21,311
2025-12-04 22:31:00,16,21,308
2025-12-04 22:26:00,17,21,304
2025-12-04 22:21:00,16,21,308
2025-12-04 22:16:00,16,19,314
2025-12-04 22:11:00,15,19,315
2025-12-04 22:06:00,15,19,309
2025-12-04 22:01:00,15,19,310
2025-12-04 21:56:00,15,19,308
2025-12-04 21:51:00,15,19,303
2025-12-04 21:46:00,16,19,304
2025-12-04 21:41:00,15,19,306
2025-12-04 21:36:00,14,18,310
2025-12-04 21:31:00,14,18,309
2025-12-04 21:26:00,15,18,311
2025-12-04 21:21:00,15,18,311
2025-12-04 21:16:00,14,18,313
2025-12-04 21:11:00,14,18,313
2025-12-04 21:06:00,14,18,312
2025-12-04 21:01:00,14,19,313
2025-12-04 20:56:00,13,19,313
2025-12-04 20:51:00,14,19,311
2025-12-04 20:46:00,15,19,309
2025-12-04 20:41:00,15,19,308
2025-12-04 20:36:00,15,19,308
2025-12-04 20:31:00,15,19,309
2025-12-04 20:26:00,15,20,313
2025-12-04 20:21:00,16,20,314
2025-12-04 20:16:00,15,20,315
2025-12-04 20:11:00,16,20,319
2025-12-04 20:06:00,16,20,316
2025-12-04 20:01:00,16,20,313
2025-12-04 19:56:00,17,20,311
2025-12-04 19:51:00,17,20,311
2025-12-04 19:46:00,16,21,315
2025-12-04 19:41:00,16,22,315
2025-12-04 19:36:00,16,22,314
2025-12-04 19:31:00,17,22,316
2025-12-04 19:26:00,17,22,315
2025-12-04 19:21:00,17,22,313
2025-12-04 19:16:00,17,22,316
2025-12-04 19:11:00,18,22,315
2025-12-04 19:06:00,18,22,311
2025-12-04 19:01:00,18,22,312
2025-12-04 18:56:00,18,22,311
2025-12-04 18:51:00,17,22,310
2025-12-04 18:46:00,18,22,312
2025-12-04 18:41:00,18,22,311
2025-12-04 18:36:00,17,22,312
2025-12-04 18:31:00,18,21,315
2025-12-04 18:26:00,17,21,313
2025-12-04 18:21:00,18,22,310
2025-12-04 18:16:00,18,22,312
2025-12-04 18:11:00,18,22,313
2025-12-04 18:06:00,18,23,310
2025-12-04 18:01:00,17,23,309
2025-12-04 17:56:00,17,23,308
2025-12-04 17:51:00,18,23,307
2025-12-04 17:46:00,18,22,308
2025-12-04 17:41:00,17,22,309
2025-12-04 17:36:00,18,22,309
2025-12-04 17:31:00,17,22,307
2025-12-04 17:26:00,17,22,306
2025-12-04 17:21:00,17,21,309
2025-12-04 17:16:00,16,22,304
2025-12-04 17:11:00,16,22,302
2025-12-04 17:06:00,17,22,304
2025-12-04 17:01:00,17,22,302
2025-12-04 16:56:00,16,19,301
2025-12-04 16:51:00,15,19,297
2025-12-04 16:46:00,15,19,300
2025-12-04 16:41:00,15,18,302
2025-12-04 16:36:00,14,19,300
2025-12-04 16:31:00,14,19,297
2025-12-04 16:26:00,15,19,295
2025-12-04 16:21:00,16,19,297
2025-12-04 16:16:00,16,19,298
2025-12-04 16:11:00,15,18,297
2025-12-04 16:06:00,14,17,294
2025-12-04 16:01:00,14,18,292
2025-12-04 15:56:00,14,18,292
2025-12-04 15:51:00,15,19,293
2025-12-04 15:46:00,15,19,293
2025-12-04 15:41:00,15,19,297
2025-12-04 15:36:00,15,19,297
2025-12-04 15:31:00,14,17,297
2025-12-04 15:26:00,14,17,292
2025-12-04 15:21:00,13,17,287
2025-12-04 15:16:00,13,17,292
2025-12-04 15:11:00,12,17,295
2025-12-04 15:06:00,12,17,290
2025-12-04 15:01:00,15,17,291
2025-12-04 14:56:00,14,17,294
2025-12-04 14:51:00,13,17,294
2025-12-04 14:46:00,13,17,293
2025-12-04 14:41:00,13,17,288
2025-12-04 14:36:00,11,16,286
2025-12-04 14:31:00,12,18,290
2025-12-04 14:26:00,13,18,297
2025-12-04 14:21:00,14,18,300
2025-12-04 14:16:00,15,18,299
2025-12-04 14:11:00,14,16,297
2025-12-04 14:06:00,13,16,301
2025-12-04 14:01:00,13,16,301
2025-12-04 13:56:00,13,15,298
2025-12-04 13:51:00,13,15,299
2025-12-04 13:46:00,13,15,301
2025-12-04 13:41:00,12,15,301
2025-12-04 13:36:00,12,15,297
2025-12-04 13:31:00,12,17,295
2025-12-04 13:26:00,12,17,296
2025-12-04 13:21:00,12,17,298
2025-12-04 13:16:00,13,17,300
2025-12-04 13:11:00,12,15,301
2025-12-04 13:06:00,12,15,300
2025-12-04 13:01:00,11,15,298
2025-12-04 12:56:00,12,15,300
2025-12-04 12:51:00,12,16,300
2025-12-04 12:46:00,13,16,300
2025-12-04 12:41:00,14,16,301
2025-12-04 12:36:00,14,16,300
2025-12-04 12:31:00,13,16,299
2025-12-04 12:26:00,12,14,302
2025-12-04 12:21:00,11,14,305
2025-12-04 12:16:00,11,14,307
2025-12-04 12:11:00,11,14,305
2025-12-04 12:06:00,10,12,307
2025-12-04 12:01:00,11,15,311
2025-12-04 11:56:00,9,15,310
2025-12-04 11:51:00,11,15,306
2025-12-04 11:46:00,13,15,307
2025-12-04 11:41:00,12,15,307
2025-12-04 11:36:00,10,14,304
2025-12-04 11:31:00,9,12,304
2025-12-04 11:26:00,9,11,310
2025-12-04 11:21:00,9,11,318
2025-12-04 11:16:00,8,10,324
2025-12-04 11:11:00,8,10,332
2025-12-04 11:06:00,7,10,340
2025-12-04 11:01:00,7,11,337
2025-12-04 10:56:00,8,11,334
2025-12-04 10:51:00,9,11,338
2025-12-04 10:46:00,9,11,344
2025-12-04 10:41:00,8,10,347
2025-12-04 10:36:00,7,8,343
2025-12-04 10:31:00,6,8,337
2025-12-04 10:26:00,5,8,332
2025-12-04 10:21:00,5,8,328
2025-12-04 10:16:00,5,8,328
2025-12-04 10:11:00,5,7,336
2025-12-04 10:06:00,5,6,352
2025-12-04 10:01:00,4,6,8
2025-12-04 09:56:00,4,6,16
2025-12-04 09:51:00,5,7,19
2025-12-04 09:46:00,5,8,29
2025-12-04 09:41:00,5,8,35
2025-12-04 09:36:00,6,8,35
2025-12-04 09:31:00,6,9,34
2025-12-04 09:26:00,7,10,27
2025-12-04 09:21:00,8,11,23
2025-12-04 09:16:00,8,12,25
2025-12-04 09:11:00,9,12,25
2025-12-04 09:06:00,10,12,24
2025-12-04 09:01:00,10,12,23
2025-12-04 08:56:00,10,12,17
2025-12-04 08:51:00,10,12,12
2025-12-04 08:46:00,10,14,13
2025-12-04 08:41:00,11,14,9
2025-12-04 08:36:00,11,15,10
2025-12-04 08:31:00,12,17,10
2025-12-04 08:26:00,13,17,3
2025-12-04 08:21:00,14,18,359
2025-12-04 08:16:00,15,19,1
2025-12-04 08:11:00,16,19,359
2025-12-04 08:06:00,16,19,2
2025-12-04 08:01:00,15,19,16
2025-12-04 07:56:00,16,19,14
2025-12-04 07:51:00,16,19,5
2025-12-04 07:46:00,13,19,4
2025-12-04 07:41:00,10,16,15
2025-12-04 07:36:00,10,12,23
2025-12-04 07:31:00,9,11,29
2025-12-04 07:26:00,7,10,29
2025-12-04 07:21:00,7,8,29
2025-12-04 07:16:00,6,8,31
2025-12-04 07:11:00,5,7,32
2025-12-04 07:06:00,5,7,38
2025-12-04 07:01:00,6,7,39
2025-12-04 06:56:00,6,8,32
2025-12-04 06:51:00,6,8,27
2025-12-04 06:46:00,6,8,32
2025-12-04 06:41:00,6,8,29
2025-12-04 06:36:00,6,8,28
2025-12-04 06:31:00,6,8,31
2025-12-04 06:26:00,6,8,32
2025-12-04 06:21:00,6,8,30
2025-12-04 06:16:00,7,8,35
2025-12-04 06:11:00,7,9,44
2025-12-04 06:06:00,7,9,43
2025-12-04 06:01:00,7,9,31
2025-12-04 05:56:00,7,9,19
2025-12-04 05:51:00,7,10,18
2025-12-04 05:46:00,8,10,18
2025-12-04 05:41:00,8,10,18
2025-12-04 05:36:00,8,10,23
2025-12-04 05:31:00,8,9,23
2025-12-04 05:26:00,8,9,26
2025-12-04 05:21:00,8,9,28
2025-12-04 05:16:00,8,10,28
2025-12-04 05:11:00,8,10,30
2025-12-04 05:06:00,8,10,32
2025-12-04 05:01:00,8,10,34
2025-12-04 04:56:00,8,9,37
2025-12-04 04:51:00,8,9,42
2025-12-04 04:46:00,8,9,44
2025-12-04 04:41:00,7,9,45
2025-12-04 04:36:00,7,9,47
2025-12-04 04:31:00,7,9,51
2025-12-04 04:26:00,7,8,53
2025-12-04 04:21:00,7,8,53
2025-12-04 04:16:00,7,8,59
2025-12-04 04:11:00,7,9,63
2025-12-04 04:06:00,7,9,62
2025-12-04 04:01:00,7,9,64
2025-12-04 03:56:00,7,9,66
2025-12-04 03:51:00,7,9,69
2025-12-04 03:46:00,7,10,67
2025-12-04 03:41:00,7,10,60
2025-12-04 03:36:00,8,10,54
2025-12-04 03:31:00,9,10,54
2025-12-04 03:26:00,8,10,59
2025-12-04 03:21:00,8,10,66
2025-12-04 03:16:00,8,11,67
2025-12-04 03:11:00,9,11,68
2025-12-04 03:06:00,9,11,71
2025-12-04 03:01:00,9,11,71
2025-12-04 02:56:00,9,10,69
2025-12-04 02:51:00,9,10,66
2025-12-04 02:46:00,9,10,66
2025-12-04 02:41:00,9,10,65
2025-12-04 02:36:00,9,10,62
2025-12-04 02:31:00,9,10,65
2025-12-04 02:26:00,9,11,71
2025-12-04 02:21:00,9,11,69
2025-12-04 02:16:00,9,11,63
2025-12-04 02:11:00,9,11,61
2025-12-04 02:06:00,9,11,60
2025-12-04 02:01:00,9,11,59
2025-12-04 01:56:00,9,11,58
2025-12-04 01:51:00,9,11,56
2025-12-04 01:46:00,9,11,50
2025-12-04 01:41:00,9,11,51
2025-12-04 01:36:00,9,10,56
2025-12-04 01:31:00,9,11,56
2025-12-04 01:26:00,9,11,55
2025-12-04 01:21:00,9,11,57
2025-12-04 01:16:00,9,11,59
2025-12-04 01:11:00,9,12,61
2025-12-04 01:06:00,9,12,62
2025-12-04 01:01:00,10,12,61
2025-12-04 00:56:00,10,12,59
2025-12-04 00:51:00,10,12,56
2025-12-04 00:46:00,10,12,54
2025-12-04 00:41:00,10,12,50
2025-12-04 00:36:00,11,12,45
2025-12-04 00:31:00,11,12,43
2025-12-04 00:26:00,10,12,42
2025-12-04 00:21:00,10,12,40
2025-12-04 00:16:00,10,11,39
2025-12-04 00:11:00,9,11,40
2025-12-04 00:06:00,9,11,41
2025-12-04 00:01:00,10,11,40
2025-12-03 23:56:00,9,11,40
2025-12-03 23:51:00,9,11,38
2025-12-03 23:46:00,9,10,35
2025-12-03 23:41:00,9,10,35
2025-12-03 23:36:00,8,10,40
2025-12-03 23:31:00,8,10,44
2025-12-03 23:26:00,9,10,46
2025-12-03 23:21:00,7,10,48
2025-12-03 23:16:00,6,8,45
2025-12-03 23:11:00,6,8,45
2025-12-03 23:06:00,7,8,50
2025-12-03 23:01:00,7,8,55
2025-12-03 22:56:00,7,8,60
2025-12-03 22:51:00,7,8,65
2025-12-03 22:46:00,7,8,64
2025-12-03 22:41:00,7,8,56
2025-12-03 22:36:00,7,8,50
2025-12-03 22:31:00,7,8,47
2025-12-03 22:26:00,7,9,42
2025-12-03 22:21:00,7,9,41
2025-12-03 22:16:00,7,9,39
2025-12-03 22:11:00,7,9,37
2025-12-03 22:06:00,7,9,31
2025-12-03 22:01:00,7,9,21
2025-12-03 21:56:00,7,9,22
2025-12-03 21:51:00,7,8,26
2025-12-03 21:46:00,7,8,23
2025-12-03 21:41:00,7,8,22
2025-12-03 21:36:00,7,8,23
2025-12-03 21:31:00,6,7,21
2025-12-03 21:26:00,5,7,17
2025-12-03 21:21:00,5,7,356
2025-12-03 21:16:00,4,6,340
2025-12-03 21:11:00,5,6,336
2025-12-03 21:06:00,5,6,334
2025-12-03 21:01:00,5,6,334
2025-12-03 20:56:00,4,6,331
2025-12-03 20:51:00,4,5,332
2025-12-03 20:46:00,4,6,337
2025-12-03 20:41:00,4,6,336
2025-12-03 20:36:00,5,7,334
2025-12-03 20:31:00,5,7,339
2025-12-03 20:26:00,5,7,342
2025-12-03 20:21:00,6,7,347
2025-12-03 20:16:00,6,7,348
2025-12-03 20:11:00,6,6,346
2025-12-03 20:06:00,6,7,355
2025-12-03 20:01:00,6,8,358
2025-12-03 19:56:00,6,8,352
2025-12-03 19:51:00,7,9,344
2025-12-03 19:46:00,7,9,340
2025-12-03 19:41:00,8,9,341
2025-12-03 19:36:00,8,9,346
2025-12-03 19:31:00,8,9,348
2025-12-03 19:26:00,8,9,346
2025-12-03 19:21:00,7,9,341
2025-12-03 19:16:00,7,9,338
2025-12-03 19:11:00,7,8,335
2025-12-03 19:06:00,7,9,328
2025-12-03 19:01:00,7,10,328
2025-12-03 18:56:00,7,10,330
2025-12-03 18:51:00,8,10,326
2025-12-03 18:46:00,8,10,324
2025-12-03 18:41:00,8,10,325
2025-12-03 18:36:00,8,10,323
2025-12-03 18:31:00,8,10,321
2025-12-03 18:26:00,8,10,321
2025-12-03 18:21:00,8,10,316
2025-12-03 18:16:00,8,10,308
2025-12-03 18:11:00,8,9,303
2025-12-03 18:06:00,8,9,302
2025-12-03 18:01:00,8,9,302
2025-12-03 17:56:00,8,9,303
2025-12-03 17:51:00,7,9,303
2025-12-03 17:46:00,7,9,297
2025-12-03 17:41:00,7,9,297
2025-12-03 17:36:00,7,9,300
2025-12-03 17:31:00,8,9,299
2025-12-03 17:26:00,7,9,301
2025-12-03 17:21:00,7,9,299
2025-12-03 17:16:00,7,8,290
2025-12-03 17:11:00,7,8,284
2025-12-03 17:06:00,7,10,287
2025-12-03 17:01:00,7,10,295
2025-12-03 16:56:00,8,10,301
2025-12-03 16:51:00,9,11,306
2025-12-03 16:46:00,8,12,304
2025-12-03 16:41:00,9,13,301
2025-12-03 16:36:00,10,13,299
2025-12-03 16:31:00,10,13,299
2025-12-03 16:26:00,10,13,298
2025-12-03 16:21:00,10,14,301
2025-12-03 16:16:00,11,14,310
2025-12-03 16:11:00,11,14,307
2025-12-03 16:06:00,12,14,296
2025-12-03 16:01:00,11,14,290
2025-12-03 15:56:00,11,14,291
2025-12-03 15:51:00,12,14,296
2025-12-03 15:46:00,12,14,300
2025-12-03 15:41:00,11,14,293
2025-12-03 15:36:00,10,12,284
2025-12-03 15:31:00,8,11,279
2025-12-03 15:26:00,8,10,278
2025-12-03 15:21:00,8,12,277
2025-12-03 15:16:00,8,14,276
2025-12-03 15:11:00,9,14,279
2025-12-03 15:06:00,11,16,288
2025-12-03 15:01:00,12,17,297
2025-12-03 14:56:00,13,18,300
2025-12-03 14:51:00,14,18,300
2025-12-03 14:46:00,15,18,299
2025-12-03 14:41:00,15,18,295
2025-12-03 14:36:00,14,17,291
2025-12-03 14:31:00,13,17,289
2025-12-03 14:26:00,13,17,287
2025-12-03 14:21:00,13,18,287
2025-12-03 14:16:00,12,18,284
2025-12-03 14:11:00,12,18,282
2025-12-03 14:06:00,13,18,293
2025-12-03 14:01:00,13,17,286
2025-12-03 13:56:00,13,16,251
2025-12-03 13:51:00,13,16,243
2025-12-03 13:46:00,13,16,244
2025-12-03 13:41:00,13,16,247
2025-12-03 13:36:00,13,16,247
2025-12-03 13:31:00,13,16,246
2025-12-03 13:26:00,13,16,244
2025-12-03 13:21:00,12,16,243
2025-12-03 13:16:00,12,16,243
2025-12-03 13:11:00,13,16,243
2025-12-03 13:06:00,13,16,242
2025-12-03 13:01:00,13,16,241
2025-12-03 12:56:00,13,16,240
2025-12-03 12:51:00,13,16,240
2025-12-03 12:46:00,13,17,241
2025-12-03 12:41:00,13,17,242
2025-12-03 12:36:00,13,17,242
2025-12-03 12:31:00,14,17,242
2025-12-03 12:26:00,14,17,243
2025-12-03 12:21:00,14,17,242
2025-12-03 12:16:00,14,17,241
2025-12-03 12:11:00,14,17,241
2025-12-03 12:06:00,14,17,242
2025-12-03 12:01:00,15,17,242
2025-12-03 11:56:00,15,17,241
2025-12-03 11:51:00,14,17,240
2025-12-03 11:46:00,15,17,238
2025-12-03 11:41:00,14,17,235
2025-12-03 11:36:00,14,17,233
2025-12-03 11:31:00,14,17,233
2025-12-03 11:26:00,14,17,235
2025-12-03 11:21:00,14,17,237
2025-12-03 11:16:00,14,18,238
2025-12-03 11:11:00,14,18,238
2025-12-03 11:06:00,15,18,239
2025-12-03 11:01:00,15,18,239
2025-12-03 10:56:00,15,18,237
2025-12-03 10:51:00,15,18,237
2025-12-03 10:46:00,15,18,235
2025-12-03 10:41:00,15,18,234
2025-12-03 10:36:00,15,18,233
2025-12-03 10:31:00,15,19,234
2025-12-03 10:26:00,16,20,235
2025-12-03 10:21:00,16,20,234
2025-12-03 10:16:00,17,20,235
2025-12-03 10:11:00,17,20,237
2025-12-03 10:06:00,16,19,237
2025-12-03 10:01:00,16,19,235
2025-12-03 09:56:00,16,20,232
2025-12-03 09:51:00,17,20,230
2025-12-03 09:46:00,17,20,232
2025-12-03 09:41:00,16,20,235
2025-12-03 09:36:00,17,20,237
2025-12-03 09:31:00,17,21,237
2025-12-03 09:26:00,17,21,237
2025-12-03 09:21:00,17,21,237
2025-12-03 09:16:00,17,21,237
2025-12-03 09:11:00,17,20,237
2025-12-03 09:06:00,17,20,236
2025-12-03 09:01:00,17,20,235
2025-12-03 08:56:00,17,20,234
2025-12-03 08:51:00,17,20,232
2025-12-03 08:46:00,17,20,232
2025-12-03 08:41:00,17,20,233
2025-12-03 08:36:00,17,20,233
2025-12-03 08:31:00,17,20,234
2025-12-03 08:26:00,17,20,235
2025-12-03 08:21:00,17,22,236
2025-12-03 08:16:00,17,22,237
2025-12-03 08:11:00,17,22,238
2025-12-03 08:06:00,18,22,237
2025-12-03 08:01:00,19,22,236
2025-12-03 07:56:00,18,22,235
2025-12-03 07:51:00,18,22,234
2025-12-03 07:46:00,19,22,234
2025-12-03 07:41:00,18,22,234
2025-12-03 07:36:00,18,22,235
2025-12-03 07:31:00,19,22,234
2025-12-03 07:26:00,18,22,234
2025-12-03 07:21:00,18,22,233
2025-12-03 07:16:00,18,22,234
2025-12-03 07:11:00,18,22,233
2025-12-03 07:06:00,17,21,232
2025-12-03 07:01:00,17,20,231
2025-12-03 06:56:00,17,20,231
2025-12-03 06:51:00,17,20,230
2025-12-03 06:46:00,18,20,230
2025-12-03 06:41:00,18,20,230
2025-12-03 06:36:00,17,22,230
2025-12-03 06:31:00,18,22,230
2025-12-03 06:26:00,18,22,230
2025-12-03 06:21:00,18,22,229
2025-12-03 06:16:00,18,21,227
2025-12-03 06:11:00,17,21,228
2025-12-03 06:06:00,17,21,229
2025-12-03 06:01:00,16,20,230
2025-12-03 05:56:00,17,20,233
2025-12-03 05:51:00,17,21,233
2025-12-03 05:46:00,17,22,231
2025-12-03 05:41:00,17,22,228
2025-12-03 05:36:00,18,22,226
2025-12-03 05:31:00,17,22,223
2025-12-03 05:26:00,17,20,221
2025-12-03 05:21:00,17,20,221
2025-12-03 05:16:00,17,20,223
2025-12-03 05:11:00,17,20,224
2025-12-03 05:06:00,17,20,224
2025-12-03 05:01:00,17,20,224
2025-12-03 04:56:00,16,20,225
2025-12-03 04:51:00,17,20,224
2025-12-03 04:46:00,17,21,223
2025-12-03 04:41:00,17,22,221
2025-12-03 04:36:00,17,22,221
2025-12-03 04:31:00,17,22,221
2025-12-03 04:26:00,18,22,220
2025-12-03 04:21:00,18,22,219
2025-12-03 04:16:00,18,21,217
2025-12-03 04:11:00,18,21,215
2025-12-03 04:06:00,18,22,211
2025-12-03 04:01:00,18,22,209
2025-12-03 03:56:00,17,22,211
2025-12-03 03:46:00,16,20,210
2025-12-03 03:41:00,16,20,209
2025-12-03 03:36:00,16,20,211
2025-12-03 03:31:00,16,20,212
2025-12-03 03:26:00,17,21,212
2025-12-03 03:21:00,17,22,213
2025-12-03 03:16:00,17,22,212
2025-12-03 03:11:00,18,22,213
2025-12-03 03:01:00,18,23,213
2025-12-03 02:56:00,18,23,213
2025-12-03 02:51:00,18,23,212
2025-12-03 02:46:00,18,22,210
2025-12-03 02:41:00,17,20,209
2025-12-03 02:36:00,17,20,208
2025-12-03 02:31:00,17,20,207
2025-12-03 02:26:00,17,20,207
2025-12-03 02:21:00,17,20,207
2025-12-03 02:16:00,17,20,208
2025-12-03 02:11:00,16,20,209
2025-12-03 02:06:00,16,20,208
2025-12-03 02:01:00,16,19,208
2025-12-03 01:56:00,15,18,208
2025-12-03 01:51:00,15,18,208
2025-12-03 01:46:00,15,18,208
2025-12-03 01:41:00,15,18,207
2025-12-03 01:36:00,15,18,207
2025-12-03 01:31:00,15,19,208
2025-12-03 01:26:00,15,19,208
2025-12-03 01:21:00,15,19,207
2025-12-03 01:16:00,15,19,205
2025-12-03 01:11:00,15,19,203
2025-12-03 01:06:00,14,17,202
2025-12-03 01:01:00,14,17,201
2025-12-03 00:56:00,14,18,202
2025-12-03 00:51:00,14,18,203
2025-12-03 00:46:00,15,18,204
2025-12-03 00:41:00,15,18,203
2025-12-03 00:36:00,14,18,201
2025-12-03 00:31:00,14,18,202
2025-12-03 00:26:00,14,18,205
2025-12-03 00:21:00,14,18,207
2025-12-03 00:16:00,14,18,206
2025-12-03 00:11:00,14,17,205
2025-12-03 00:06:00,14,17,206
2025-12-03 00:01:00,14,17,206
2025-12-02 23:56:00,14,16,205
2025-12-02 23:51:00,13,15,205
2025-12-02 23:46:00,13,15,204
2025-12-02 23:41:00,13,15,201
2025-12-02 23:36:00,13,15,199
2025-12-02 23:31:00,13,15,198
2025-12-02 23:26:00,13,15,199
2025-12-02 23:21:00,13,15,199
2025-12-02 23:16:00,13,15,197
2025-12-02 23:11:00,12,15,196
2025-12-02 23:06:00,12,14,196
2025-12-02 23:01:00,12,14,197
2025-12-02 22:56:00,11,14,200
2025-12-02 22:51:00,11,13,202
2025-12-02 22:46:00,11,13,200
2025-12-02 22:41:00,12,13,196
2025-12-02 22:36:00,12,13,193
2025-12-02 22:31:00,12,13,192
2025-12-02 22:26:00,11,13,191
2025-12-02 22:21:00,11,13,192
2025-12-02 22:16:00,11,13,193
2025-12-02 22:11:00,11,13,195
2025-12-02 22:06:00,11,13,198
2025-12-02 22:01:00,11,13,197
2025-12-02 21:56:00,11,13,196
2025-12-02 21:51:00,11,14,197
2025-12-02 21:46:00,11,14,198
2025-12-02 21:41:00,12,14,195
2025-12-02 21:36:00,12,14,192
2025-12-02 21:31:00,12,14,191
2025-12-02 21:26:00,12,14,188
2025-12-02 21:21:00,12,14,187
2025-12-02 21:16:00,12,14,189
2025-12-02 21:11:00,12,14,192
2025-12-02 21:06:00,12,14,193
2025-12-02 21:01:00,12,14,192
2025-12-02 20:56:00,11,13,191
2025-12-02 20:51:00,11,13,191
2025-12-02 20:46:00,11,13,192
2025-12-02 20:41:00,11,12,193
2025-12-02 20:36:00,11,12,193
2025-12-02 20:31:00,11,12,192
2025-12-02 20:26:00,11,12,191
2025-12-02 20:21:00,10,12,191
2025-12-02 20:16:00,10,12,191
2025-12-02 20:11:00,10,12,191
2025-12-02 20:06:00,10,12,191
2025-12-02 20:01:00,10,12,191
2025-12-02 19:56:00,10,12,191
2025-12-02 19:51:00,10,12,191
2025-12-02 19:46:00,11,14,191
2025-12-02 19:41:00,11,14,191
2025-12-02 19:36:00,11,14,189
2025-12-02 19:31:00,11,14,189
2025-12-02 19:26:00,11,13,187
2025-12-02 19:21:00,11,13,187
2025-12-02 19:16:00,11,13,186
2025-12-02 19:11:00,11,13,186
2025-12-02 19:06:00,10,12,184
2025-12-02 19:01:00,10,12,184
2025-12-02 18:56:00,10,13,184
2025-12-02 18:51:00,10,13,184
2025-12-02 18:46:00,11,13,180
2025-12-02 18:41:00,11,13,180
2025-12-02 18:36:00,11,13,179
2025-12-02 18:31:00,11,13,179
2025-12-02 18:26:00,11,12,181
2025-12-02 18:21:00,10,12,181
2025-12-02 18:16:00,9,11,183
2025-12-02 18:11:00,9,11,183
2025-12-02 18:06:00,8,10,184
2025-12-02 18:01:00,8,10,184
2025-12-02 17:56:00,8,9,189
2025-12-02 17:51:00,7,9,193
2025-12-02 17:46:00,7,10,197
2025-12-02 17:41:00,7,10,197
2025-12-02 17:36:00,8,11,194
2025-12-02 17:31:00,8,11,194
2025-12-02 17:26:00,8,12,191
2025-12-02 17:21:00,9,12,189
2025-12-02 17:16:00,9,12,187
2025-12-02 17:11:00,9,12,187
2025-12-02 17:06:00,9,13,188
2025-12-02 17:01:00,9,13,188
2025-12-02 16:56:00,11,14,182
2025-12-02 16:51:00,11,14,182
2025-12-02 16:46:00,11,14,181
2025-12-02 16:41:00,11,14,179
2025-12-02 16:36:00,11,14,177
2025-12-02 16:31:00,11,14,177
2025-12-02 16:26:00,12,15,177
2025-12-02 16:21:00,12,15,177
2025-12-02 16:16:00,12,15,170
2025-12-02 16:11:00,12,15,170
2025-12-02 16:06:00,12,15,170
2025-12-02 16:01:00,12,15,170
2025-12-02 15:56:00,11,14,171
2025-12-02 15:51:00,11,14,171
2025-12-02 15:46:00,11,15,170
2025-12-02 15:41:00,11,15,170
2025-12-02 15:36:00,12,15,169
2025-12-02 15:31:00,12,15,169
2025-12-02 15:26:00,11,13,167
2025-12-02 15:21:00,11,13,167
2025-12-02 15:16:00,11,14,173
2025-12-02 15:11:00,11,14,173
2025-12-02 15:06:00,12,14,173
2025-12-02 15:01:00,12,14,170
2025-12-02 14:56:00,12,15,170
2025-12-02 14:51:00,12,15,170
2025-12-02 14:46:00,13,15,167
2025-12-02 14:41:00,12,15,166
2025-12-02 14:36:00,12,14,165
2025-12-02 14:31:00,12,13,163
2025-12-02 14:26:00,11,13,163
2025-12-02 14:21:00,10,13,164
2025-12-02 14:16:00,10,13,164
2025-12-02 14:11:00,11,13,163
2025-12-02 14:06:00,11,13,162
2025-12-02 14:01:00,11,13,160
2025-12-02 13:56:00,11,13,157
2025-12-02 13:51:00,11,13,156
2025-12-02 13:46:00,11,14,156
2025-12-02 13:41:00,11,14,155
2025-12-02 13:36:00,12,15,154
2025-12-02 13:31:00,12,15,154
2025-12-02 13:26:00,13,15,152
2025-12-02 13:21:00,13,15,150
2025-12-02 13:16:00,11,15,151
2025-12-02 13:11:00,11,13,153
2025-12-02 13:06:00,11,13,154
2025-12-02 13:01:00,11,13,154
2025-12-02 12:56:00,10,13,154
2025-12-02 12:51:00,10,11,154
2025-12-02 12:46:00,9,11,153
2025-12-02 12:41:00,9,11,148
2025-12-02 12:36:00,9,10,147
2025-12-02 12:31:00,8,10,148
2025-12-02 12:26:00,8,11,145
2025-12-02 12:21:00,9,12,142
2025-12-02 12:16:00,9,12,143
2025-12-02 12:11:00,10,12,143
2025-12-02 12:06:00,11,12,143
2025-12-02 12:01:00,11,12,143
2025-12-02 11:56:00,10,13,142
2025-12-02 11:51:00,10,13,139
2025-12-02 11:46:00,10,13,137
2025-12-02 11:41:00,8,11,132
2025-12-02 11:36:00,8,11,132
2025-12-02 11:31:00,8,10,126
2025-12-02 11:26:00,8,10,121
2025-12-02 11:21:00,8,10,116
2025-12-02 11:16:00,8,10,116
2025-12-02 11:11:00,8,10,115
2025-12-02 11:06:00,8,10,115
2025-12-02 11:01:00,8,10,110
2025-12-02 10:56:00,7,9,104
2025-12-02 10:51:00,7,8,104
2025-12-02 10:46:00,7,8,103
2025-12-02 10:41:00,7,9,102
2025-12-02 10:36:00,7,11,104
2025-12-02 10:31:00,8,11,104
2025-12-02 10:26:00,9,11,106
2025-12-02 10:21:00,9,11,108
2025-12-02 10:16:00,8,10,107
2025-12-02 10:11:00,8,9,101
2025-12-02 10:06:00,8,9,98
2025-12-02 10:01:00,7,10,98
2025-12-02 09:56:00,8,10,101
2025-12-02 09:51:00,8,11,106
2025-12-02 09:46:00,8,11,106
2025-12-02 09:41:00,8,11,112
2025-12-02 09:36:00,9,11,118
2025-12-02 09:31:00,9,11,119
2025-12-02 09:26:00,9,11,118
2025-12-02 09:21:00,9,11,111
2025-12-02 09:16:00,8,11,108
2025-12-02 09:11:00,9,11,110
2025-12-02 09:06:00,9,10,109
2025-12-02 09:01:00,9,10,108
2025-12-02 08:56:00,8,10,105
2025-12-02 08:51:00,8,9,100
2025-12-02 08:46:00,8,9,99
2025-12-02 08:41:00,8,9,99
2025-12-02 08:36:00,7,9,95
2025-12-02 08:31:00,7,8,92
2025-12-02 08:26:00,7,8,92
2025-12-02 08:21:00,6,8,91
2025-12-02 08:16:00,6,8,91
2025-12-02 08:11:00,7,8,95
2025-12-02 08:06:00,7,8,101
2025-12-02 08:01:00,7,8,101
2025-12-02 07:56:00,7,8,98
2025-12-02 07:51:00,6,7,96
2025-12-02 07:46:00,6,7,96
2025-12-02 07:41:00,5,7,97
2025-12-02 07:36:00,5,7,100
2025-12-02 07:31:00,6,7,103
2025-12-02 07:26:00,6,7,103
2025-12-02 07:21:00,7,7,102
2025-12-02 07:16:00,7,8,100
2025-12-02 07:11:00,7,8,99
2025-12-02 07:06:00,7,8,101
2025-12-02 07:01:00,7,8,102
2025-12-02 06:56:00,7,8,99
2025-12-02 06:51:00,7,8,96
2025-12-02 06:46:00,6,8,92
2025-12-02 06:41:00,6,8,89
2025-12-02 06:36:00,6,7,92
2025-12-02 06:31:00,6,7,92
2025-12-02 06:26:00,6,7,87
2025-12-02 06:21:00,6,7,84
2025-12-02 06:16:00,6,7,86
2025-12-02 06:11:00,6,7,88
2025-12-02 06:06:00,6,7,88
2025-12-02 06:01:00,6,7,84
2025-12-02 05:56:00,6,7,82
2025-12-02 05:51:00,6,7,80
2025-12-02 05:46:00,6,7,79
2025-12-02 05:41:00,6,7,84
2025-12-02 05:36:00,6,7,88
2025-12-02 05:31:00,5,7,88
2025-12-02 05:26:00,4,5,86
2025-12-02 05:21:00,3,5,80
2025-12-02 05:16:00,3,4,76
2025-12-02 05:11:00,3,4,75
2025-12-02 05:06:00,3,4,70
2025-12-02 05:01:00,3,4,56
2025-12-02 04:56:00,3,3,41
2025-12-02 04:51:00,3,3,36
2025-12-02 04:46:00,3,3,36
2025-12-02 04:41:00,2,3,41
2025-12-02 04:36:00,2,3,60
2025-12-02 04:31:00,2,3,90
2025-12-02 04:26:00,2,3,107
2025-12-02 04:21:00,2,3,107
2025-12-02 04:16:00,2,3,106
2025-12-02 04:11:00,1,2,117
2025-12-02 04:06:00,1,3,129
2025-12-02 04:01:00,2,3,131
2025-12-02 03:56:00,2,3,135
2025-12-02 03:51:00,2,3,136
2025-12-02 03:46:00,1,2,118
2025-12-02 03:41:00,1,1,85
2025-12-02 03:36:00,0,2,360
2025-12-02 03:31:00,1,2,142
2025-12-02 03:26:00,1,2,128
2025-12-02 03:21:00,1,2,122
2025-12-02 03:16:00,2,3,125
2025-12-02 03:11:00,2,3,131
2025-12-02 03:06:00,2,3,133
2025-12-02 03:01:00,2,3,129
2025-12-02 02:56:00,2,3,131
2025-12-02 02:51:00,2,3,139
2025-12-02 02:46:00,3,3,144
2025-12-02 02:41:00,2,3,153
2025-12-02 02:36:00,1,3,164
2025-12-02 02:31:00,1,2,180
2025-12-02 02:26:00,1,2,185
2025-12-02 02:21:00,1,2,181
2025-12-02 02:16:00,1,2,168
2025-12-02 02:11:00,1,2,151
2025-12-02 02:06:00,1,1,136
2025-12-02 02:01:00,1,1,139
2025-12-02 01:56:00,1,1,111
2025-12-02 01:51:00,1,1,62
2025-12-02 01:46:00,1,1,40
2025-12-02 01:41:00,1,1,59
2025-12-02 01:36:00,1,1,53
2025-12-02 01:31:00,1,1,32
2025-12-02 01:26:00,1,1,29
2025-12-02 01:21:00,1,2,37
2025-12-02 01:16:00,1,2,43
2025-12-02 01:11:00,1,2,50
2025-12-02 01:06:00,2,2,61
2025-12-02 01:01:00,2,3,62
2025-12-02 00:56:00,2,3,62
2025-12-02 00:51:00,2,4,58
2025-12-02 00:46:00,3,4,51
2025-12-02 00:41:00,3,4,46
2025-12-02 00:36:00,4,4,44
2025-12-02 00:31:00,4,4,46
2025-12-02 00:26:00,4,4,51
2025-12-02 00:21:00,4,5,51
2025-12-02 00:16:00,4,6,43
2025-12-02 00:11:00,4,6,35
2025-12-02 00:01:00,5,6,13
2025-12-01 23:56:00,4,5,3
2025-12-01 23:51:00,4,5,358
2025-12-01 23:46:00,4,6,350
2025-12-01 23:41:00,4,6,342
2025-12-01 23:36:00,5,6,343
2025-12-01 23:31:00,5,6,342
2025-12-01 23:26:00,5,5,332
2025-12-01 23:21:00,4,5,319
2025-12-01 23:16:00,4,5,309
2025-12-01 23:11:00,4,5,304
2025-12-01 23:06:00,4,5,306
2025-12-01 23:01:00,4,5,314
2025-12-01 22:56:00,3,4,316
2025-12-01 22:51:00,3,5,315
2025-12-01 22:46:00,4,5,313
2025-12-01 22:41:00,4,5,310
2025-12-01 22:36:00,4,5,310
2025-12-01 22:31:00,3,4,318
2025-12-01 22:26:00,3,4,323
2025-12-01 22:21:00,3,5,318
2025-12-01 22:16:00,3,5,314
2025-12-01 22:11:00,3,6,317
2025-12-01 22:06:00,4,7,321
2025-12-01 22:01:00,5,8,325
2025-12-01 21:56:00,6,8,322
2025-12-01 21:51:00,6,8,313
2025-12-01 21:46:00,7,10,308
2025-12-01 21:41:00,7,10,311
2025-12-01 21:36:00,8,11,312
2025-12-01 21:31:00,9,11,311
2025-12-01 21:26:00,9,11,313
2025-12-01 21:21:00,9,11,316
2025-12-01 21:16:00,9,10,319
2025-12-01 21:11:00,8,11,325
2025-12-01 21:06:00,7,12,336
2025-12-01 21:01:00,8,14,339
2025-12-01 20:56:00,10,14,335
2025-12-01 20:51:00,12,14,334
2025-12-01 20:46:00,12,14,338
2025-12-01 20:41:00,9,14,342
2025-12-01 20:36:00,5,11,328
2025-12-01 20:31:00,3,4,288
2025-12-01 20:26:00,2,5,254
2025-12-01 20:21:00,2,5,217
2025-12-01 20:16:00,3,5,221
2025-12-01 20:11:00,4,5,228
2025-12-01 20:06:00,3,5,234
2025-12-01 20:01:00,3,4,242
2025-12-01 19:56:00,3,4,237
2025-12-01 19:51:00,3,4,226
2025-12-01 19:46:00,3,4,216
2025-12-01 19:41:00,2,4,199
2025-12-01 19:36:00,2,5,196
2025-12-01 19:31:00,3,5,203
2025-12-01 19:26:00,4,5,204
2025-12-01 19:21:00,5,5,206
2025-12-01 19:16:00,5,5,206
2025-12-01 19:11:00,5,5,209
2025-12-01 19:06:00,4,5,212
2025-12-01 19:01:00,3,4,219
2025-12-01 18:56:00,2,3,233
2025-12-01 18:51:00,2,3,241
2025-12-01 18:46:00,2,3,234
2025-12-01 18:41:00,2,3,235
2025-12-01 18:36:00,3,3,243
2025-12-01 18:31:00,3,4,247
2025-12-01 18:26:00,2,5,245
2025-12-01 18:21:00,3,5,225
2025-12-01 18:16:00,4,5,207
2025-12-01 18:11:00,4,5,200
2025-12-01 18:06:00,4,5,196
2025-12-01 18:01:00,4,5,192
2025-12-01 17:56:00,4,5,186
2025-12-01 17:51:00,4,5,184
2025-12-01 17:46:00,4,6,188
2025-12-01 17:41:00,4,6,195
2025-12-01 17:36:00,5,6,196
2025-12-01 17:31:00,5,6,191
2025-12-01 17:26:00,5,6,189
2025-12-01 17:21:00,5,6,186
2025-12-01 17:16:00,5,6,185
2025-12-01 17:11:00,4,5,187
2025-12-01 17:06:00,5,5,192
2025-12-01 17:01:00,5,5,194
2025-12-01 16:56:00,4,5,194
2025-12-01 16:51:00,4,5,195
2025-12-01 16:46:00,4,6,197
2025-12-01 16:41:00,5,6,199
2025-12-01 16:36:00,5,6,200
2025-12-01 16:31:00,5,6,202
2025-12-01 16:26:00,5,6,203
2025-12-01 16:21:00,4,6,205
2025-12-01 16:16:00,4,5,204
2025-12-01 16:11:00,4,6,194
2025-12-01 16:06:00,4,6,186
2025-12-01 16:01:00,5,7,186
2025-12-01 15:56:00,5,7,187
2025-12-01 15:51:00,6,7,186
2025-12-01 15:46:00,6,8,185
2025-12-01 15:41:00,7,8,185
2025-12-01 15:36:00,7,8,188
2025-12-01 15:31:00,7,8,193
2025-12-01 15:26:00,6,9,197
2025-12-01 15:21:00,6,9,200
2025-12-01 15:16:00,7,9,201
2025-12-01 15:11:00,7,9,195
2025-12-01 15:06:00,7,8,187
2025-12-01 15:01:00,7,8,184
2025-12-01 14:56:00,6,8,186
2025-12-01 14:51:00,6,7,187
2025-12-01 14:46:00,6,7,186
2025-12-01 14:41:00,6,9,186
2025-12-01 14:36:00,6,9,189
2025-12-01 14:31:00,7,9,191
2025-12-01 14:26:00,7,9,191
2025-12-01 14:21:00,7,8,191
2025-12-01 14:16:00,7,9,190
2025-12-01 14:11:00,7,9,190
2025-12-01 14:06:00,7,9,194
2025-12-01 14:01:00,7,9,196
2025-12-01 13:56:00,7,8,196
2025-12-01 13:51:00,7,8,196
2025-12-01 13:46:00,7,9,196
2025-12-01 13:41:00,7,10,195
2025-12-01 13:36:00,7,10,191
2025-12-01 13:31:00,8,10,189
2025-12-01 13:26:00,9,10,191
2025-12-01 13:21:00,9,10,194
2025-12-01 13:16:00,8,10,193
2025-12-01 13:11:00,8,10,189
2025-12-01 13:06:00,7,11,182
2025-12-01 13:01:00,8,11,173
2025-12-01 12:56:00,9,13,168
2025-12-01 12:51:00,10,13,169
2025-12-01 12:46:00,10,13,172
2025-12-01 12:41:00,10,13,177
2025-12-01 12:36:00,9,13,182
2025-12-01 12:31:00,10,13,183
2025-12-01 12:26:00,10,14,180
2025-12-01 12:21:00,11,14,172
2025-12-01 12:16:00,11,14,164
2025-12-01 12:11:00,10,14,164
2025-12-01 12:06:00,10,12,167
2025-12-01 12:01:00,10,12,170
2025-12-01 11:56:00,9,12,169
2025-12-01 11:51:00,9,11,166
2025-12-01 11:46:00,9,12,165
2025-12-01 11:41:00,9,12,163
2025-12-01 11:36:00,10,13,161
2025-12-01 11:31:00,10,13,163
2025-12-01 11:26:00,11,13,164
2025-12-01 11:21:00,10,13,163
2025-12-01 11:16:00,10,14,164
2025-12-01 11:11:00,11,14,164
2025-12-01 11:06:00,12,14,163
2025-12-01 11:01:00,13,14,160
2025-12-01 10:56:00,13,14,158
2025-12-01 10:51:00,12,14,157
2025-12-01 10:46:00,12,14,160
2025-12-01 10:41:00,11,13,160
2025-12-01 10:36:00,10,11,155
2025-12-01 10:31:00,10,11,151
2025-12-01 10:26:00,9,11,150
2025-12-01 10:21:00,9,10,151
2025-12-01 10:16:00,9,10,148
2025-12-01 10:11:00,8,10,144
2025-12-01 10:06:00,9,10,136
2025-12-01 10:01:00,9,10,130
2025-12-01 09:56:00,8,10,129
2025-12-01 09:51:00,7,9,129
2025-12-01 09:46:00,6,10,131
2025-12-01 09:41:00,6,10,133
2025-12-01 09:36:00,7,10,128
2025-12-01 09:31:00,8,10,126
2025-12-01 09:26:00,8,10,129
2025-12-01 09:21:00,8,10,130
2025-12-01 09:16:00,8,10,131
2025-12-01 09:11:00,8,10,132
2025-12-01 09:06:00,8,11,133
2025-12-01 09:01:00,9,11,139
2025-12-01 08:56:00,9,11,141
2025-12-01 08:51:00,10,13,142
2025-12-01 08:46:00,10,13,141
2025-12-01 08:36:00,10,13,134
2025-12-01 08:31:00,9,12,127
2025-12-01 08:26:00,8,9,117
2025-12-01 08:21:00,7,8,114
2025-12-01 08:16:00,6,8,108
2025-12-01 08:11:00,6,9,93
2025-12-01 08:06:00,7,10,77
2025-12-01 08:01:00,7,10,77
2025-12-01 07:56:00,8,10,85
2025-12-01 07:51:00,9,10,84
2025-12-01 07:46:00,9,10,87
2025-12-01 07:41:00,9,10,93
2025-12-01 07:36:00,8,10,89
2025-12-01 07:31:00,7,10,80
2025-12-01 07:26:00,7,9,82
2025-12-01 07:21:00,7,9,86
2025-12-01 07:16:00,7,8,87
2025-12-01 07:11:00,7,8,91
2025-12-01 07:06:00,6,8,104
2025-12-01 07:01:00,6,9,115
2025-12-01 06:56:00,6,11,123
2025-12-01 06:51:00,7,13,127
2025-12-01 06:46:00,9,13,131
2025-12-01 06:41:00,10,13,136
2025-12-01 06:36:00,10,13,138
2025-12-01 06:31:00,9,14,141
2025-12-01 06:26:00,10,14,146
2025-12-01 06:21:00,11,14,144
2025-12-01 06:16:00,11,14,135
2025-12-01 06:11:00,11,14,120
2025-12-01 06:06:00,12,14,111
2025-12-01 06:01:00,11,14,106
2025-12-01 05:56:00,9,12,106
2025-12-01 05:51:00,8,11,107
2025-12-01 05:46:00,7,9,115
2025-12-01 05:41:00,7,9,135
2025-12-01 05:36:00,7,9,155
2025-12-01 05:31:00,7,9,170
2025-12-01 05:26:00,6,9,177
2025-12-01 05:21:00,5,7,178
2025-12-01 05:16:00,5,9,171
2025-12-01 05:11:00,6,9,163
2025-12-01 05:06:00,7,12,163
2025-12-01 05:01:00,7,15,167
2025-12-01 04:56:00,8,15,174
2025-12-01 04:51:00,10,17,175
2025-12-01 04:46:00,11,17,174
2025-12-01 04:41:00,11,17,168
2025-12-01 04:36:00,10,17,147
2025-12-01 04:31:00,10,13,123
2025-12-01 04:26:00,11,13,116
2025-12-01 04:21:00,11,13,108
2025-12-01 04:16:00,11,13,99
2025-12-01 04:11:00,11,13,95
2025-12-01 04:06:00,11,13,93
2025-12-01 04:01:00,10,12,90
2025-12-01 03:56:00,9,12,85
2025-12-01 03:51:00,9,11,88
2025-12-01 03:46:00,9,11,95
2025-12-01 03:41:00,8,12,103
2025-12-01 03:36:00,8,13,117
2025-12-01 03:31:00,9,15,123
2025-12-01 03:26:00,11,15,125
2025-12-01 03:21:00,12,15,128
2025-12-01 03:16:00,13,15,127
2025-12-01 03:11:00,12,15,128
2025-12-01 03:06:00,11,17,128
2025-12-01 03:01:00,12,17,120
2025-12-01 02:56:00,13,17,109
2025-12-01 02:51:00,14,17,104
2025-12-01 02:46:00,13,17,101
2025-12-01 02:41:00,12,15,100
2025-12-01 02:36:00,11,14,100
2025-12-01 02:31:00,11,14,98
2025-12-01 02:26:00,11,14,101
2025-12-01 02:21:00,12,14,104
2025-12-01 02:16:00,12,15,107
2025-12-01 02:11:00,13,15,114
2025-12-01 02:06:00,13,15,117
2025-12-01 02:01:00,13,16,116
2025-12-01 01:56:00,13,16,116
2025-12-01 01:51:00,13,16,116
2025-12-01 01:46:00,14,16,117
2025-12-01 01:41:00,13,16,117
2025-12-01 01:36:00,13,15,117
2025-12-01 01:31:00,13,15,116
2025-12-01 01:26:00,12,15,113
2025-12-01 01:21:00,11,15,113
2025-12-01 01:16:00,11,17,112
2025-12-01 01:11:00,12,18,112
2025-12-01 01:06:00,14,18,114
2025-12-01 01:01:00,15,19,113
2025-12-01 00:56:00,15,19,109
2025-12-01 00:51:00,16,19,108
2025-12-01 00:46:00,17,19,107
2025-12-01 00:41:00,16,19,107
2025-12-01 00:36:00,16,19,109
2025-12-01 00:31:00,15,18,109
2025-12-01 00:26:00,14,18,106
2025-12-01 00:21:00,14,18,108
2025-12-01 00:16:00,14,18,109
2025-12-01 00:11:00,15,18,109
2025-12-01 00:06:00,14,20,108
2025-12-01 00:01:00,14,20,106
2025-11-30 23:56:00,16,20,107
2025-11-30 23:51:00,17,20,108
2025-11-30 23:46:00,17,20,107
2025-11-30 23:41:00,17,20,106
2025-11-30 23:36:00,17,21,105
2025-11-30 23:31:00,17,21,105
2025-11-30 23:26:00,18,21,106
2025-11-30 23:21:00,18,21,107
2025-11-30 23:16:00,18,20,106
2025-11-30 23:11:00,16,20,104
2025-11-30 23:06:00,15,18,102
2025-11-30 23:01:00,15,18,99
2025-11-30 22:56:00,15,18,99
2025-11-30 22:51:00,15,19,98
2025-11-30 22:46:00,15,19,98
2025-11-30 22:41:00,16,19,99
2025-11-30 22:36:00,16,19,99
2025-11-30 22:31:00,15,18,97
2025-11-30 22:26:00,15,18,97
2025-11-30 22:21:00,15,18,96
2025-11-30 22:16:00,15,18,96
2025-11-30 22:11:00,15,18,96
2025-11-30 22:06:00,15,18,97
2025-11-30 22:01:00,14,17,95
2025-11-30 21:56:00,14,17,95
2025-11-30 21:51:00,12,18,86
2025-11-30 21:46:00,14,18,88
2025-11-30 21:41:00,14,18,91
2025-11-30 21:36:00,14,18,91
2025-11-30 21:31:00,15,18,93
2025-11-30 21:26:00,16,18,92
2025-11-30 21:21:00,16,18,89
2025-11-30 21:16:00,16,18,89
2025-11-30 21:11:00,15,18,86
2025-11-30 21:06:00,15,18,86
2025-11-30 21:01:00,15,18,78
2025-11-30 20:56:00,15,18,78
2025-11-30 20:51:00,14,18,76
2025-11-30 20:46:00,14,16,75
2025-11-30 20:41:00,14,18,79
2025-11-30 20:36:00,14,18,79
2025-11-30 20:31:00,14,20,82
2025-11-30 20:26:00,14,20,82
2025-11-30 20:21:00,17,20,88
2025-11-30 20:16:00,17,20,88
2025-11-30 20:11:00,17,21,92
2025-11-30 20:06:00,17,21,92
2025-11-30 20:01:00,18,21,93
2025-11-30 19:56:00,18,21,93
2025-11-30 19:51:00,17,21,90
2025-11-30 19:46:00,17,21,90
2025-11-30 19:41:00,17,21,93
2025-11-30 19:36:00,17,21,93
2025-11-30 19:31:00,17,21,99
2025-11-30 19:26:00,17,21,99
2025-11-30 19:21:00,18,21,98
2025-11-30 19:16:00,17,21,99
2025-11-30 19:11:00,17,21,100
2025-11-30 19:06:00,16,19,98
2025-11-30 19:01:00,15,18,94
2025-11-30 18:56:00,15,18,91
2025-11-30 18:51:00,15,18,88
2025-11-30 18:46:00,15,18,87
2025-11-30 18:41:00,15,19,91
2025-11-30 18:36:00,15,19,91
2025-11-30 18:31:00,17,21,102
2025-11-30 18:26:00,17,21,102
2025-11-30 18:21:00,17,21,105
2025-11-30 18:16:00,17,21,106
2025-11-30 18:11:00,17,20,107
2025-11-30 18:06:00,17,20,107
2025-11-30 18:01:00,16,19,106
2025-11-30 17:56:00,16,19,106
2025-11-30 17:51:00,16,19,106
2025-11-30 17:46:00,17,20,108
2025-11-30 17:41:00,17,20,109
2025-11-30 17:36:00,17,20,109
2025-11-30 17:31:00,16,19,110
2025-11-30 17:26:00,16,19,110
2025-11-30 17:21:00,15,18,105
2025-11-30 17:16:00,15,18,105
2025-11-30 17:11:00,15,18,100
2025-11-30 17:06:00,15,18,100
2025-11-30 17:01:00,15,18,97
2025-11-30 16:56:00,15,18,97
2025-11-30 16:51:00,15,18,101
2025-11-30 16:46:00,15,18,101
2025-11-30 16:41:00,16,19,100
2025-11-30 16:36:00,16,19,100
2025-11-30 16:31:00,16,19,100
2025-11-30 16:26:00,16,19,100
2025-11-30 16:21:00,16,19,99
2025-11-30 16:16:00,16,19,99
2025-11-30 16:11:00,16,19,99
2025-11-30 16:06:00,16,19,99
2025-11-30 16:01:00,16,19,97
2025-11-30 15:56:00,16,19,97
2025-11-30 15:51:00,15,17,98
2025-11-30 15:46:00,15,17,98
2025-11-30 15:41:00,14,18,95
2025-11-30 15:36:00,14,18,95
2025-11-30 15:31:00,14,18,95
2025-11-30 15:26:00,14,18,95
2025-11-30 15:21:00,14,17,98
2025-11-30 15:16:00,14,17,98
2025-11-30 15:11:00,15,18,98
2025-11-30 15:06:00,15,18,98
2025-11-30 15:01:00,15,18,95
2025-11-30 14:56:00,15,18,95
2025-11-30 14:51:00,15,18,97
2025-11-30 14:46:00,15,18,97
2025-11-30 14:41:00,15,17,95
2025-11-30 14:36:00,15,17,95
2025-11-30 14:31:00,15,17,95
2025-11-30 14:26:00,15,17,95
2025-11-30 14:21:00,14,16,94
2025-11-30 14:16:00,14,16,94
2025-11-30 14:11:00,14,16,92
2025-11-30 14:06:00,14,17,93
2025-11-30 14:01:00,14,17,98
2025-11-30 13:56:00,14,17,98
2025-11-30 13:51:00,14,18,98
2025-11-30 13:46:00,14,18,98
2025-11-30 13:41:00,14,18,97
2025-11-30 13:36:00,15,19,98
2025-11-30 13:31:00,15,19,98
2025-11-30 13:26:00,15,19,96
2025-11-30 13:21:00,15,17,96
2025-11-30 13:16:00,15,17,96
2025-11-30 13:11:00,15,17,97
2025-11-30 13:06:00,14,16,98
2025-11-30 13:01:00,14,16,100
2025-11-30 12:56:00,14,16,100
2025-11-30 12:51:00,13,16,99
2025-11-30 12:46:00,14,16,99
2025-11-30 12:41:00,14,16,101
2025-11-30 12:36:00,14,16,102
2025-11-30 12:31:00,14,17,102
2025-11-30 12:26:00,14,17,102
2025-11-30 12:21:00,14,17,104
2025-11-30 12:16:00,14,17,104
2025-11-30 12:11:00,14,17,101
2025-11-30 12:06:00,14,17,101
2025-11-30 12:01:00,14,17,104
2025-11-30 11:56:00,14,17,106
2025-11-30 11:46:00,15,17,100
2025-11-30 11:41:00,15,17,101
2025-11-30 11:36:00,14,19,106
2025-11-30 11:31:00,15,19,109
2025-11-30 11:26:00,15,20,106
2025-11-30 11:21:00,15,20,101
2025-11-30 11:16:00,15,20,99
2025-11-30 11:11:00,16,20,97
2025-11-30 11:06:00,16,20,96
2025-11-30 11:01:00,17,20,96
2025-11-30 10:56:00,17,20,95
2025-11-30 10:46:00,17,20,98
2025-11-30 10:41:00,16,20,101
2025-11-30 10:36:00,16,18,101
2025-11-30 10:31:00,16,19,100
2025-11-30 10:26:00,15,19,102
2025-11-30 10:21:00,16,19,101
2025-11-30 10:16:00,16,20,101
2025-11-30 10:11:00,16,20,100
2025-11-30 10:06:00,16,20,99
2025-11-30 10:01:00,16,20,99
2025-11-30 09:56:00,16,20,97
2025-11-30 09:51:00,16,20,99
2025-11-30 09:46:00,16,21,99
2025-11-30 09:41:00,16,21,98
2025-11-30 09:36:00,16,21,94
2025-11-30 09:31:00,16,21,92
2025-11-30 09:26:00,15,19,94
2025-11-30 09:21:00,15,18,94
2025-11-30 09:16:00,15,19,92
2025-11-30 09:11:00,16,19,91
2025-11-30 09:06:00,15,19,93
2025-11-30 09:01:00,15,19,94
2025-11-30 08:56:00,15,19,95
2025-11-30 08:51:00,16,21,96
2025-11-30 08:46:00,16,21,96
2025-11-30 08:41:00,16,21,99
2025-11-30 08:36:00,16,21,96
2025-11-30 08:31:00,16,20,95
2025-11-30 08:26:00,16,22,98
2025-11-30 08:21:00,16,22,97
2025-11-30 08:16:00,16,22,93
2025-11-30 08:11:00,16,22,91
2025-11-30 08:06:00,16,21,89
2025-11-30 08:01:00,15,20,89
2025-11-30 07:56:00,15,20,91
2025-11-30 07:51:00,15,20,94
2025-11-30 07:46:00,16,20,94
2025-11-30 07:41:00,16,20,92
2025-11-30 07:36:00,16,20,95
2025-11-30 07:31:00,16,20,95
2025-11-30 07:26:00,16,20,93
2025-11-30 07:21:00,16,21,92
2025-11-30 07:16:00,16,21,94
2025-11-30 07:11:00,17,21,94
2025-11-30 07:06:00,17,21,92
2025-11-30 07:01:00,16,20,92
2025-11-30 06:56:00,16,19,92
2025-11-30 06:51:00,16,19,90
2025-11-30 06:41:00,15,18,89
2025-11-30 06:36:00,15,17,87
2025-11-30 06:31:00,15,17,85
2025-11-30 06:26:00,15,18,83
2025-11-30 06:21:00,14,18,81
2025-11-30 06:16:00,15,18,83
2025-11-30 06:11:00,15,18,88
2025-11-30 06:06:00,15,18,87
2025-11-30 06:01:00,15,18,87
2025-11-30 05:56:00,14,18,88
2025-11-30 05:51:00,14,17,83
2025-11-30 05:46:00,14,17,78
2025-11-30 05:41:00,15,18,75
2025-11-30 05:36:00,14,18,75
2025-11-30 05:31:00,14,18,80
2025-11-30 05:26:00,15,18,84
2025-11-30 05:21:00,15,18,84
2025-11-30 05:16:00,15,18,83
2025-11-30 05:11:00,15,18,88
2025-11-30 05:06:00,15,18,87
2025-11-30 05:01:00,15,18,83
2025-11-30 04:56:00,15,18,84
2025-11-30 04:51:00,14,17,83
2025-11-30 04:46:00,14,17,83
2025-11-30 04:41:00,14,17,81
2025-11-30 04:36:00,16,18,79
2025-11-30 04:31:00,16,18,79
2025-11-30 04:26:00,16,18,79
2025-11-30 04:21:00,16,18,79
2025-11-30 04:16:00,16,18,79
2025-11-30 04:11:00,16,18,79
2025-11-30 04:06:00,16,18,79
2025-11-30 04:01:00,16,18,81
2025-11-30 03:56:00,15,18,83
2025-11-30 03:51:00,15,18,83
2025-11-30 03:46:00,15,18,82
2025-11-30 03:41:00,15,20,80
2025-11-30 03:36:00,15,20,83
2025-11-30 03:31:00,16,21,89
2025-11-30 03:26:00,17,21,89
2025-11-30 03:21:00,17,21,86
2025-11-30 03:16:00,17,21,84
2025-11-30 03:11:00,17,20,82
2025-11-30 03:06:00,16,20,79
2025-11-30 03:01:00,15,18,77
2025-11-30 02:56:00,14,18,74
2025-11-30 02:51:00,13,17,72
2025-11-30 02:46:00,14,17,73
2025-11-30 02:41:00,14,17,78
2025-11-30 02:36:00,14,17,82
2025-11-30 02:31:00,14,17,80
2025-11-30 02:26:00,14,18,79
2025-11-30 02:21:00,15,20,76
2025-11-30 02:16:00,15,20,70
2025-11-30 02:11:00,15,20,67
2025-11-30 02:06:00,15,20,69
2025-11-30 02:01:00,15,20,71
2025-11-30 01:56:00,16,20,72
2025-11-30 01:51:00,16,20,71
2025-11-30 01:46:00,16,19,71
2025-11-30 01:41:00,16,21,71
2025-11-30 01:36:00,16,21,74
2025-11-30 01:31:00,16,21,75
2025-11-30 01:26:00,16,21,74
2025-11-30 01:21:00,17,20,73
2025-11-30 01:16:00,16,20,71
2025-11-30 01:11:00,16,20,68
2025-11-30 01:06:00,15,20,70
2025-11-30 01:01:00,14,17,68
2025-11-30 00:56:00,14,19,64
2025-11-30 00:51:00,15,20,68
2025-11-30 00:46:00,15,20,70
2025-11-30 00:41:00,16,20,68
2025-11-30 00:36:00,17,20,64
2025-11-30 00:31:00,16,21,65
2025-11-30 00:26:00,16,21,67
2025-11-30 00:21:00,17,21,64
2025-11-30 00:16:00,17,21,62
2025-11-30 00:11:00,17,21,60
2025-11-30 00:06:00,16,21,57
2025-11-30 00:01:00,16,20,54
2025-11-29 23:56:00,16,21,54
2025-11-29 23:51:00,16,21,54
2025-11-29 23:46:00,17,21,53
2025-11-29 23:41:00,17,22,56
2025-11-29 23:36:00,17,23,56
2025-11-29 23:31:00,17,23,58
2025-11-29 23:26:00,17,24,59
2025-11-29 23:21:00,18,24,59
2025-11-29 23:16:00,18,24,58
2025-11-29 23:11:00,18,24,58
2025-11-29 23:06:00,19,24,58
2025-11-29 23:01:00,18,24,56
2025-11-29 22:56:00,17,21,57
2025-11-29 22:51:00,17,20,57
2025-11-29 22:46:00,17,20,54
2025-11-29 22:41:00,17,20,52
2025-11-29 22:36:00,16,20,52
2025-11-29 22:31:00,16,20,53
2025-11-29 22:26:00,17,20,48
2025-11-29 22:21:00,16,20,44
2025-11-29 22:16:00,16,20,47
2025-11-29 22:11:00,16,20,47
2025-11-29 22:06:00,16,20,47
2025-11-29 22:01:00,16,20,48
2025-11-29 21:56:00,16,20,48
2025-11-29 21:51:00,16,20,48
2025-11-29 21:46:00,16,20,46
2025-11-29 21:41:00,16,19,46
2025-11-29 21:36:00,16,19,49
2025-11-29 21:31:00,16,20,51
2025-11-29 21:26:00,16,21,51
2025-11-29 21:21:00,16,22,52
2025-11-29 21:16:00,17,22,50
2025-11-29 21:11:00,17,22,46
2025-11-29 21:06:00,17,22,43
2025-11-29 21:01:00,17,21,45
2025-11-29 20:56:00,16,20,50
2025-11-29 20:51:00,15,20,52
2025-11-29 20:46:00,15,20,47
2025-11-29 20:41:00,16,19,46
2025-11-29 20:36:00,16,19,50
2025-11-29 20:31:00,17,22,48
2025-11-29 20:26:00,16,22,49
2025-11-29 20:21:00,17,22,48
2025-11-29 20:16:00,18,22,42
2025-11-29 20:11:00,17,21,39
2025-11-29 20:06:00,15,19,40
2025-11-29 20:01:00,14,19,43
2025-11-29 19:56:00,14,17,45
2025-11-29 19:51:00,14,17,37
2025-11-29 19:46:00,14,17,35
2025-11-29 19:41:00,14,17,39
2025-11-29 19:36:00,14,17,38
2025-11-29 19:31:00,14,18,34
2025-11-29 19:26:00,14,18,31
2025-11-29 19:21:00,14,18,31
2025-11-29 19:16:00,14,18,31
2025-11-29 19:11:00,14,18,34
2025-11-29 19:06:00,13,18,38
2025-11-29 19:01:00,14,17,39
2025-11-29 18:56:00,14,17,38
2025-11-29 18:51:00,13,17,35
2025-11-29 18:46:00,14,17,32
2025-11-29 18:41:00,14,17,29
2025-11-29 18:36:00,13,17,29
2025-11-29 18:31:00,13,17,33
2025-11-29 18:26:00,14,17,35
2025-11-29 18:21:00,13,17,30
2025-11-29 18:16:00,13,16,27
2025-11-29 18:11:00,13,19,27
2025-11-29 18:06:00,14,19,31
2025-11-29 18:01:00,15,19,34
2025-11-29 17:56:00,15,19,34
2025-11-29 17:51:00,14,17,31
2025-11-29 17:46:00,14,17,27
2025-11-29 17:41:00,13,18,26
2025-11-29 17:36:00,13,18,26
2025-11-29 17:31:00,14,19,23
2025-11-29 17:26:00,14,19,18
2025-11-29 17:21:00,14,19,20
2025-11-29 17:16:00,15,19,24
2025-11-29 17:11:00,14,18,26
2025-11-29 17:06:00,13,18,23
2025-11-29 17:01:00,12,18,23
2025-11-29 16:56:00,13,17,29
2025-11-29 16:51:00,14,17,27
2025-11-29 16:46:00,14,18,25
2025-11-29 16:41:00,13,18,28
2025-11-29 16:36:00,13,18,28
2025-11-29 16:31:00,14,18,27
2025-11-29 16:26:00,13,17,26
2025-11-29 16:21:00,12,16,25
2025-11-29 16:16:00,12,15,26
2025-11-29 16:11:00,12,15,28
2025-11-29 16:06:00,12,16,25
2025-11-29 16:01:00,12,16,20
2025-11-29 15:56:00,12,16,22
2025-11-29 15:51:00,13,16,29
2025-11-29 15:46:00,12,16,26
2025-11-29 15:41:00,12,16,22
2025-11-29 15:36:00,12,16,26
2025-11-29 15:31:00,11,14,26
2025-11-29 15:26:00,11,14,26
2025-11-29 15:21:00,11,14,22
2025-11-29 15:16:00,11,14,18
2025-11-29 15:11:00,10,14,18
2025-11-29 15:06:00,10,14,17
2025-11-29 15:01:00,10,14,17
2025-11-29 14:56:00,11,14,19
2025-11-29 14:51:00,11,14,18
2025-11-29 14:46:00,11,14,18
2025-11-29 14:41:00,10,14,18
2025-11-29 14:36:00,9,13,18
2025-11-29 14:31:00,10,13,18
2025-11-29 14:26:00,10,13,21
2025-11-29 14:21:00,10,13,20
2025-11-29 14:16:00,10,14,16
2025-11-29 14:11:00,10,14,17
2025-11-29 14:06:00,11,14,17
2025-11-29 14:01:00,11,14,13
2025-11-29 13:56:00,10,14,15
2025-11-29 13:51:00,11,14,20
2025-11-29 13:46:00,11,14,21
2025-11-29 13:41:00,10,14,20
2025-11-29 13:36:00,10,14,19
2025-11-29 13:31:00,11,15,19
2025-11-29 13:26:00,11,17,16
2025-11-29 13:21:00,12,17,15
2025-11-29 13:16:00,13,17,17
2025-11-29 13:11:00,12,17,25
2025-11-29 13:06:00,11,13,29
2025-11-29 13:01:00,10,13,23
2025-11-29 12:56:00,10,13,21
2025-11-29 12:51:00,11,15,21
2025-11-29 12:46:00,11,15,20
2025-11-29 12:41:00,11,15,20
2025-11-29 12:36:00,11,16,18
2025-11-29 12:31:00,11,16,19
2025-11-29 12:26:00,12,16,19
2025-11-29 12:21:00,13,16,16
2025-11-29 12:16:00,13,16,17
2025-11-29 12:11:00,12,15,19
2025-11-29 12:06:00,12,17,18
2025-11-29 12:01:00,12,17,18
2025-11-29 11:56:00,12,17,17
2025-11-29 11:51:00,13,17,14
2025-11-29 11:46:00,13,16,15
2025-11-29 11:41:00,13,16,15
2025-11-29 11:36:00,12,16,16
2025-11-29 11:31:00,12,16,16
2025-11-29 11:26:00,12,16,19
2025-11-29 11:21:00,12,16,19
2025-11-29 11:16:00,12,16,19
2025-11-29 11:11:00,12,16,17
2025-11-29 11:06:00,13,16,14
2025-11-29 11:01:00,13,16,18
2025-11-29 10:56:00,13,18,20
2025-11-29 10:51:00,13,18,20
2025-11-29 10:46:00,13,18,17
2025-11-29 10:41:00,14,18,11
2025-11-29 10:36:00,13,18,7
2025-11-29 10:31:00,13,18,8
2025-11-29 10:26:00,14,18,16
2025-11-29 10:21:00,14,18,22
2025-11-29 10:16:00,14,18,16
2025-11-29 10:11:00,14,18,9
2025-11-29 10:06:00,14,18,13
2025-11-29 10:01:00,13,18,14
2025-11-29 09:56:00,13,18,13
2025-11-29 09:51:00,14,18,11
2025-11-29 09:46:00,14,18,6
2025-11-29 09:41:00,14,19,4
2025-11-29 09:36:00,14,19,9
2025-11-29 09:31:00,15,19,14
2025-11-29 09:26:00,15,19,16
2025-11-29 09:21:00,15,19,19
2025-11-29 09:16:00,15,19,17
2025-11-29 09:11:00,14,19,16
2025-11-29 09:06:00,15,19,18
2025-11-29 09:01:00,14,17,18
2025-11-29 08:56:00,14,18,17
2025-11-29 08:51:00,14,18,15
2025-11-29 08:46:00,14,18,15
2025-11-29 08:41:00,14,18,12
2025-11-29 08:36:00,14,18,11
2025-11-29 08:31:00,14,17,9
2025-11-29 08:26:00,14,18,8
2025-11-29 08:21:00,14,18,12
2025-11-29 08:16:00,14,18,9
2025-11-29 08:11:00,15,18,9
2025-11-29 08:06:00,14,18,11
2025-11-29 08:01:00,15,18,10
2025-11-29 07:56:00,15,18,7
2025-11-29 07:51:00,15,19,7
2025-11-29 07:46:00,15,19,10
2025-11-29 07:41:00,15,19,11
2025-11-29 07:36:00,16,19,9
2025-11-29 07:31:00,16,19,7
2025-11-29 07:26:00,16,19,9
2025-11-29 07:21:00,16,19,12
2025-11-29 07:16:00,16,19,13
2025-11-29 07:11:00,16,19,13
2025-11-29 07:06:00,16,19,9
2025-11-29 07:01:00,17,19,7
2025-11-29 06:56:00,17,23,8
2025-11-29 06:51:00,16,23,9
2025-11-29 06:46:00,16,23,8
2025-11-29 06:41:00,16,23,8
2025-11-29 06:36:00,14,19,10
2025-11-29 06:31:00,12,18,12
2025-11-29 06:26:00,11,18,12
2025-11-29 06:21:00,11,15,9
2025-11-29 06:16:00,11,16,4
2025-11-29 06:11:00,12,16,3
2025-11-29 06:06:00,13,16,6
2025-11-29 06:01:00,12,16,3
2025-11-29 05:56:00,10,14,0
2025-11-29 05:51:00,8,12,0
2025-11-29 05:46:00,9,12,355
2025-11-29 05:41:00,9,12,350
2025-11-29 05:36:00,9,13,353
2025-11-29 05:31:00,9,13,357
2025-11-29 05:26:00,9,13,355
2025-11-29 05:21:00,10,13,350
2025-11-29 05:16:00,9,12,346
2025-11-29 05:11:00,9,12,346
2025-11-29 05:06:00,10,14,348
2025-11-29 05:01:00,10,14,351
2025-11-29 04:56:00,10,14,352
2025-11-29 04:51:00,11,14,356
2025-11-29 04:46:00,10,13,356
2025-11-29 04:41:00,9,12,349
2025-11-29 04:36:00,9,12,350
2025-11-29 04:31:00,9,12,354
2025-11-29 04:26:00,9,12,354
2025-11-29 04:21:00,9,12,353
2025-11-29 04:16:00,9,12,354
2025-11-29 04:11:00,9,12,355
2025-11-29 04:06:00,8,12,358
2025-11-29 04:01:00,9,12,356
2025-11-29 03:56:00,9,12,355
2025-11-29 03:51:00,9,12,359
2025-11-29 03:46:00,9,14,2
2025-11-29 03:41:00,9,14,4
2025-11-29 03:31:00,9,14,355
2025-11-29 03:26:00,9,13,354
2025-11-29 03:21:00,9,12,351
2025-11-29 03:16:00,9,12,353
2025-11-29 03:11:00,9,11,356
2025-11-29 03:06:00,9,11,355
2025-11-29 03:01:00,9,12,2
2025-11-29 02:56:00,9,12,5
2025-11-29 02:51:00,9,12,0
2025-11-29 02:46:00,10,12,4
2025-11-29 02:41:00,9,13,4
2025-11-29 02:36:00,9,14,355
2025-11-29 02:31:00,10,14,351
2025-11-29 02:26:00,11,14,354
2025-11-29 02:21:00,12,14,1
2025-11-29 02:16:00,10,13,1
2025-11-29 02:11:00,10,13,359
2025-11-29 02:06:00,10,13,354
2025-11-29 02:01:00,10,15,345
2025-11-29 01:56:00,11,15,346
2025-11-29 01:51:00,11,15,351
2025-11-29 01:46:00,11,15,356
2025-11-29 01:41:00,11,14,359
2025-11-29 01:36:00,10,14,353
2025-11-29 01:31:00,11,14,346
2025-11-29 01:26:00,12,14,350
2025-11-29 01:21:00,12,14,351
2025-11-29 01:16:00,11,14,348
2025-11-29 01:11:00,10,13,346
2025-11-29 01:06:00,10,13,346
2025-11-29 01:01:00,10,13,358
2025-11-29 00:56:00,10,13,355
2025-11-29 00:51:00,10,13,356
2025-11-29 00:46:00,10,13,356
2025-11-29 00:41:00,11,15,352
2025-11-29 00:36:00,11,15,352
2025-11-29 00:31:00,10,15,356
2025-11-29 00:26:00,10,15,356
2025-11-29 00:21:00,11,14,0
2025-11-29 00:16:00,11,14,0
2025-11-29 00:11:00,11,15,348
2025-11-29 00:06:00,11,15,350
2025-11-29 00:01:00,12,16,346
2025-11-28 23:56:00,12,16,346
2025-11-28 23:51:00,12,16,353
2025-11-28 23:46:00,12,16,353
2025-11-28 23:41:00,12,15,341
2025-11-28 23:36:00,12,15,341
2025-11-28 23:31:00,11,15,351
2025-11-28 23:26:00,11,15,351
2025-11-28 23:21:00,12,15,348
2025-11-28 23:16:00,12,15,348
2025-11-28 23:11:00,12,15,352
2025-11-28 23:06:00,12,15,352
2025-11-28 23:01:00,12,15,347
2025-11-28 22:56:00,12,15,347
2025-11-28 22:51:00,12,14,348
2025-11-28 22:46:00,12,14,348
2025-11-28 22:41:00,12,14,352
2025-11-28 22:36:00,12,14,352
2025-11-28 22:31:00,10,13,345
2025-11-28 22:26:00,10,13,345
2025-11-28 22:21:00,10,13,342
2025-11-28 22:16:00,10,14,342
2025-11-28 22:11:00,10,14,340
2025-11-28 22:06:00,10,14,340
2025-11-28 22:01:00,10,15,349
2025-11-28 21:56:00,10,15,349
2025-11-28 21:51:00,12,15,343
2025-11-28 21:46:00,12,15,343
2025-11-28 21:41:00,11,14,355
2025-11-28 21:36:00,11,14,355
2025-11-28 21:31:00,11,17,357
2025-11-28 21:26:00,11,17,357
2025-11-28 21:21:00,11,17,343
2025-11-28 21:16:00,11,17,343
2025-11-28 21:11:00,9,12,333
2025-11-28 21:06:00,9,12,333
2025-11-28 21:01:00,9,14,335
2025-11-28 20:56:00,9,14,335
2025-11-28 20:51:00,10,14,342
2025-11-28 20:46:00,10,14,342
2025-11-28 20:41:00,11,15,331
2025-11-28 20:36:00,11,15,331
2025-11-28 20:31:00,12,15,327
2025-11-28 20:26:00,12,15,327
2025-11-28 20:21:00,12,13,318
2025-11-28 20:16:00,12,13,318
2025-11-28 20:11:00,9,13,304
2025-11-28 20:06:00,8,11,306
2025-11-28 20:01:00,8,11,305
2025-11-28 19:56:00,8,11,305
2025-11-28 19:51:00,8,12,301
2025-11-28 19:46:00,8,12,301
2025-11-28 19:41:00,9,12,320
2025-11-28 19:36:00,9,12,320
2025-11-28 19:31:00,8,12,317
2025-11-28 19:26:00,8,12,317
2025-11-28 19:21:00,8,12,316
2025-11-28 19:16:00,8,12,318
2025-11-28 19:11:00,9,12,316
2025-11-28 19:06:00,9,12,316
2025-11-28 19:01:00,8,12,313
2025-11-28 18:56:00,8,12,313
2025-11-28 18:51:00,9,12,305
2025-11-28 18:46:00,9,14,307
2025-11-28 18:41:00,10,15,310
2025-11-28 18:36:00,10,15,310
2025-11-28 18:31:00,12,15,308
2025-11-28 18:26:00,12,15,308
2025-11-28 18:21:00,12,15,309
2025-11-28 18:16:00,12,15,312
2025-11-28 18:11:00,12,15,306
2025-11-28 18:06:00,12,15,306
2025-11-28 18:01:00,11,13,307
2025-11-28 17:56:00,11,13,307
2025-11-28 17:51:00,11,13,321
2025-11-28 17:46:00,11,13,321
2025-11-28 17:41:00,11,14,325
2025-11-28 17:36:00,11,14,325
2025-11-28 17:31:00,11,17,327
2025-11-28 17:26:00,11,17,327
2025-11-28 17:21:00,13,19,323
2025-11-28 17:16:00,13,19,323
2025-11-28 17:11:00,16,20,320
2025-11-28 17:06:00,16,20,320
2025-11-28 17:01:00,17,21,320
2025-11-28 16:56:00,17,21,320
2025-11-28 16:51:00,17,21,325
2025-11-28 16:46:00,17,21,325
2025-11-28 16:41:00,19,21,326
2025-11-28 16:36:00,19,21,326
2025-11-28 16:31:00,18,21,330
2025-11-28 16:26:00,18,21,330
2025-11-28 16:21:00,18,21,329
2025-11-28 16:16:00,16,21,330
2025-11-28 16:11:00,17,24,326
2025-11-28 16:06:00,17,24,326
2025-11-28 16:01:00,19,24,325
2025-11-28 15:56:00,20,24,325
2025-11-28 15:51:00,17,22,323
2025-11-28 15:46:00,17,22,323
2025-11-28 15:41:00,16,22,321
2025-11-28 15:36:00,17,23,323
2025-11-28 15:31:00,17,23,318
2025-11-28 15:26:00,18,23,316
2025-11-28 15:21:00,18,23,319
2025-11-28 15:16:00,17,21,321
2025-11-28 15:11:00,17,21,322
2025-11-28 15:06:00,17,21,326
2025-11-28 15:01:00,17,20,330
2025-11-28 14:56:00,17,20,332
2025-11-28 14:46:00,17,20,323
2025-11-28 14:41:00,16,19,323
2025-11-28 14:36:00,16,19,323
2025-11-28 14:31:00,16,23,326
2025-11-28 14:26:00,16,23,326
2025-11-28 14:21:00,18,23,325
2025-11-28 14:16:00,18,23,322
2025-11-28 14:11:00,18,23,318
2025-11-28 14:06:00,18,23,318
2025-11-28 14:01:00,20,24,320
2025-11-28 13:56:00,20,24,318
2025-11-28 13:51:00,20,24,316
2025-11-28 13:46:00,20,24,320
2025-11-28 13:41:00,19,24,324
2025-11-28 13:36:00,19,23,324
2025-11-28 13:31:00,19,23,322
2025-11-28 13:26:00,19,23,323
2025-11-28 13:21:00,19,23,324
2025-11-28 13:16:00,18,23,324
2025-11-28 13:11:00,17,21,320
2025-11-28 13:06:00,15,24,311
2025-11-28 13:01:00,15,24,311
2025-11-28 12:56:00,18,24,280
2025-11-28 12:51:00,18,24,280
2025-11-28 12:46:00,18,24,248
2025-11-28 12:41:00,18,22,234
2025-11-28 12:36:00,19,22,234
2025-11-28 12:31:00,18,22,235
2025-11-28 12:26:00,18,21,235
2025-11-28 12:21:00,18,21,236
2025-11-28 12:16:00,18,21,237
2025-11-28 12:11:00,18,24,236
2025-11-28 12:06:00,18,24,236
2025-11-28 12:01:00,18,24,237
2025-11-28 11:56:00,18,24,237
2025-11-28 11:51:00,19,22,236
2025-11-28 11:46:00,19,22,235
2025-11-28 11:41:00,19,22,234
2025-11-28 11:36:00,18,23,232
2025-11-28 11:31:00,19,24,229
2025-11-28 11:26:00,19,24,229
2025-11-28 11:21:00,19,25,230
2025-11-28 11:16:00,20,25,231
2025-11-28 11:11:00,20,25,231
2025-11-28 11:06:00,20,25,232
2025-11-28 11:01:00,20,23,233
2025-11-28 10:56:00,19,23,232
2025-11-28 10:51:00,19,23,232
2025-11-28 10:46:00,19,24,231
2025-11-28 10:41:00,19,24,230
2025-11-28 10:36:00,19,25,227
2025-11-28 10:31:00,20,25,226
2025-11-28 10:26:00,21,25,225
2025-11-28 10:21:00,22,25,222
2025-11-28 10:16:00,22,25,220
2025-11-28 10:11:00,20,24,219
2025-11-28 10:06:00,19,24,220
2025-11-28 10:01:00,19,24,220
2025-11-28 09:56:00,18,24,220
2025-11-28 09:51:00,19,24,222
2025-11-28 09:46:00,19,24,224
2025-11-28 09:41:00,20,23,224
2025-11-28 09:36:00,20,26,226
2025-11-28 09:31:00,20,26,226
2025-11-28 09:26:00,21,26,226
2025-11-28 09:21:00,21,26,225
2025-11-28 09:16:00,20,26,223
2025-11-28 09:11:00,19,23,222
2025-11-28 09:06:00,19,26,222
2025-11-28 09:01:00,19,26,224
2025-11-28 08:56:00,20,26,226
2025-11-28 08:51:00,21,27,226
2025-11-28 08:46:00,22,27,227
2025-11-28 08:41:00,22,27,226
2025-11-28 08:36:00,22,27,225
2025-11-28 08:31:00,22,27,224
2025-11-28 08:26:00,22,27,223
2025-11-28 08:21:00,22,28,223
2025-11-28 08:16:00,22,30,223
2025-11-28 08:11:00,23,33,223
2025-11-28 08:06:00,23,33,221
2025-11-28 08:01:00,24,33,220
2025-11-28 07:56:00,24,33,221
2025-11-28 07:51:00,23,32,220
2025-11-28 07:46:00,23,32,216
2025-11-28 07:41:00,22,27,213
2025-11-28 07:36:00,21,26,214
2025-11-28 07:31:00,21,26,215
2025-11-28 07:26:00,21,26,215
2025-11-28 07:21:00,21,27,215
2025-11-28 07:16:00,21,28,216
2025-11-28 07:11:00,21,28,217
2025-11-28 07:06:00,21,28,216
2025-11-28 07:01:00,22,28,215
2025-11-28 06:56:00,22,26,214
2025-11-28 06:51:00,22,26,211
2025-11-28 06:46:00,21,26,210
2025-11-28 06:41:00,21,26,209
2025-11-28 06:36:00,21,26,209
2025-11-28 06:31:00,21,26,209
2025-11-28 06:26:00,21,26,210
2025-11-28 06:21:00,21,26,210
2025-11-28 06:16:00,21,26,210
2025-11-28 06:11:00,21,26,210
2025-11-28 06:06:00,20,26,210
2025-11-28 06:01:00,21,26,210
2025-11-28 05:56:00,21,26,211
2025-11-28 05:51:00,21,26,211
2025-11-28 05:46:00,22,28,210
2025-11-28 05:41:00,22,28,210
2025-11-28 05:36:00,22,28,210
2025-11-28 05:31:00,22,28,210
2025-11-28 05:26:00,22,28,210
2025-11-28 05:21:00,22,28,210
2025-11-28 05:16:00,22,28,210
2025-11-28 05:11:00,21,28,211
2025-11-28 05:06:00,20,26,212
2025-11-28 05:01:00,21,27,215
2025-11-28 04:56:00,21,27,219
2025-11-28 04:51:00,21,27,218
2025-11-28 04:46:00,21,27,216
2025-11-28 04:41:00,21,27,211
2025-11-28 04:36:00,20,26,201
2025-11-28 04:31:00,20,26,201
2025-11-28 04:26:00,20,26,201
2025-11-28 04:21:00,20,26,201
2025-11-28 04:16:00,20,26,201
2025-11-28 04:11:00,20,26,201
2025-11-28 04:06:00,20,26,201
2025-11-28 04:01:00,19,28,205
2025-11-28 03:56:00,20,28,204
2025-11-28 03:51:00,22,28,198
2025-11-28 03:46:00,21,29,197
2025-11-28 03:41:00,21,29,197
2025-11-28 03:36:00,22,29,197
2025-11-28 03:31:00,22,29,196
2025-11-28 03:26:00,22,27,196
2025-11-28 03:21:00,22,27,197
2025-11-28 03:16:00,21,27,197
2025-11-28 03:11:00,21,27,199
2025-11-28 03:06:00,21,27,198
2025-11-28 03:01:00,21,25,196
2025-11-28 02:56:00,21,25,195
2025-11-28 02:51:00,21,25,196
2025-11-28 02:46:00,21,25,195
2025-11-28 02:41:00,20,25,195
2025-11-28 02:36:00,20,24,195
2025-11-28 02:31:00,21,25,195
2025-11-28 02:26:00,21,26,196
2025-11-28 02:21:00,20,27,196
2025-11-28 02:16:00,21,27,197
2025-11-28 02:11:00,22,27,197
2025-11-28 02:06:00,22,27,196
2025-11-28 02:01:00,23,26,196
2025-11-28 01:56:00,22,26,195
2025-11-28 01:51:00,21,26,195
2025-11-28 01:46:00,21,28,195
2025-11-28 01:41:00,21,29,194
2025-11-28 01:36:00,23,30,194
2025-11-28 01:31:00,24,30,195
2025-11-28 01:26:00,24,30,194
2025-11-28 01:21:00,23,30,192
2025-11-28 01:16:00,22,28,191
2025-11-28 01:11:00,21,27,191
2025-11-28 01:06:00,22,27,191
2025-11-28 01:01:00,22,27,190
2025-11-28 00:56:00,21,25,189
2025-11-28 00:51:00,20,25,190
2025-11-28 00:46:00,18,24,191
2025-11-28 00:41:00,17,24,192
2025-11-28 00:36:00,19,24,191
2025-11-28 00:31:00,20,24,188
2025-11-28 00:26:00,20,24,185
2025-11-28 00:21:00,20,24,183
2025-11-28 00:16:00,19,24,183
2025-11-28 00:11:00,19,24,184
2025-11-28 00:06:00,19,24,183
2025-11-28 00:01:00,19,24,183
2025-11-27 23:56:00,19,24,185
2025-11-27 23:51:00,19,24,187
2025-11-27 23:46:00,19,24,188
2025-11-27 23:41:00,18,23,190
2025-11-27 23:36:00,18,22,190
2025-11-27 23:31:00,18,22,188
2025-11-27 23:26:00,18,22,188
2025-11-27 23:21:00,18,22,189
2025-11-27 23:16:00,18,21,189
2025-11-27 23:11:00,17,21,188
2025-11-27 23:06:00,16,20,187
2025-11-27 23:01:00,17,20,187
2025-11-27 22:56:00,17,20,187
2025-11-27 22:51:00,17,20,186
2025-11-27 22:46:00,16,20,185
2025-11-27 22:41:00,15,18,184
2025-11-27 22:36:00,14,19,185
2025-11-27 22:31:00,13,19,187
2025-11-27 22:26:00,15,19,190
2025-11-27 22:21:00,16,19,192
2025-11-27 22:16:00,16,19,193
2025-11-27 22:11:00,15,18,192
2025-11-27 22:06:00,16,18,192
2025-11-27 22:01:00,15,18,193
2025-11-27 21:56:00,15,17,193
2025-11-27 21:51:00,14,17,192
2025-11-27 21:46:00,13,17,192
2025-11-27 21:41:00,13,17,194
2025-11-27 21:36:00,13,17,195
2025-11-27 21:31:00,14,17,196
2025-11-27 21:26:00,14,17,197
2025-11-27 21:21:00,13,17,192
2025-11-27 21:16:00,12,15,186
2025-11-27 21:11:00,11,14,187
2025-11-27 21:06:00,11,16,193
2025-11-27 21:01:00,11,17,202
2025-11-27 20:56:00,13,17,206
2025-11-27 20:51:00,14,17,204
2025-11-27 20:46:00,14,17,201
2025-11-27 20:41:00,14,18,200
2025-11-27 20:36:00,14,18,201
2025-11-27 20:31:00,15,18,201
2025-11-27 20:26:00,15,18,200
2025-11-27 20:21:00,15,18,198
2025-11-27 20:16:00,14,18,199
2025-11-27 20:11:00,13,17,202
2025-11-27 20:06:00,13,17,201
2025-11-27 20:01:00,14,17,195
2025-11-27 19:56:00,14,17,194
2025-11-27 19:51:00,14,17,199
2025-11-27 19:46:00,14,16,202
2025-11-27 19:41:00,13,15,202
2025-11-27 19:36:00,14,16,202
2025-11-27 19:31:00,14,16,201
2025-11-27 19:26:00,14,16,198
2025-11-27 19:21:00,13,16,197
2025-11-27 19:16:00,13,16,196
2025-11-27 19:11:00,14,16,197
2025-11-27 19:06:00,14,17,201
2025-11-27 19:01:00,14,17,201
2025-11-27 18:56:00,14,17,199
2025-11-27 18:51:00,15,17,198
2025-11-27 18:46:00,14,17,197
2025-11-27 18:41:00,14,17,196
2025-11-27 18:36:00,14,18,198
2025-11-27 18:31:00,14,18,200
2025-11-27 18:26:00,14,18,202
2025-11-27 18:21:00,14,18,201
2025-11-27 18:16:00,14,17,201
2025-11-27 18:11:00,14,16,201
2025-11-27 18:06:00,14,16,199
2025-11-27 18:01:00,13,16,197
2025-11-27 17:56:00,13,15,197
2025-11-27 17:51:00,13,15,197
2025-11-27 17:46:00,13,15,197
2025-11-27 17:41:00,13,15,197
2025-11-27 17:36:00,13,15,196
2025-11-27 17:31:00,13,16,196
2025-11-27 17:26:00,13,16,196
2025-11-27 17:21:00,13,16,197
2025-11-27 17:16:00,13,16,197
2025-11-27 17:11:00,13,16,200
2025-11-27 17:06:00,13,17,202
2025-11-27 17:01:00,13,17,203
2025-11-27 16:56:00,14,17,203
2025-11-27 16:51:00,14,17,204
2025-11-27 16:46:00,14,17,204
2025-11-27 16:41:00,14,17,203
2025-11-27 16:36:00,14,18,202
2025-11-27 16:31:00,14,19,202
2025-11-27 16:26:00,14,19,202
2025-11-27 16:21:00,15,19,201
2025-11-27 16:16:00,16,19,201
2025-11-27 16:11:00,16,19,200
2025-11-27 16:06:00,15,17,201
2025-11-27 16:01:00,15,19,203
2025-11-27 15:56:00,15,19,203
2025-11-27 15:51:00,15,19,203
2025-11-27 15:46:00,16,19,202
2025-11-27 15:41:00,16,18,201
2025-11-27 15:36:00,15,20,201
2025-11-27 15:31:00,15,20,201
2025-11-27 15:26:00,16,20,202
2025-11-27 15:21:00,17,20,203
2025-11-27 15:16:00,16,20,203
2025-11-27 15:11:00,16,19,204
2025-11-27 15:06:00,14,19,203
2025-11-27 15:01:00,14,19,203
2025-11-27 14:56:00,15,19,204
2025-11-27 14:51:00,15,19,206
2025-11-27 14:46:00,15,18,207
2025-11-27 14:41:00,15,19,206
2025-11-27 14:36:00,15,19,207
2025-11-27 14:31:00,15,19,208
2025-11-27 14:26:00,16,20,207
2025-11-27 14:21:00,15,21,208
2025-11-27 14:16:00,15,21,208
2025-11-27 14:11:00,17,21,208
2025-11-27 14:06:00,17,21,207
2025-11-27 14:01:00,17,21,207
2025-11-27 13:56:00,17,21,209
2025-11-27 13:51:00,17,21,209
2025-11-27 13:46:00,16,21,206
2025-11-27 13:41:00,16,21,204
2025-11-27 13:36:00,17,21,206
2025-11-27 13:31:00,17,21,207
2025-11-27 13:26:00,17,20,206
2025-11-27 13:21:00,17,20,206
2025-11-27 13:16:00,16,20,208
2025-11-27 13:11:00,16,21,209
2025-11-27 13:06:00,17,21,208
2025-11-27 13:01:00,16,21,209
2025-11-27 12:56:00,16,21,210
2025-11-27 12:51:00,16,21,209
2025-11-27 12:46:00,16,21,210
2025-11-27 12:41:00,16,20,209
2025-11-27 12:36:00,16,21,208
2025-11-27 12:31:00,17,22,209
2025-11-27 12:26:00,18,22,209
2025-11-27 12:21:00,18,22,208
2025-11-27 12:16:00,18,22,207
2025-11-27 12:11:00,18,22,205
2025-11-27 12:06:00,18,21,205
2025-11-27 12:01:00,17,21,208
2025-11-27 11:56:00,18,22,209
2025-11-27 11:51:00,18,22,210
2025-11-27 11:46:00,18,22,210
2025-11-27 11:41:00,18,22,209
2025-11-27 11:36:00,18,22,208
2025-11-27 11:31:00,18,22,209
2025-11-27 11:26:00,18,22,210
2025-11-27 11:21:00,18,22,208
2025-11-27 11:16:00,19,22,208
2025-11-27 11:11:00,18,22,208
2025-11-27 11:06:00,16,21,209
2025-11-27 11:01:00,16,20,208
2025-11-27 10:56:00,16,20,207
2025-11-27 10:51:00,17,22,207
2025-11-27 10:46:00,17,22,205
2025-11-27 10:41:00,19,22,205
2025-11-27 10:36:00,18,22,206
2025-11-27 10:31:00,18,22,207
2025-11-27 10:26:00,17,22,207
2025-11-27 10:21:00,17,21,206
2025-11-27 10:16:00,17,21,204
2025-11-27 10:11:00,16,20,204
2025-11-27 10:06:00,16,21,205
2025-11-27 10:01:00,17,21,206
2025-11-27 09:56:00,17,21,206
2025-11-27 09:51:00,17,21,205
2025-11-27 09:46:00,18,21,204
2025-11-27 09:41:00,17,20,205
2025-11-27 09:36:00,16,20,206
2025-11-27 09:31:00,16,20,204
2025-11-27 09:26:00,17,20,203
2025-11-27 09:21:00,16,19,203
2025-11-27 09:16:00,16,19,202
2025-11-27 09:11:00,16,19,201
2025-11-27 09:06:00,16,20,199
2025-11-27 09:01:00,15,20,198
2025-11-27 08:56:00,15,20,198
2025-11-27 08:51:00,15,20,198
2025-11-27 08:46:00,15,19,198
2025-11-27 08:41:00,16,19,197
2025-11-27 08:36:00,15,19,199
2025-11-27 08:31:00,16,19,201
2025-11-27 08:26:00,15,19,201
2025-11-27 08:21:00,15,19,200
2025-11-27 08:16:00,15,19,200
2025-11-27 08:11:00,15,19,199
2025-11-27 08:06:00,15,20,197
2025-11-27 08:01:00,15,20,194
2025-11-27 07:56:00,16,20,191
2025-11-27 07:51:00,15,20,193
2025-11-27 07:46:00,15,19,196
2025-11-27 07:41:00,17,19,195
2025-11-27 07:36:00,16,19,196
2025-11-27 07:31:00,16,19,197
2025-11-27 07:26:00,16,19,197
2025-11-27 07:21:00,16,19,196
2025-11-27 07:16:00,15,21,194
2025-11-27 07:06:00,17,21,196
2025-11-27 07:01:00,17,21,195
2025-11-27 06:56:00,17,22,194
2025-11-27 06:51:00,17,22,193
2025-11-27 06:46:00,18,22,192
2025-11-27 06:41:00,18,22,191
2025-11-27 06:36:00,18,22,191
2025-11-27 06:31:00,19,22,191
2025-11-27 06:26:00,19,22,190
2025-11-27 06:21:00,18,22,189
2025-11-27 06:16:00,17,22,188
2025-11-27 06:11:00,17,21,189
2025-11-27 06:06:00,17,21,188
2025-11-27 06:01:00,16,20,188
2025-11-27 05:56:00,17,20,189
2025-11-27 05:51:00,17,20,191
2025-11-27 05:46:00,17,22,190
2025-11-27 05:41:00,16,22,189
2025-11-27 05:36:00,17,22,189
2025-11-27 05:31:00,18,24,188
2025-11-27 05:26:00,18,24,187
2025-11-27 05:21:00,19,24,187
2025-11-27 05:16:00,19,24,187
2025-11-27 05:11:00,18,22,188
2025-11-27 05:06:00,18,21,188
2025-11-27 05:01:00,17,21,188
2025-11-27 04:56:00,17,21,187
2025-11-27 04:51:00,18,21,187
2025-11-27 04:46:00,17,21,187
2025-11-27 04:41:00,17,21,188
2025-11-27 04:36:00,17,21,189
2025-11-27 04:31:00,17,21,190
2025-11-27 04:26:00,17,21,190
2025-11-27 04:21:00,16,20,191
2025-11-27 04:16:00,17,20,190
2025-11-27 04:11:00,17,20,188
2025-11-27 04:06:00,16,19,187
2025-11-27 04:01:00,16,19,187
2025-11-27 03:56:00,15,19,187
2025-11-27 03:51:00,15,19,187
2025-11-27 03:46:00,15,19,188
2025-11-27 03:41:00,15,18,189
2025-11-27 03:36:00,16,18,189
2025-11-27 03:31:00,16,18,189
2025-11-27 03:26:00,15,18,190
2025-11-27 03:21:00,15,19,190
2025-11-27 03:16:00,15,19,190
2025-11-27 03:11:00,16,19,190
2025-11-27 03:06:00,16,19,189
2025-11-27 03:01:00,16,19,188
2025-11-27 02:56:00,16,19,187
2025-11-27 02:51:00,15,19,187
2025-11-27 02:46:00,15,18,187
2025-11-27 02:41:00,15,18,188
2025-11-27 02:36:00,15,18,189
2025-11-27 02:31:00,15,18,189
2025-11-27 02:26:00,15,18,188
2025-11-27 02:21:00,15,18,187
2025-11-27 02:16:00,15,19,187
2025-11-27 02:11:00,15,19,188
2025-11-27 02:06:00,15,20,188
2025-11-27 02:01:00,15,20,187
2025-11-27 01:56:00,16,20,186
2025-11-27 01:51:00,16,20,185
2025-11-27 01:46:00,16,19,183
2025-11-27 01:41:00,16,19,183
2025-11-27 01:36:00,16,19,183
2025-11-27 01:31:00,16,19,183
2025-11-27 01:26:00,16,19,183
2025-11-27 01:21:00,15,18,183
2025-11-27 01:16:00,15,20,183
2025-11-27 01:11:00,15,20,182
2025-11-27 01:06:00,16,20,182
2025-11-27 01:01:00,16,20,184
2025-11-27 00:56:00,16,18,185
2025-11-27 00:51:00,16,18,185
2025-11-27 00:46:00,15,18,185
2025-11-27 00:41:00,15,18,185
2025-11-27 00:36:00,15,18,184
2025-11-27 00:31:00,15,18,184
2025-11-27 00:26:00,15,18,184
2025-11-27 00:21:00,14,18,184
2025-11-27 00:16:00,15,18,185
2025-11-27 00:11:00,15,18,186
2025-11-27 00:06:00,15,18,186
2025-11-27 00:01:00,15,18,185
2025-11-26 23:56:00,15,18,185
2025-11-26 23:51:00,15,18,186
2025-11-26 23:46:00,15,18,186
2025-11-26 23:41:00,15,18,185
2025-11-26 23:36:00,15,18,183
2025-11-26 23:31:00,14,17,182
2025-11-26 23:26:00,14,17,183
2025-11-26 23:21:00,14,17,184
2025-11-26 23:16:00,14,17,184
2025-11-26 23:11:00,14,17,184
2025-11-26 23:01:00,14,17,183
2025-11-26 22:56:00,14,17,182
2025-11-26 22:51:00,13,17,180
2025-11-26 22:46:00,13,18,180
2025-11-26 22:41:00,14,19,181
2025-11-26 22:36:00,14,19,184
2025-11-26 22:31:00,15,19,185
2025-11-26 22:26:00,15,19,184
2025-11-26 22:21:00,15,18,184
2025-11-26 22:16:00,15,18,183
2025-11-26 22:11:00,15,17,183
2025-11-26 22:06:00,15,17,182
2025-11-26 22:01:00,14,17,181
2025-11-26 21:56:00,13,17,182
2025-11-26 21:51:00,14,17,183
2025-11-26 21:46:00,14,17,182
2025-11-26 21:41:00,15,17,182
2025-11-26 21:36:00,15,17,183
2025-11-26 21:31:00,14,19,182
2025-11-26 21:26:00,14,19,180
2025-11-26 21:21:00,15,19,178
2025-11-26 21:16:00,15,19,178
2025-11-26 21:11:00,15,18,179
2025-11-26 21:06:00,14,17,180
2025-11-26 21:01:00,13,16,182
2025-11-26 20:56:00,13,16,182
2025-11-26 20:51:00,12,15,179
2025-11-26 20:46:00,12,15,180
2025-11-26 20:41:00,13,15,180
2025-11-26 20:36:00,12,15,181
2025-11-26 20:31:00,12,15,183
2025-11-26 20:26:00,12,15,181
2025-11-26 20:21:00,13,15,181
2025-11-26 20:16:00,13,15,183
2025-11-26 20:11:00,12,14,185
2025-11-26 20:06:00,12,14,183
2025-11-26 20:01:00,12,14,182
2025-11-26 19:56:00,12,14,183
2025-11-26 19:51:00,12,16,183
2025-11-26 19:46:00,12,16,182
2025-11-26 19:41:00,13,16,183
2025-11-26 19:36:00,13,16,184
2025-11-26 19:31:00,13,15,183
2025-11-26 19:26:00,13,15,183
2025-11-26 19:21:00,13,15,183
2025-11-26 19:16:00,12,15,185
2025-11-26 19:11:00,12,15,183
2025-11-26 19:06:00,12,15,180
2025-11-26 19:01:00,12,15,179
2025-11-26 18:56:00,12,15,179
2025-11-26 18:51:00,13,15,181
2025-11-26 18:46:00,12,15,180
2025-11-26 18:41:00,12,14,181
2025-11-26 18:36:00,12,14,180
2025-11-26 18:31:00,12,14,180
2025-11-26 18:26:00,12,14,180
2025-11-26 18:21:00,11,14,179
2025-11-26 18:16:00,11,14,179
2025-11-26 18:11:00,11,14,180
2025-11-26 18:06:00,11,14,180
2025-11-26 18:01:00,12,14,178
2025-11-26 17:56:00,12,14,178
2025-11-26 17:51:00,11,14,176
2025-11-26 17:46:00,11,14,178
2025-11-26 17:41:00,11,15,177
2025-11-26 17:36:00,11,15,177
2025-11-26 17:31:00,12,15,170
2025-11-26 17:26:00,12,15,171
2025-11-26 17:21:00,12,15,173
2025-11-26 17:16:00,12,15,173
2025-11-26 17:11:00,12,15,172
2025-11-26 17:06:00,12,15,172
2025-11-26 17:01:00,12,16,170
2025-11-26 16:56:00,12,16,170
2025-11-26 16:51:00,12,16,171
2025-11-26 16:46:00,13,16,167
2025-11-26 16:41:00,13,16,167
2025-11-26 16:36:00,13,16,167
2025-11-26 16:31:00,13,15,169
2025-11-26 16:26:00,13,15,169
2025-11-26 16:21:00,13,16,172
2025-11-26 16:16:00,13,16,171
2025-11-26 16:11:00,13,16,171
2025-11-26 16:06:00,13,16,171
2025-11-26 16:01:00,13,15,170
2025-11-26 15:56:00,13,15,169
2025-11-26 15:51:00,12,15,170
2025-11-26 15:46:00,13,15,174
2025-11-26 15:41:00,13,15,174
2025-11-26 15:36:00,12,15,174
2025-11-26 15:31:00,12,15,172
2025-11-26 15:26:00,12,14,169
2025-11-26 15:21:00,12,14,169
2025-11-26 15:16:00,11,14,171
2025-11-26 15:11:00,10,13,170
2025-11-26 15:06:00,10,13,173
2025-11-26 15:01:00,11,13,169
2025-11-26 14:56:00,11,13,169
2025-11-26 14:51:00,10,12,165
2025-11-26 14:46:00,10,12,165
2025-11-26 14:41:00,10,12,163
2025-11-26 14:36:00,10,12,163
2025-11-26 14:31:00,10,12,164
2025-11-26 14:26:00,10,12,164
2025-11-26 14:21:00,9,12,167
2025-11-26 14:16:00,9,12,167
2025-11-26 14:11:00,10,12,157
2025-11-26 14:06:00,10,12,157
2025-11-26 14:01:00,10,12,158
2025-11-26 13:56:00,10,12,158
2025-11-26 13:51:00,10,13,154
2025-11-26 13:46:00,10,13,154
2025-11-26 13:41:00,10,14,155
2025-11-26 13:36:00,11,14,157
2025-11-26 13:31:00,11,14,157
2025-11-26 13:26:00,11,14,157
2025-11-26 13:21:00,11,13,157
2025-11-26 13:16:00,11,13,156
2025-11-26 13:11:00,10,13,160
2025-11-26 13:06:00,10,13,160
2025-11-26 13:01:00,10,13,160
2025-11-26 12:56:00,10,13,160
2025-11-26 12:51:00,11,13,164
2025-11-26 12:46:00,11,13,164
2025-11-26 12:41:00,11,13,160
2025-11-26 12:36:00,11,13,160
2025-11-26 12:31:00,11,14,155
2025-11-26 12:26:00,11,14,155
2025-11-26 12:21:00,11,14,158
2025-11-26 12:16:00,11,14,154
2025-11-26 12:11:00,11,14,151
2025-11-26 12:06:00,11,14,151
2025-11-26 12:01:00,11,13,151
2025-11-26 11:56:00,11,13,151
2025-11-26 11:51:00,11,14,151
2025-11-26 11:46:00,11,14,153
2025-11-26 11:41:00,9,13,160
2025-11-26 11:36:00,9,13,160
2025-11-26 11:31:00,9,13,160
2025-11-26 11:26:00,9,13,160
2025-11-26 11:21:00,9,13,160
2025-11-26 11:16:00,9,13,160
2025-11-26 11:11:00,9,13,160
2025-11-26 11:06:00,9,13,160
2025-11-26 11:01:00,9,13,160
2025-11-26 10:56:00,9,13,160
2025-11-26 10:51:00,9,13,156
2025-11-26 10:46:00,9,13,156
2025-11-26 10:41:00,8,10,161
2025-11-26 10:36:00,8,10,161
2025-11-26 10:31:00,8,10,152
2025-11-26 10:26:00,8,10,153
2025-11-26 10:21:00,8,10,159
2025-11-26 10:16:00,8,10,159
2025-11-26 10:11:00,9,11,157
2025-11-26 10:06:00,9,11,157
2025-11-26 10:01:00,9,11,149
2025-11-26 09:56:00,9,11,149
2025-11-26 09:51:00,9,12,148
2025-11-26 09:46:00,9,12,148
2025-11-26 09:41:00,10,12,148
2025-11-26 09:36:00,10,12,148
2025-11-26 09:31:00,10,12,148
2025-11-26 09:26:00,10,12,148
2025-11-26 09:21:00,9,11,144
2025-11-26 09:16:00,9,11,144
2025-11-26 09:11:00,9,10,149
2025-11-26 09:06:00,8,10,149
2025-11-26 09:01:00,7,9,136
2025-11-26 08:56:00,7,9,136
2025-11-26 08:51:00,7,9,141
2025-11-26 08:46:00,7,9,143
2025-11-26 08:41:00,7,9,143
2025-11-26 08:36:00,7,9,145
2025-11-26 08:31:00,7,10,149
2025-11-26 08:26:00,7,10,149
2025-11-26 08:21:00,7,10,149
2025-11-26 08:16:00,7,10,149
2025-11-26 08:11:00,7,10,149
2025-11-26 08:06:00,7,10,149
2025-11-26 08:01:00,8,11,149
2025-11-26 07:56:00,8,11,149
2025-11-26 07:51:00,9,11,148
2025-11-26 07:46:00,9,11,148
2025-11-26 07:41:00,9,11,149
2025-11-26 07:36:00,9,11,149
2025-11-26 07:31:00,9,11,144
2025-11-26 07:26:00,9,11,144
2025-11-26 07:21:00,10,12,145
2025-11-26 07:16:00,10,12,145
2025-11-26 07:11:00,10,12,148
2025-11-26 07:06:00,10,12,148
2025-11-26 07:01:00,11,12,146
2025-11-26 06:56:00,10,12,145
2025-11-26 06:51:00,10,12,154
2025-11-26 06:46:00,10,12,154
2025-11-26 06:41:00,10,12,151
2025-11-26 06:36:00,9,12,149
2025-11-26 06:31:00,10,12,139
2025-11-26 06:26:00,10,12,139
2025-11-26 06:21:00,10,12,136
2025-11-26 06:16:00,10,12,137
2025-11-26 06:11:00,10,12,139
2025-11-26 06:06:00,10,12,138
2025-11-26 06:01:00,10,12,140
2025-11-26 05:56:00,10,12,145
2025-11-26 05:51:00,9,12,146
2025-11-26 05:46:00,9,11,144
2025-11-26 05:41:00,9,11,142
2025-11-26 05:36:00,9,11,141
2025-11-26 05:31:00,9,11,142
2025-11-26 05:26:00,9,11,149
2025-11-26 05:21:00,9,11,151
2025-11-26 05:16:00,9,10,152
2025-11-26 05:11:00,9,10,154
2025-11-26 05:06:00,8,10,151
2025-11-26 04:56:00,8,11,146
2025-11-26 04:51:00,9,11,150
2025-11-26 04:46:00,9,11,146
2025-11-26 04:41:00,9,10,146
2025-11-26 04:36:00,8,10,143
2025-11-26 04:31:00,8,10,142
2025-11-26 04:26:00,7,10,142
2025-11-26 04:21:00,8,10,141
2025-11-26 04:16:00,8,10,142
2025-11-26 04:11:00,8,9,141
2025-11-26 04:06:00,7,9,136
2025-11-26 04:01:00,7,9,134
2025-11-26 03:56:00,7,9,142
2025-11-26 03:51:00,7,9,141
2025-11-26 03:46:00,6,9,134
2025-11-26 03:41:00,6,9,142
2025-11-26 03:36:00,6,8,144
2025-11-26 03:31:00,6,9,133
2025-11-26 03:26:00,6,9,138
2025-11-26 03:21:00,7,9,149
2025-11-26 03:16:00,6,9,148
2025-11-26 03:11:00,6,7,144
2025-11-26 03:06:00,6,7,134
2025-11-26 03:01:00,5,7,129
2025-11-26 02:56:00,5,7,136
2025-11-26 02:51:00,5,7,135
2025-11-26 02:46:00,5,7,136
2025-11-26 02:41:00,5,7,139
2025-11-26 02:36:00,5,7,136
2025-11-26 02:31:00,5,7,131
2025-11-26 02:26:00,5,7,134
2025-11-26 02:21:00,5,7,143
2025-11-26 02:16:00,5,7,147
2025-11-26 02:11:00,5,7,146
2025-11-26 02:06:00,5,6,146
2025-11-26 02:01:00,4,6,144
2025-11-26 01:56:00,4,6,141
2025-11-26 01:51:00,4,7,147
2025-11-26 01:46:00,5,7,151
2025-11-26 01:41:00,5,7,153
2025-11-26 01:36:00,5,7,165
2025-11-26 01:31:00,5,7,176
2025-11-26 01:26:00,5,8,172
2025-11-26 01:21:00,5,8,174
2025-11-26 01:16:00,6,9,179
2025-11-26 01:11:00,7,9,184
2025-11-26 01:06:00,7,9,188
2025-11-26 01:01:00,6,9,180
2025-11-26 00:56:00,6,8,173
2025-11-26 00:51:00,6,8,178
2025-11-26 00:46:00,6,8,177
2025-11-26 00:41:00,6,8,175
2025-11-26 00:36:00,6,8,169
2025-11-26 00:31:00,6,8,155
2025-11-26 00:26:00,5,8,159
2025-11-26 00:21:00,5,7,171
2025-11-26 00:16:00,5,7,172
2025-11-26 00:11:00,5,8,167
2025-11-26 00:06:00,6,8,160
2025-11-26 00:01:00,6,9,156
2025-11-25 23:56:00,6,9,154
2025-11-25 23:51:00,7,9,152
2025-11-25 23:46:00,7,9,156
2025-11-25 23:41:00,7,9,160
2025-11-25 23:36:00,6,8,155
2025-11-25 23:31:00,6,9,151
2025-11-25 23:26:00,6,9,149
2025-11-25 23:21:00,6,9,145
2025-11-25 23:16:00,6,9,142
2025-11-25 23:11:00,6,8,141
2025-11-25 23:06:00,6,8,132
2025-11-25 23:01:00,6,8,129
2025-11-25 22:56:00,6,9,132
2025-11-25 22:51:00,7,9,127
2025-11-25 22:46:00,7,9,123
2025-11-25 22:41:00,6,9,127
2025-11-25 22:36:00,7,9,122
2025-11-25 22:31:00,7,9,117
2025-11-25 22:26:00,7,9,122
2025-11-25 22:21:00,7,9,124
2025-11-25 22:16:00,7,10,126
2025-11-25 22:11:00,7,10,125
2025-11-25 22:06:00,8,10,127
2025-11-25 22:01:00,7,10,130
2025-11-25 21:56:00,7,10,126
2025-11-25 21:51:00,7,10,128
2025-11-25 21:46:00,6,9,130
2025-11-25 21:41:00,7,9,124
2025-11-25 21:36:00,7,9,122
2025-11-25 21:31:00,7,9,125
2025-11-25 21:26:00,7,10,129
2025-11-25 21:21:00,7,10,129
2025-11-25 21:16:00,7,10,127
2025-11-25 21:11:00,7,10,124
2025-11-25 21:06:00,8,9,119
2025-11-25 21:01:00,8,9,115
2025-11-25 20:56:00,7,9,112
2025-11-25 20:51:00,6,9,112
2025-11-25 20:46:00,6,9,114
2025-11-25 20:41:00,7,9,118
2025-11-25 20:36:00,6,9,114
2025-11-25 20:31:00,6,9,108
2025-11-25 20:26:00,6,9,109
2025-11-25 20:21:00,7,9,106
2025-11-25 20:16:00,7,9,106
2025-11-25 20:11:00,7,9,109
2025-11-25 20:06:00,7,9,110
2025-11-25 20:01:00,7,10,100
2025-11-25 19:56:00,7,10,90
2025-11-25 19:51:00,8,10,92
2025-11-25 19:46:00,8,10,94
2025-11-25 19:41:00,8,10,92
2025-11-25 19:36:00,8,10,90
2025-11-25 19:31:00,8,10,86
2025-11-25 19:26:00,8,10,89
2025-11-25 19:21:00,8,10,99
2025-11-25 19:16:00,7,10,103
2025-11-25 19:11:00,7,9,102
2025-11-25 19:06:00,7,9,109
2025-11-25 19:01:00,5,8,111
2025-11-25 18:56:00,5,7,108
2025-11-25 18:51:00,5,7,99
2025-11-25 18:46:00,5,7,95
2025-11-25 18:41:00,5,7,103
2025-11-25 18:36:00,5,8,111
2025-11-25 18:31:00,4,9,109
2025-11-25 18:26:00,5,9,102
2025-11-25 18:21:00,6,9,96
2025-11-25 18:16:00,6,9,92
2025-11-25 18:11:00,6,8,93
2025-11-25 18:06:00,5,8,100
2025-11-25 18:01:00,6,8,98
2025-11-25 17:56:00,5,8,99
2025-11-25 17:51:00,5,9,105
2025-11-25 17:46:00,6,9,101
2025-11-25 17:41:00,6,9,99
2025-11-25 17:36:00,6,9,108
2025-11-25 17:31:00,6,8,116
2025-11-25 17:26:00,6,9,104
2025-11-25 17:21:00,6,9,89
2025-11-25 17:16:00,6,9,89
2025-11-25 17:11:00,7,9,96
2025-11-25 17:06:00,7,9,88
2025-11-25 17:01:00,6,9,74
2025-11-25 16:56:00,7,10,82
2025-11-25 16:51:00,6,10,87
2025-11-25 16:46:00,7,10,85
2025-11-25 16:41:00,6,10,86
2025-11-25 16:36:00,6,9,90
2025-11-25 16:31:00,6,9,87
2025-11-25 16:26:00,6,9,75
2025-11-25 16:21:00,6,9,76
2025-11-25 16:16:00,7,9,77
2025-11-25 16:11:00,7,9,76
2025-11-25 16:06:00,7,9,76
2025-11-25 16:01:00,6,9,76
2025-11-25 15:56:00,7,9,77
2025-11-25 15:51:00,7,9,74
2025-11-25 15:46:00,7,9,80
2025-11-25 15:41:00,6,9,82
2025-11-25 15:36:00,6,9,81
2025-11-25 15:31:00,7,9,84
2025-11-25 15:26:00,6,9,82
2025-11-25 15:21:00,6,9,79
2025-11-25 15:16:00,6,10,72
2025-11-25 15:11:00,7,12,74
2025-11-25 15:06:00,8,12,74
2025-11-25 15:01:00,8,12,80
2025-11-25 14:56:00,8,12,84
2025-11-25 14:51:00,8,10,82
2025-11-25 14:46:00,7,10,82
2025-11-25 14:41:00,7,10,76
2025-11-25 14:36:00,7,10,77
2025-11-25 14:31:00,7,10,68
2025-11-25 14:26:00,7,10,66
2025-11-25 14:21:00,7,9,75
2025-11-25 14:16:00,7,9,66
2025-11-25 14:11:00,7,9,57
2025-11-25 14:06:00,7,9,60
2025-11-25 14:01:00,7,9,57
2025-11-25 13:56:00,7,10,53
2025-11-25 13:51:00,7,11,53
2025-11-25 13:46:00,7,11,58
2025-11-25 13:41:00,8,11,54
2025-11-25 13:36:00,8,11,52
2025-11-25 13:31:00,8,11,55
2025-11-25 13:26:00,8,11,65
2025-11-25 13:21:00,8,11,65
2025-11-25 13:16:00,8,11,56
2025-11-25 13:11:00,8,11,56
2025-11-25 13:06:00,8,11,59
2025-11-25 13:01:00,8,11,55
2025-11-25 12:56:00,8,12,53
2025-11-25 12:51:00,8,12,52
2025-11-25 12:46:00,9,12,57
2025-11-25 12:41:00,8,12,62
2025-11-25 12:36:00,7,12,67
2025-11-25 12:31:00,8,12,69
2025-11-25 12:26:00,9,12,68
2025-11-25 12:21:00,9,13,64
2025-11-25 12:16:00,9,13,57
2025-11-25 12:11:00,10,13,55
2025-11-25 12:06:00,9,13,51
2025-11-25 12:01:00,10,13,50
2025-11-25 11:56:00,10,13,56
2025-11-25 11:51:00,10,13,66
2025-11-25 11:46:00,9,13,67
2025-11-25 11:41:00,9,13,61
2025-11-25 11:36:00,9,12,64
2025-11-25 11:31:00,9,12,68
2025-11-25 11:26:00,9,12,67
2025-11-25 11:21:00,9,12,70
2025-11-25 11:16:00,9,12,79
2025-11-25 11:11:00,9,12,84
2025-11-25 11:06:00,9,12,75
2025-11-25 11:01:00,9,11,65
2025-11-25 10:56:00,9,13,67
2025-11-25 10:51:00,9,13,67
2025-11-25 10:46:00,10,13,62
2025-11-25 10:41:00,9,13,62
2025-11-25 10:31:00,10,15,65
2025-11-25 10:26:00,10,15,64
2025-11-25 10:21:00,10,15,66
2025-11-25 10:16:00,11,15,62
2025-11-25 10:11:00,12,15,54
2025-11-25 10:06:00,11,15,56
2025-11-25 10:01:00,11,17,62
2025-11-25 09:56:00,12,17,63
2025-11-25 09:51:00,13,17,59
2025-11-25 09:46:00,13,17,57
2025-11-25 09:41:00,12,16,56
2025-11-25 09:36:00,12,14,54
2025-11-25 09:31:00,12,14,61
2025-11-25 09:26:00,11,14,60
2025-11-25 09:21:00,11,14,53
2025-11-25 09:16:00,11,15,57
2025-11-25 09:11:00,11,15,58
2025-11-25 09:06:00,12,16,56
2025-11-25 09:01:00,12,16,58
2025-11-25 08:56:00,12,16,57
2025-11-25 08:51:00,13,17,54
2025-11-25 08:46:00,13,17,51
2025-11-25 08:41:00,14,18,47
2025-11-25 08:36:00,14,18,46
2025-11-25 08:31:00,14,18,49
2025-11-25 08:26:00,14,18,55
2025-11-25 08:21:00,14,17,55
2025-11-25 08:16:00,13,16,53
2025-11-25 08:11:00,13,16,56
2025-11-25 08:06:00,13,16,57
2025-11-25 08:01:00,12,16,57
2025-11-25 07:56:00,12,18,51
2025-11-25 07:51:00,13,18,46
2025-11-25 07:46:00,14,18,47
2025-11-25 07:41:00,15,18,49
2025-11-25 07:36:00,14,17,51
2025-11-25 07:31:00,13,17,49
2025-11-25 07:26:00,12,15,48
2025-11-25 07:21:00,11,15,50
2025-11-25 07:16:00,11,15,49
2025-11-25 07:11:00,11,15,42
2025-11-25 07:06:00,12,15,37
2025-11-25 07:01:00,12,15,27
2025-11-25 06:56:00,10,13,14
2025-11-25 06:51:00,9,13,23
2025-11-25 06:46:00,9,13,33
2025-11-25 06:41:00,9,13,26
2025-11-25 06:36:00,8,13,18
2025-11-25 06:31:00,9,13,19
2025-11-25 06:26:00,10,13,21
2025-11-25 06:21:00,10,13,29
2025-11-25 06:16:00,9,12,28
2025-11-25 06:11:00,10,12,23
2025-11-25 06:06:00,10,12,27
2025-11-25 06:01:00,9,12,28
2025-11-25 05:56:00,8,12,31
2025-11-25 05:51:00,8,12,30
2025-11-25 05:46:00,8,10,23
2025-11-25 05:41:00,8,10,17
2025-11-25 05:36:00,7,10,20
2025-11-25 05:31:00,7,10,26
2025-11-25 05:26:00,7,10,22
2025-11-25 05:21:00,7,12,24
2025-11-25 05:16:00,7,12,31
2025-11-25 05:11:00,8,12,26
2025-11-25 05:06:00,9,12,20
2025-11-25 05:01:00,9,11,17
2025-11-25 04:56:00,9,12,20
2025-11-25 04:51:00,9,12,30
2025-11-25 04:46:00,9,12,26
2025-11-25 04:41:00,8,13,18
2025-11-25 04:36:00,9,13,20
2025-11-25 04:31:00,10,13,22
2025-11-25 04:26:00,10,13,17
2025-11-25 04:21:00,9,12,12
2025-11-25 04:16:00,9,12,11
2025-11-25 04:11:00,9,12,5
2025-11-25 04:06:00,9,13,359
2025-11-25 04:01:00,9,13,359
2025-11-25 03:56:00,9,13,0
2025-11-25 03:51:00,10,13,358
2025-11-25 03:46:00,10,14,353
2025-11-25 03:41:00,11,14,351
2025-11-25 03:36:00,11,15,355
2025-11-25 03:31:00,11,15,358
2025-11-25 03:26:00,12,15,356
2025-11-25 03:21:00,12,16,354
2025-11-25 03:16:00,12,16,357
2025-11-25 03:11:00,12,16,358
2025-11-25 03:06:00,12,16,357
2025-11-25 03:01:00,13,17,2
2025-11-25 02:56:00,13,17,7
2025-11-25 02:51:00,13,19,7
2025-11-25 02:46:00,14,19,11
2025-11-25 02:41:00,14,19,11
2025-11-25 02:36:00,14,19,4
2025-11-25 02:31:00,13,17,0
2025-11-25 02:26:00,12,17,3
2025-11-25 02:21:00,10,15,7
2025-11-25 02:16:00,9,13,7
2025-11-25 02:11:00,9,13,14
2025-11-25 02:06:00,9,13,10
2025-11-25 02:01:00,8,12,4
2025-11-25 01:56:00,7,11,13
2025-11-25 01:51:00,8,12,12
2025-11-25 01:46:00,7,12,6
2025-11-25 01:41:00,8,12,7
2025-11-25 01:36:00,9,12,13
2025-11-25 01:31:00,8,12,18
2025-11-25 01:26:00,7,12,13
2025-11-25 01:21:00,7,11,12
2025-11-25 01:16:00,7,11,8
2025-11-25 01:11:00,8,11,15
2025-11-25 01:06:00,8,11,22
2025-11-25 01:01:00,8,12,23
2025-11-25 00:56:00,8,12,24
2025-11-25 00:51:00,8,12,16
2025-11-25 00:46:00,8,12,17
2025-11-25 00:41:00,8,12,22
2025-11-25 00:36:00,8,12,15
2025-11-25 00:31:00,9,12,7
2025-11-25 00:26:00,9,13,6
2025-11-25 00:21:00,10,13,13
2025-11-25 00:16:00,10,13,13
2025-11-25 00:11:00,9,14,7
2025-11-25 00:06:00,10,14,22
2025-11-25 00:01:00,11,14,21
2025-11-24 23:56:00,10,14,15
2025-11-24 23:51:00,11,16,13
2025-11-24 23:46:00,11,16,18
2025-11-24 23:41:00,12,16,21
2025-11-24 23:36:00,13,17,15
2025-11-24 23:31:00,13,17,15
2025-11-24 23:26:00,13,17,13
2025-11-24 23:21:00,12,17,8
2025-11-24 23:16:00,13,16,4
2025-11-24 23:11:00,13,16,2
2025-11-24 23:06:00,13,16,2
2025-11-24 23:01:00,13,17,0
2025-11-24 22:56:00,14,17,4
2025-11-24 22:51:00,14,18,5
2025-11-24 22:46:00,14,19,9
2025-11-24 22:41:00,14,19,11
2025-11-24 22:36:00,15,19,9
2025-11-24 22:31:00,14,19,7
2025-11-24 22:26:00,14,19,7
2025-11-24 22:21:00,15,19,9
2025-11-24 22:16:00,15,19,9
2025-11-24 22:11:00,14,19,11
2025-11-24 22:06:00,14,19,8
2025-11-24 22:01:00,13,19,13
2025-11-24 21:56:00,14,19,16
2025-11-24 21:51:00,14,19,16
2025-11-24 21:46:00,15,20,16
2025-11-24 21:41:00,16,20,18
2025-11-24 21:31:00,16,20,16
2025-11-24 21:26:00,14,19,16
2025-11-24 21:21:00,14,17,14
2025-11-24 21:16:00,14,17,13
2025-11-24 21:11:00,14,18,13
2025-11-24 21:06:00,14,18,13
2025-11-24 21:01:00,15,18,12
2025-11-24 20:56:00,15,18,12
2025-11-24 20:51:00,14,19,12
2025-11-24 20:46:00,14,19,9
2025-11-24 20:41:00,14,19,6
2025-11-24 20:36:00,14,19,6
2025-11-24 20:31:00,14,19,9
2025-11-24 20:26:00,15,19,6
2025-11-24 20:21:00,16,19,4
2025-11-24 20:16:00,16,21,4
2025-11-24 20:11:00,15,21,11
2025-11-24 20:06:00,15,21,11
2025-11-24 20:01:00,17,21,16
2025-11-24 19:56:00,17,21,16
2025-11-24 19:51:00,16,21,7
2025-11-24 19:46:00,16,21,7
2025-11-24 19:41:00,16,21,11
2025-11-24 19:36:00,16,21,11
2025-11-24 19:31:00,13,18,14
2025-11-24 19:26:00,13,18,14
2025-11-24 19:21:00,14,18,11
2025-11-24 19:16:00,14,18,11
2025-11-24 19:11:00,13,19,1
2025-11-24 19:06:00,14,19,1
2025-11-24 19:01:00,15,19,5
2025-11-24 18:56:00,15,19,5
2025-11-24 18:51:00,15,19,7
2025-11-24 18:46:00,15,19,7
2025-11-24 18:41:00,15,19,10
2025-11-24 18:36:00,15,19,10
2025-11-24 18:31:00,15,19,10
2025-11-24 18:26:00,15,19,10
2025-11-24 18:21:00,15,19,8
2025-11-24 18:16:00,15,19,8
2025-11-24 18:11:00,15,18,357
2025-11-24 18:06:00,15,18,357
2025-11-24 18:01:00,15,19,1
2025-11-24 17:56:00,15,19,1
2025-11-24 17:51:00,16,19,6
2025-11-24 17:46:00,16,19,6
2025-11-24 17:41:00,15,19,6
2025-11-24 17:36:00,15,19,6
2025-11-24 17:31:00,14,21,2
2025-11-24 17:26:00,14,21,2
2025-11-24 17:21:00,17,21,2
2025-11-24 17:16:00,17,21,2
2025-11-24 17:11:00,15,19,9
2025-11-24 17:06:00,15,19,9
2025-11-24 17:01:00,15,19,0
2025-11-24 16:56:00,15,19,0
2025-11-24 16:51:00,15,19,1
2025-11-24 16:46:00,15,19,1
2025-11-24 16:41:00,16,20,7
2025-11-24 16:36:00,16,20,7
2025-11-24 16:31:00,16,21,7
2025-11-24 16:26:00,16,21,7
2025-11-24 16:21:00,16,21,3
2025-11-24 16:16:00,16,21,3
2025-11-24 16:11:00,16,19,9
2025-11-24 16:06:00,16,19,9
2025-11-24 16:01:00,16,20,11
2025-11-24 15:56:00,16,20,11
2025-11-24 15:51:00,18,21,359
2025-11-24 15:46:00,18,21,359
2025-11-24 15:41:00,18,21,359
2025-11-24 15:36:00,18,21,359
2025-11-24 15:31:00,18,21,359
2025-11-24 15:26:00,18,21,359
2025-11-24 15:21:00,17,21,359
2025-11-24 15:16:00,17,21,359
2025-11-24 15:11:00,17,21,359
2025-11-24 15:06:00,17,21,359
2025-11-24 15:01:00,17,21,2
2025-11-24 14:56:00,16,21,0
2025-11-24 14:51:00,17,21,359
2025-11-24 14:46:00,17,21,359
2025-11-24 14:41:00,17,20,3
2025-11-24 14:36:00,17,20,359
2025-11-24 14:31:00,17,21,355
2025-11-24 14:26:00,16,21,355
2025-11-24 14:21:00,17,21,353
2025-11-24 14:16:00,16,20,358
2025-11-24 14:11:00,16,20,358
2025-11-24 14:06:00,15,18,1
2025-11-24 14:01:00,15,18,1
2025-11-24 13:56:00,15,17,0
2025-11-24 13:51:00,14,17,0
2025-11-24 13:46:00,13,18,354
2025-11-24 13:41:00,13,18,354
2025-11-24 13:36:00,14,18,357
2025-11-24 13:31:00,14,18,2
2025-11-24 13:26:00,13,16,3
2025-11-24 13:21:00,14,18,2
2025-11-24 13:16:00,14,18,0
2025-11-24 13:11:00,14,18,0
2025-11-24 13:06:00,15,19,359
2025-11-24 13:01:00,15,19,359
2025-11-24 12:56:00,15,19,2
2025-11-24 12:51:00,16,19,0
2025-11-24 12:46:00,16,18,357
2025-11-24 12:41:00,16,18,356
2025-11-24 12:36:00,15,18,1
2025-11-24 12:31:00,15,18,1
2025-11-24 12:21:00,15,20,0
2025-11-24 12:16:00,16,20,3
2025-11-24 12:11:00,16,20,3
2025-11-24 12:06:00,16,20,3
2025-11-24 12:01:00,15,19,1
2025-11-24 11:56:00,12,19,355
2025-11-24 11:51:00,12,14,345
2025-11-24 11:46:00,12,14,340
2025-11-24 11:41:00,12,14,342
2025-11-24 11:36:00,12,14,350
2025-11-24 11:31:00,11,16,351
2025-11-24 11:26:00,12,16,346
2025-11-24 11:21:00,12,16,343
2025-11-24 11:16:00,11,15,347
2025-11-24 11:11:00,11,15,347
2025-11-24 11:06:00,11,15,347
2025-11-24 11:01:00,11,16,344
2025-11-24 10:56:00,12,16,345
2025-11-24 10:51:00,13,16,346
2025-11-24 10:46:00,14,16,347
2025-11-24 10:41:00,14,16,347
2025-11-24 10:36:00,14,16,346
2025-11-24 10:31:00,13,17,349
2025-11-24 10:26:00,13,17,349
2025-11-24 10:21:00,14,17,348
2025-11-24 10:16:00,15,17,350
2025-11-24 10:11:00,15,17,353
2025-11-24 10:06:00,15,17,354
2025-11-24 10:01:00,15,17,350
2025-11-24 09:56:00,15,18,349
2025-11-24 09:51:00,15,18,350
2025-11-24 09:46:00,15,18,351
2025-11-24 09:41:00,15,18,352
2025-11-24 09:36:00,15,18,351
2025-11-24 09:31:00,15,18,351
2025-11-24 09:26:00,15,18,354
2025-11-24 09:21:00,15,18,355
2025-11-24 09:16:00,15,18,354
2025-11-24 09:11:00,15,18,353
2025-11-24 09:06:00,15,18,358
2025-11-24 09:01:00,15,18,359
2025-11-24 08:56:00,14,17,359
2025-11-24 08:51:00,15,17,0
2025-11-24 08:46:00,15,17,0
2025-11-24 08:41:00,15,17,2
2025-11-24 08:36:00,14,17,2
2025-11-24 08:31:00,13,16,1
2025-11-24 08:26:00,12,16,2
2025-11-24 08:21:00,12,16,0
2025-11-24 08:16:00,12,14,356
2025-11-24 08:11:00,11,13,352
2025-11-24 08:06:00,11,13,352
2025-11-24 08:01:00,11,13,351
2025-11-24 07:56:00,10,13,349
2025-11-24 07:51:00,11,13,349
2025-11-24 07:46:00,11,13,347
2025-11-24 07:41:00,10,12,343
2025-11-24 07:36:00,10,12,337
2025-11-24 07:31:00,10,12,335
2025-11-24 07:26:00,10,13,338
2025-11-24 07:21:00,10,13,339
2025-11-24 07:16:00,11,13,332
2025-11-24 07:11:00,11,13,321
2025-11-24 07:06:00,11,13,314
2025-11-24 07:01:00,11,13,313
2025-11-24 06:56:00,11,13,314
2025-11-24 06:51:00,9,14,312
2025-11-24 06:46:00,9,14,309
2025-11-24 06:41:00,11,14,311
2025-11-24 06:36:00,11,14,314
2025-11-24 06:31:00,11,13,311
2025-11-24 06:26:00,12,13,309
2025-11-24 06:21:00,11,13,311
2025-11-24 06:16:00,10,13,312
2025-11-24 06:11:00,10,13,310
2025-11-24 06:06:00,10,13,308
2025-11-24 06:01:00,11,13,306
2025-11-24 05:56:00,12,14,306
2025-11-24 05:51:00,12,15,308
2025-11-24 05:46:00,12,15,305
2025-11-24 05:41:00,12,15,304
2025-11-24 05:36:00,12,19,307
2025-11-24 05:31:00,12,19,308
2025-11-24 05:26:00,12,19,307
2025-11-24 05:21:00,13,19,298
2025-11-24 05:16:00,15,20,293
2025-11-24 05:11:00,16,22,295
2025-11-24 05:06:00,17,23,297
2025-11-24 05:01:00,19,23,295
2025-11-24 04:56:00,19,23,288
2025-11-24 04:51:00,19,23,283
2025-11-24 04:46:00,19,23,281
2025-11-24 04:41:00,19,23,277
2025-11-24 04:36:00,17,21,278
2025-11-24 04:31:00,17,21,279
2025-11-24 04:26:00,16,21,278
2025-11-24 04:21:00,16,21,274
2025-11-24 04:16:00,16,21,273
2025-11-24 04:11:00,16,21,276
2025-11-24 04:06:00,16,19,277
2025-11-24 04:01:00,15,20,276
2025-11-24 03:56:00,15,21,273
2025-11-24 03:51:00,16,21,271
2025-11-24 03:46:00,17,21,269
2025-11-24 03:41:00,17,22,267
2025-11-24 03:36:00,17,22,265
2025-11-24 03:31:00,19,22,262
2025-11-24 03:26:00,19,22,260
2025-11-24 03:21:00,18,22,257
2025-11-24 03:16:00,17,20,252
2025-11-24 03:11:00,16,20,248
2025-11-24 03:06:00,16,20,247
2025-11-24 03:01:00,16,20,246
2025-11-24 02:56:00,16,20,246
2025-11-24 02:51:00,16,20,248
2025-11-24 02:46:00,16,20,252
2025-11-24 02:41:00,16,19,257
2025-11-24 02:36:00,15,19,256
2025-11-24 02:31:00,15,18,254
2025-11-24 02:26:00,14,18,254
2025-11-24 02:21:00,14,17,251
2025-11-24 02:16:00,13,16,249
2025-11-24 02:11:00,13,16,249
2025-11-24 02:06:00,13,16,248
2025-11-24 02:01:00,13,16,247
2025-11-24 01:56:00,13,16,250
2025-11-24 01:51:00,13,16,250
2025-11-24 01:46:00,13,16,247
2025-11-24 01:41:00,13,17,244
2025-11-24 01:36:00,14,17,243
2025-11-24 01:31:00,13,17,244
2025-11-24 01:26:00,13,17,248
2025-11-24 01:21:00,13,16,251
2025-11-24 01:16:00,13,16,252
2025-11-24 01:11:00,13,16,248
2025-11-24 01:06:00,13,16,241
2025-11-24 01:01:00,12,16,235
2025-11-24 00:56:00,12,15,233
2025-11-24 00:51:00,11,15,234
2025-11-24 00:46:00,10,14,233
2025-11-24 00:41:00,10,12,238
2025-11-24 00:36:00,10,12,244
2025-11-24 00:31:00,10,12,244
2025-11-24 00:26:00,11,12,244
2025-11-24 00:21:00,11,12,247
2025-11-24 00:16:00,10,12,251
2025-11-24 00:11:00,9,11,251
2025-11-24 00:06:00,8,11,249
2025-11-23 23:56:00,9,11,260
2025-11-23 23:51:00,9,12,261
2025-11-23 23:46:00,9,12,252
2025-11-23 23:41:00,9,15,249
2025-11-23 23:36:00,10,18,249
2025-11-23 23:31:00,12,19,248
2025-11-23 23:26:00,14,19,243
2025-11-23 23:21:00,15,19,235
2025-11-23 23:16:00,14,19,229
2025-11-23 23:11:00,11,16,230
2025-11-23 23:06:00,12,15,234
2025-11-23 23:01:00,13,15,237
2025-11-23 22:56:00,12,18,241
2025-11-23 22:51:00,12,18,241
2025-11-23 22:46:00,13,18,245
2025-11-23 22:41:00,11,18,242
2025-11-23 22:36:00,10,15,222
2025-11-23 22:31:00,9,15,208
2025-11-23 22:26:00,8,15,195
2025-11-23 22:21:00,10,15,195
2025-11-23 22:16:00,11,15,208
2025-11-23 22:11:00,10,14,237
2025-11-23 22:06:00,12,15,252
2025-11-23 22:01:00,12,15,261
2025-11-23 21:56:00,11,16,269
2025-11-23 21:51:00,12,16,272
2025-11-23 21:46:00,13,16,272
2025-11-23 21:41:00,14,16,272
2025-11-23 21:36:00,13,16,273
2025-11-23 21:31:00,13,16,273
2025-11-23 21:26:00,13,16,272
2025-11-23 21:21:00,13,16,273
2025-11-23 21:16:00,13,16,272
2025-11-23 21:11:00,12,15,270
2025-11-23 21:06:00,12,15,270
2025-11-23 21:01:00,12,15,270
2025-11-23 20:56:00,12,15,268
2025-11-23 20:51:00,11,15,268
2025-11-23 20:46:00,12,15,270
2025-11-23 20:41:00,12,16,270
2025-11-23 20:36:00,12,16,268
2025-11-23 20:31:00,12,17,267
2025-11-23 20:26:00,13,18,266
2025-11-23 20:21:00,13,18,266
2025-11-23 20:16:00,15,19,268
2025-11-23 20:11:00,16,19,268
2025-11-23 20:06:00,16,19,267
2025-11-23 20:01:00,15,19,266
2025-11-23 19:56:00,13,18,266
2025-11-23 19:51:00,13,16,267
2025-11-23 19:46:00,13,16,270
2025-11-23 19:41:00,12,16,272
2025-11-23 19:36:00,12,16,274
2025-11-23 19:31:00,13,16,275
2025-11-23 19:26:00,13,16,274
2025-11-23 19:21:00,13,16,271
2025-11-23 19:16:00,13,16,270
2025-11-23 19:11:00,13,16,270
2025-11-23 19:06:00,13,17,271
2025-11-23 19:01:00,13,17,271
2025-11-23 18:56:00,13,17,270
2025-11-23 18:51:00,14,18,268
2025-11-23 18:46:00,14,18,270
2025-11-23 18:41:00,15,18,270
2025-11-23 18:36:00,15,18,267
2025-11-23 18:31:00,14,19,266
2025-11-23 18:26:00,15,20,266
2025-11-23 18:21:00,16,20,262
2025-11-23 18:16:00,17,20,262
2025-11-23 18:11:00,16,20,264
2025-11-23 18:06:00,16,21,263
2025-11-23 18:01:00,17,21,263
2025-11-23 17:56:00,17,21,263
2025-11-23 17:51:00,15,21,263
2025-11-23 17:46:00,15,20,263
2025-11-23 17:41:00,16,20,264
2025-11-23 17:36:00,17,22,263
2025-11-23 17:31:00,17,22,260
2025-11-23 17:26:00,17,22,260
2025-11-23 17:21:00,17,22,260
2025-11-23 17:16:00,18,23,258
2025-11-23 17:11:00,18,23,256
2025-11-23 17:06:00,19,23,257
2025-11-23 17:01:00,19,23,256
2025-11-23 16:56:00,18,23,256
2025-11-23 16:51:00,19,24,256
2025-11-23 16:46:00,19,24,257
2025-11-23 16:41:00,20,24,258
2025-11-23 16:36:00,20,24,256
2025-11-23 16:31:00,20,24,254
2025-11-23 16:26:00,20,24,252
2025-11-23 16:21:00,20,24,249
2025-11-23 16:16:00,19,23,248
2025-11-23 16:11:00,19,22,244
2025-11-23 16:06:00,17,21,242
2025-11-23 16:01:00,17,19,243
2025-11-23 15:56:00,16,20,243
2025-11-23 15:51:00,16,20,244
2025-11-23 15:46:00,16,21,245
2025-11-23 15:41:00,16,21,247
2025-11-23 15:36:00,17,21,251
2025-11-23 15:31:00,18,21,253
2025-11-23 15:26:00,18,22,255
2025-11-23 15:21:00,17,22,258
2025-11-23 15:16:00,17,22,261
2025-11-23 15:11:00,18,22,261
2025-11-23 15:06:00,18,23,259
2025-11-23 15:01:00,18,23,259
2025-11-23 14:56:00,18,23,260
2025-11-23 14:51:00,18,23,259
2025-11-23 14:46:00,18,22,259
2025-11-23 14:41:00,18,22,258
2025-11-23 14:36:00,18,22,257
2025-11-23 14:31:00,18,22,257
2025-11-23 14:26:00,19,22,258
2025-11-23 14:21:00,18,22,256
2025-11-23 14:16:00,17,21,251
2025-11-23 14:11:00,18,21,250
2025-11-23 14:06:00,17,21,250
2025-11-23 14:01:00,17,20,248
2025-11-23 13:56:00,17,20,247
2025-11-23 13:51:00,17,20,244
2025-11-23 13:46:00,17,21,246
2025-11-23 13:41:00,17,21,250
2025-11-23 13:36:00,18,21,250
2025-11-23 13:31:00,18,21,250
2025-11-23 13:26:00,18,21,247
2025-11-23 13:21:00,17,22,246
2025-11-23 13:16:00,18,22,248
2025-11-23 13:11:00,18,22,249
2025-11-23 13:06:00,18,22,250
2025-11-23 13:01:00,18,22,250
2025-11-23 12:56:00,18,22,247
2025-11-23 12:51:00,19,22,245
2025-11-23 12:46:00,18,22,246
2025-11-23 12:41:00,18,22,248
2025-11-23 12:36:00,19,22,251
2025-11-23 12:31:00,18,22,250
2025-11-23 12:26:00,18,22,248
2025-11-23 12:21:00,18,22,248
2025-11-23 12:16:00,18,22,250
2025-11-23 12:11:00,18,22,254
2025-11-23 12:06:00,18,22,252
2025-11-23 12:01:00,18,22,250
2025-11-23 11:56:00,18,21,250
2025-11-23 11:51:00,17,21,252
2025-11-23 11:46:00,16,21,253
2025-11-23 11:41:00,17,21,253
2025-11-23 11:36:00,17,21,254
2025-11-23 11:31:00,18,22,252
2025-11-23 11:26:00,17,22,251
2025-11-23 11:21:00,17,22,253
2025-11-23 11:16:00,18,22,254
2025-11-23 11:11:00,17,21,253
2025-11-23 11:06:00,17,21,256
2025-11-23 11:01:00,17,21,257
2025-11-23 10:56:00,17,21,256
2025-11-23 10:51:00,17,21,256
2025-11-23 10:46:00,17,21,257
2025-11-23 10:41:00,17,21,255
2025-11-23 10:36:00,17,21,251
2025-11-23 10:31:00,17,22,247
2025-11-23 10:26:00,17,22,245
2025-11-23 10:21:00,17,22,244
2025-11-23 10:16:00,16,22,243
2025-11-23 10:11:00,16,21,242
2025-11-23 10:06:00,17,21,239
2025-11-23 10:01:00,18,21,238
2025-11-23 09:56:00,17,21,236
2025-11-23 09:51:00,17,21,235
2025-11-23 09:46:00,17,21,236
2025-11-23 09:41:00,17,21,237
2025-11-23 09:36:00,18,22,239
2025-11-23 09:31:00,17,22,237
2025-11-23 09:26:00,17,22,234
2025-11-23 09:21:00,18,22,234
2025-11-23 09:16:00,18,22,238
2025-11-23 09:11:00,18,22,246
2025-11-23 09:06:00,17,21,249
2025-11-23 09:01:00,17,21,249
2025-11-23 08:56:00,18,22,252
2025-11-23 08:51:00,18,22,252
2025-11-23 08:46:00,18,22,252
2025-11-23 08:41:00,18,22,252
2025-11-23 08:36:00,18,22,252
2025-11-23 08:31:00,18,22,252
2025-11-23 08:26:00,18,22,252
2025-11-23 08:21:00,18,22,252
2025-11-23 08:16:00,18,22,253
2025-11-23 08:11:00,18,23,257
2025-11-23 08:06:00,18,23,261
2025-11-23 08:01:00,18,23,261
2025-11-23 07:56:00,18,23,259
2025-11-23 07:51:00,18,23,259
2025-11-23 07:46:00,18,22,260
2025-11-23 07:41:00,18,23,259
2025-11-23 07:36:00,19,23,258
2025-11-23 07:31:00,19,23,260
2025-11-23 07:26:00,20,23,262
2025-11-23 07:21:00,19,22,261
2025-11-23 07:16:00,17,22,258
2025-11-23 07:11:00,18,22,258
2025-11-23 07:06:00,19,22,259
2025-11-23 07:01:00,18,22,259
2025-11-23 06:56:00,18,22,258
2025-11-23 06:51:00,18,22,256
2025-11-23 06:46:00,18,22,254
2025-11-23 06:41:00,19,22,253
2025-11-23 06:36:00,18,22,252
2025-11-23 06:31:00,18,22,253
2025-11-23 06:26:00,18,22,254
2025-11-23 06:21:00,18,22,253
2025-11-23 06:16:00,18,21,255
2025-11-23 06:11:00,18,21,255
2025-11-23 06:06:00,19,21,252
2025-11-23 06:01:00,18,21,251
2025-11-23 05:56:00,18,20,252
2025-11-23 05:51:00,17,21,253
2025-11-23 05:46:00,16,21,251
2025-11-23 05:41:00,17,21,251
2025-11-23 05:36:00,18,21,251
2025-11-23 05:31:00,18,21,250
2025-11-23 05:26:00,17,21,249
2025-11-23 05:21:00,17,21,249
2025-11-23 05:16:00,18,21,250
2025-11-23 05:11:00,18,21,250
2025-11-23 05:06:00,17,21,251
2025-11-23 05:01:00,17,21,253
2025-11-23 04:56:00,17,21,252
2025-11-23 04:51:00,17,20,252
2025-11-23 04:46:00,17,20,252
2025-11-23 04:41:00,17,20,254
2025-11-23 04:36:00,17,20,257
2025-11-23 04:31:00,17,20,259
2025-11-23 04:26:00,16,20,258
2025-11-23 04:21:00,16,20,256
2025-11-23 04:16:00,17,20,258
2025-11-23 04:11:00,16,20,257
2025-11-23 04:06:00,16,19,255
2025-11-23 04:01:00,16,19,253
2025-11-23 03:56:00,16,21,253
2025-11-23 03:51:00,17,21,255
2025-11-23 03:46:00,17,21,253
2025-11-23 03:41:00,17,21,250
2025-11-23 03:36:00,16,20,251
2025-11-23 03:31:00,16,20,254
2025-11-23 03:26:00,16,20,255
2025-11-23 03:21:00,17,20,258
2025-11-23 03:16:00,17,20,258
2025-11-23 03:11:00,17,20,260
2025-11-23 03:06:00,17,20,264
2025-11-23 03:01:00,18,20,265
2025-11-23 02:56:00,17,20,261
2025-11-23 02:51:00,16,20,256
2025-11-23 02:46:00,16,20,256
2025-11-23 02:41:00,16,20,259
2025-11-23 02:36:00,16,20,259
2025-11-23 02:31:00,16,19,257
2025-11-23 02:26:00,16,20,259
2025-11-23 02:21:00,17,20,261
2025-11-23 02:16:00,17,20,262
2025-11-23 02:11:00,16,20,263
2025-11-23 02:06:00,15,19,267
2025-11-23 02:01:00,15,19,266
2025-11-23 01:56:00,16,19,262
2025-11-23 01:51:00,15,19,260
2025-11-23 01:46:00,15,20,263
2025-11-23 01:41:00,15,20,262
2025-11-23 01:36:00,16,20,260
2025-11-23 01:31:00,16,20,263
2025-11-23 01:26:00,15,19,265
2025-11-23 01:21:00,16,20,264
2025-11-23 01:16:00,16,20,264
2025-11-23 01:11:00,17,20,266
2025-11-23 01:06:00,17,20,266
2025-11-23 01:01:00,16,19,264
2025-11-23 00:56:00,14,18,260
2025-11-23 00:51:00,14,18,257
2025-11-23 00:46:00,14,18,258
2025-11-23 00:41:00,15,18,257
2025-11-23 00:36:00,14,19,256
2025-11-23 00:31:00,14,19,259
2025-11-23 00:26:00,15,19,260
2025-11-23 00:21:00,15,19,257
2025-11-23 00:16:00,16,18,257
2025-11-23 00:11:00,16,18,260
2025-11-23 00:06:00,15,18,261
2025-11-23 00:01:00,15,18,259
2025-11-22 23:56:00,15,18,257
2025-11-22 23:51:00,15,18,254
2025-11-22 23:46:00,15,18,256
2025-11-22 23:41:00,15,18,262
2025-11-22 23:36:00,16,18,262
2025-11-22 23:31:00,15,18,261
2025-11-22 23:26:00,15,18,261
2025-11-22 23:21:00,15,18,260
2025-11-22 23:16:00,15,18,260
2025-11-22 23:11:00,15,18,256
2025-11-22 23:06:00,15,18,257
2025-11-22 23:01:00,14,17,257
2025-11-22 22:56:00,15,17,255
2025-11-22 22:51:00,15,17,255
2025-11-22 22:46:00,14,17,256
2025-11-22 22:41:00,14,17,257
2025-11-22 22:36:00,14,17,254
2025-11-22 22:31:00,13,16,254
2025-11-22 22:26:00,13,16,257
2025-11-22 22:21:00,13,16,261
2025-11-22 22:16:00,13,16,264
2025-11-22 22:11:00,13,16,265
2025-11-22 22:06:00,12,16,267
2025-11-22 22:01:00,12,15,269
2025-11-22 21:56:00,12,15,270
2025-11-22 21:51:00,12,17,272
2025-11-22 21:46:00,12,17,273
2025-11-22 21:41:00,13,17,273
2025-11-22 21:36:00,13,17,276
2025-11-22 21:31:00,13,16,278
2025-11-22 21:26:00,13,17,279
2025-11-22 21:21:00,13,17,277
2025-11-22 21:16:00,14,17,277
2025-11-22 21:11:00,14,17,274
2025-11-22 21:06:00,13,16,274
2025-11-22 21:01:00,13,16,274
2025-11-22 20:56:00,13,16,275
2025-11-22 20:51:00,13,16,274
2025-11-22 20:46:00,13,16,277
2025-11-22 20:41:00,13,16,280
2025-11-22 20:36:00,12,16,275
2025-11-22 20:31:00,12,16,273
2025-11-22 20:26:00,12,16,279
2025-11-22 20:21:00,12,16,281
2025-11-22 20:16:00,12,16,280
2025-11-22 20:11:00,13,16,279
2025-11-22 20:06:00,13,16,281
2025-11-22 20:01:00,13,16,285
2025-11-22 19:56:00,13,16,285
2025-11-22 19:51:00,13,16,285
2025-11-22 19:46:00,13,17,281
2025-11-22 19:41:00,13,17,281
2025-11-22 19:36:00,14,18,282
2025-11-22 19:31:00,14,18,282
2025-11-22 19:26:00,14,18,285
2025-11-22 19:21:00,14,18,285
2025-11-22 19:16:00,15,18,282
2025-11-22 19:11:00,15,18,282
2025-11-22 19:06:00,14,18,284
2025-11-22 19:01:00,14,18,284
2025-11-22 18:56:00,14,18,283
2025-11-22 18:51:00,15,18,281
2025-11-22 18:46:00,16,18,278
2025-11-22 18:41:00,16,18,278
2025-11-22 18:36:00,14,18,282
2025-11-22 18:31:00,14,18,282
2025-11-22 18:26:00,15,17,280
2025-11-22 18:21:00,15,17,280
2025-11-22 18:16:00,14,17,280
2025-11-22 18:11:00,14,17,280
2025-11-22 18:06:00,14,17,277
2025-11-22 18:01:00,14,17,277
2025-11-22 17:56:00,14,18,276
2025-11-22 17:51:00,14,18,274
2025-11-22 17:46:00,15,19,276
2025-11-22 17:41:00,15,20,281
2025-11-22 17:36:00,16,20,283
2025-11-22 17:31:00,17,20,284
2025-11-22 17:26:00,17,21,284
2025-11-22 17:21:00,17,21,284
2025-11-22 17:16:00,17,21,282
2025-11-22 17:11:00,17,21,282
2025-11-22 17:06:00,16,21,285
2025-11-22 17:01:00,16,21,285
2025-11-22 16:56:00,17,21,280
2025-11-22 16:51:00,17,21,280
2025-11-22 16:46:00,18,21,278
2025-11-22 16:41:00,17,20,281
2025-11-22 16:36:00,17,20,280
2025-11-22 16:31:00,17,20,279
2025-11-22 16:26:00,17,21,283
2025-11-22 16:21:00,17,21,283
2025-11-22 16:16:00,18,22,282
2025-11-22 16:11:00,18,22,282
2025-11-22 16:06:00,18,22,280
2025-11-22 16:01:00,18,22,280
2025-11-22 15:56:00,18,22,278
2025-11-22 15:51:00,18,22,278
2025-11-22 15:46:00,18,22,277
2025-11-22 15:41:00,18,22,277
2025-11-22 15:36:00,18,22,279
2025-11-22 15:31:00,18,22,279
2025-11-22 15:21:00,17,22,277
2025-11-22 15:16:00,17,21,277
2025-11-22 15:11:00,17,21,277
2025-11-22 15:06:00,17,21,277
2025-11-22 15:01:00,17,21,277
2025-11-22 14:56:00,16,20,273
2025-11-22 14:51:00,16,20,273
2025-11-22 14:46:00,15,19,275
2025-11-22 14:41:00,14,18,271
2025-11-22 14:36:00,13,17,245
2025-11-22 14:31:00,13,17,245
2025-11-22 14:26:00,15,17,243
2025-11-22 14:21:00,15,17,243
2025-11-22 14:16:00,15,17,243
2025-11-22 14:11:00,14,17,238
2025-11-22 14:06:00,13,16,221
2025-11-22 14:01:00,13,16,221
2025-11-22 13:56:00,13,16,221
2025-11-22 13:51:00,13,16,221
2025-11-22 13:46:00,12,16,219
2025-11-22 13:41:00,12,16,219
2025-11-22 13:36:00,12,14,220
2025-11-22 13:31:00,12,14,220
2025-11-22 13:26:00,12,15,222
2025-11-22 13:21:00,12,15,222
2025-11-22 13:16:00,12,15,225
2025-11-22 13:11:00,12,15,225
2025-11-22 13:06:00,12,15,221
2025-11-22 13:01:00,12,15,221
2025-11-22 12:56:00,12,15,226
2025-11-22 12:51:00,12,15,226
2025-11-22 12:46:00,12,14,225
2025-11-22 12:41:00,12,14,222
2025-11-22 12:36:00,12,14,221
2025-11-22 12:31:00,12,14,221
2025-11-22 12:26:00,11,14,220
2025-11-22 12:21:00,11,14,220
2025-11-22 12:16:00,11,13,222
2025-11-22 12:11:00,11,13,223
2025-11-22 12:06:00,11,13,224
2025-11-22 12:01:00,11,13,223
2025-11-22 11:56:00,10,13,220
2025-11-22 11:51:00,10,13,221
2025-11-22 11:46:00,11,13,226
2025-11-22 11:41:00,11,13,230
2025-11-22 11:36:00,11,13,225
2025-11-22 11:31:00,11,13,226
2025-11-22 11:26:00,11,13,226
2025-11-22 11:21:00,11,13,221
2025-11-22 11:16:00,10,12,221
2025-11-22 11:11:00,9,11,222
2025-11-22 11:06:00,9,11,224
2025-11-22 11:01:00,10,11,225
2025-11-22 10:56:00,9,12,223
2025-11-22 10:51:00,9,12,220
2025-11-22 10:46:00,10,12,218
2025-11-22 10:41:00,10,12,219
2025-11-22 10:36:00,10,12,224
2025-11-22 10:31:00,11,14,227
2025-11-22 10:26:00,11,14,224
2025-11-22 10:21:00,10,14,220
2025-11-22 10:16:00,10,12,219
2025-11-22 10:11:00,10,12,219
2025-11-22 10:06:00,9,12,222
2025-11-22 10:01:00,8,12,227
2025-11-22 09:56:00,8,12,227
2025-11-22 09:51:00,9,12,230
2025-11-22 09:46:00,9,12,233
2025-11-22 09:41:00,9,12,235
2025-11-22 09:36:00,10,12,232
2025-11-22 09:31:00,9,12,229
2025-11-22 09:26:00,10,12,228
2025-11-22 09:21:00,9,11,222
2025-11-22 09:16:00,9,11,218
2025-11-22 09:11:00,9,11,216
2025-11-22 09:06:00,9,11,211
2025-11-22 09:01:00,9,10,207
2025-11-22 08:56:00,9,10,207
2025-11-22 08:51:00,8,10,212
2025-11-22 08:46:00,8,10,217
2025-11-22 08:41:00,8,10,221
2025-11-22 08:36:00,8,10,222
2025-11-22 08:31:00,9,10,217
2025-11-22 08:26:00,8,10,213
2025-11-22 08:21:00,8,10,210
2025-11-22 08:16:00,8,10,207
2025-11-22 08:11:00,7,9,209
2025-11-22 08:06:00,6,8,212
2025-11-22 08:01:00,7,8,214
2025-11-22 07:56:00,7,9,219
2025-11-22 07:51:00,7,9,220
2025-11-22 07:46:00,7,9,223
2025-11-22 07:41:00,7,9,227
2025-11-22 07:36:00,7,9,226
2025-11-22 07:31:00,7,9,225
2025-11-22 07:26:00,6,9,222
2025-11-22 07:21:00,5,7,212
2025-11-22 07:16:00,5,7,209
2025-11-22 07:11:00,5,6,203
2025-11-22 07:06:00,5,6,193
2025-11-22 07:01:00,4,6,193
2025-11-22 06:56:00,4,6,203
2025-11-22 06:51:00,5,6,208
2025-11-22 06:46:00,5,6,206
2025-11-22 06:41:00,5,7,205
2025-11-22 06:36:00,5,7,206
2025-11-22 06:31:00,5,7,209
2025-11-22 06:26:00,5,7,211
2025-11-22 06:21:00,5,7,209
2025-11-22 06:16:00,5,7,210
2025-11-22 06:11:00,6,7,210
2025-11-22 06:06:00,6,8,199
2025-11-22 06:01:00,6,8,199
2025-11-22 05:56:00,6,8,202
2025-11-22 05:51:00,6,8,204
2025-11-22 05:46:00,6,8,202
2025-11-22 05:41:00,6,8,202
2025-11-22 05:36:00,7,8,199
2025-11-22 05:31:00,6,8,195
2025-11-22 05:26:00,6,8,190
2025-11-22 05:21:00,6,7,188
2025-11-22 05:16:00,6,7,190
2025-11-22 05:11:00,6,7,190
2025-11-22 05:06:00,5,7,186
2025-11-22 05:01:00,5,7,184
2025-11-22 04:56:00,5,7,182
2025-11-22 04:51:00,5,7,179
2025-11-22 04:46:00,4,6,174
2025-11-22 04:41:00,5,6,168
2025-11-22 04:36:00,5,6,168
2025-11-22 04:31:00,4,5,172
2025-11-22 04:26:00,4,5,176
2025-11-22 04:21:00,4,5,176
2025-11-22 04:16:00,4,5,166
2025-11-22 04:11:00,4,5,159
2025-11-22 04:06:00,4,5,149
2025-11-22 04:01:00,4,5,135
2025-11-22 03:56:00,4,5,130
2025-11-22 03:51:00,4,5,124
2025-11-22 03:46:00,3,5,115
2025-11-22 03:41:00,3,6,104
2025-11-22 03:36:00,4,6,97
2025-11-22 03:31:00,5,8,102
2025-11-22 03:26:00,5,8,107
2025-11-22 03:21:00,6,8,108
2025-11-22 03:16:00,6,8,105
2025-11-22 03:11:00,6,8,100
2025-11-22 03:06:00,6,8,100
2025-11-22 03:01:00,6,8,98
2025-11-22 02:56:00,6,8,95
2025-11-22 02:51:00,5,8,97
2025-11-22 02:46:00,6,9,94
2025-11-22 02:41:00,6,9,88
2025-11-22 02:36:00,7,9,88
2025-11-22 02:31:00,7,9,88
2025-11-22 02:26:00,7,9,88
2025-11-22 02:21:00,7,8,87
2025-11-22 02:16:00,6,8,80
2025-11-22 02:11:00,7,8,77
2025-11-22 02:06:00,7,8,81
2025-11-22 02:01:00,7,9,78
2025-11-22 01:56:00,7,10,76
2025-11-22 01:51:00,7,10,76
2025-11-22 01:46:00,8,10,75
2025-11-22 01:41:00,9,10,76
2025-11-22 01:36:00,8,10,77
2025-11-22 01:31:00,8,10,75
2025-11-22 01:26:00,9,10,71
2025-11-22 01:21:00,8,10,69
2025-11-22 01:16:00,6,10,73
2025-11-22 01:11:00,4,6,80
2025-11-22 01:06:00,4,6,77
2025-11-22 01:01:00,5,7,75
2025-11-22 00:56:00,5,7,70
2025-11-22 00:51:00,6,7,62
2025-11-22 00:46:00,6,7,61
2025-11-22 00:41:00,5,6,65
2025-11-22 00:36:00,5,6,67
2025-11-22 00:31:00,5,6,71
2025-11-22 00:26:00,5,6,78
2025-11-22 00:21:00,4,6,83
2025-11-22 00:16:00,3,4,81
2025-11-22 00:11:00,2,4,73
2025-11-22 00:06:00,2,4,60
2025-11-22 00:01:00,2,5,53
2025-11-21 23:56:00,3,6,57
2025-11-21 23:51:00,4,7,69
2025-11-21 23:46:00,5,7,81
2025-11-21 23:41:00,6,7,85
2025-11-21 23:36:00,6,8,87
2025-11-21 23:31:00,6,8,90
2025-11-21 23:26:00,6,8,89
2025-11-21 23:21:00,7,9,87
2025-11-21 23:16:00,7,9,83
2025-11-21 23:11:00,7,9,73
2025-11-21 23:06:00,7,10,61
2025-11-21 23:01:00,7,10,54
2025-11-21 22:56:00,8,10,55
2025-11-21 22:51:00,8,10,67
2025-11-21 22:46:00,8,10,81
2025-11-21 22:41:00,8,10,77
2025-11-21 22:36:00,7,10,60
2025-11-21 22:31:00,4,10,58
2025-11-21 22:26:00,3,8,151
2025-11-21 22:21:00,5,8,145
2025-11-21 22:16:00,6,9,127
2025-11-21 22:11:00,6,9,126
2025-11-21 22:06:00,7,9,147
2025-11-21 22:01:00,6,9,172
2025-11-21 21:56:00,5,9,210
2025-11-21 21:51:00,4,9,210
2025-11-21 21:46:00,3,9,126
2025-11-21 21:41:00,3,7,86
2025-11-21 21:36:00,5,8,105
2025-11-21 21:31:00,6,8,104
2025-11-21 21:26:00,6,8,104
2025-11-21 21:21:00,6,8,112
2025-11-21 21:16:00,6,8,113
2025-11-21 21:11:00,6,7,108
2025-11-21 21:06:00,5,7,103
2025-11-21 21:01:00,5,7,99
2025-11-21 20:53:00,5,7,88
2025-11-21 15:06:00,11,20,304
2025-11-21 15:01:00,11,20,306
2025-11-21 14:56:00,10,20,295
2025-11-21 14:51:00,11,20,286
2025-11-21 14:46:00,12,20,289
2025-11-21 14:41:00,11,20,292
2025-11-21 14:36:00,11,20,292
2025-11-21 14:31:00,11,20,291
2025-11-21 14:26:00,11,20,287
2025-11-21 14:21:00,11,20,282
2025-11-21 14:16:00,11,20,278
2025-11-21 14:11:00,12,20,275
2025-11-21 14:06:00,11,20,280
2025-11-21 14:01:00,11,20,282
2025-11-21 13:56:00,11,20,281
2025-11-21 13:51:00,12,20,278
2025-11-21 13:46:00,12,20,277
2025-11-21 13:41:00,12,20,279
2025-11-21 13:36:00,12,20,282
2025-11-21 13:31:00,12,20,284
2025-11-21 13:26:00,11,20,287
2025-11-21 13:21:00,11,20,295
2025-11-21 13:16:00,11,20,300
2025-11-21 13:11:00,11,20,301
2025-11-21 13:06:00,10,20,301
2025-11-21 13:01:00,10,20,300
2025-11-21 12:56:00,10,20,296
2025-11-21 12:51:00,10,20,283
2025-11-21 12:46:00,9,20,269
2025-11-21 12:41:00,9,20,264
2025-11-21 12:36:00,10,20,260
2025-11-21 12:31:00,12,20,256
2025-11-21 12:26:00,12,20,251
2025-11-21 12:21:00,13,20,249
2025-11-21 12:16:00,14,20,259
2025-11-21 12:11:00,14,20,265
2025-11-21 12:06:00,11,20,273
2025-11-21 12:01:00,9,20,296
2025-11-21 11:56:00,10,20,300
2025-11-21 11:51:00,11,20,294
2025-11-21 11:46:00,14,20,298
2025-11-21 11:41:00,17,20,308
2025-11-21 11:36:00,19,20,314
2025-11-21 11:31:00,19,19,317
2025-11-21 11:26:00,16,16,312
2025-11-21 11:21:00,12,12,292
2025-11-21 11:16:00,10,12,279
2025-11-21 11:11:00,10,12,271
2025-11-21 11:06:00,11,12,267
2025-11-21 11:01:00,11,12,270
2025-11-21 10:56:00,10,12,269
2025-11-21 10:51:00,10,12,267
2025-11-21 10:46:00,10,12,266
2025-11-21 10:41:00,10,12,263
2025-11-21 10:36:00,10,12,262
2025-11-21 10:31:00,10,12,263
2025-11-21 10:26:00,10,12,262
2025-11-21 10:21:00,10,12,263
2025-11-21 10:16:00,10,12,270
2025-11-21 10:11:00,10,12,272
2025-11-21 10:06:00,10,12,273
2025-11-21 10:01:00,11,12,275
2025-11-21 09:56:00,11,12,276
2025-11-21 09:51:00,10,12,276
2025-11-21 09:46:00,10,12,272
2025-11-21 09:41:00,10,12,269
2025-11-21 09:36:00,10,12,274
2025-11-21 09:31:00,10,12,277
2025-11-21 09:26:00,10,12,277
2025-11-21 09:21:00,10,12,275
2025-11-21 09:16:00,11,13,275
2025-11-21 09:11:00,11,13,278
2025-11-21 09:06:00,11,13,278
2025-11-21 09:01:00,12,13,275
2025-11-21 08:56:00,11,13,275
2025-11-21 08:51:00,11,13,273
2025-11-21 08:46:00,11,13,271
2025-11-21 08:41:00,10,13,271
2025-11-21 08:36:00,10,13,270
2025-11-21 08:31:00,10,13,272
2025-11-21 08:26:00,11,13,274
2025-11-21 08:21:00,11,13,275
2025-11-21 08:16:00,10,13,272
2025-11-21 08:11:00,10,13,270
2025-11-21 08:06:00,10,13,270
2025-11-21 08:01:00,9,13,267
2025-11-21 07:56:00,10,13,264
2025-11-21 07:51:00,10,13,262
2025-11-21 07:46:00,10,13,258
2025-11-21 07:41:00,10,13,259
2025-11-21 07:36:00,10,13,262
2025-11-21 07:31:00,10,13,264
2025-11-21 07:26:00,10,13,265
2025-11-21 07:21:00,10,13,269
2025-11-21 07:16:00,10,13,270
2025-11-21 07:11:00,10,13,270
2025-11-21 07:06:00,10,13,275
2025-11-21 07:01:00,10,13,277
2025-11-21 06:56:00,9,13,275
2025-11-21 06:51:00,9,13,275
2025-11-21 06:46:00,10,13,275
2025-11-21 06:41:00,9,13,269
2025-11-21 06:36:00,9,13,267
2025-11-21 06:31:00,9,13,271
2025-11-21 06:26:00,9,13,272
2025-11-21 06:21:00,9,13,272
2025-11-21 06:16:00,10,13,274
2025-11-21 06:11:00,10,13,274
2025-11-21 06:06:00,10,13,275
2025-11-21 06:01:00,10,13,278
2025-11-21 05:56:00,10,13,280
2025-11-21 05:51:00,10,13,282
2025-11-21 05:46:00,10,13,286
2025-11-21 05:41:00,10,13,283
2025-11-21 05:36:00,11,13,282
2025-11-21 05:31:00,11,13,285
2025-11-21 05:26:00,11,13,284
2025-11-21 05:21:00,11,13,277
2025-11-21 05:16:00,12,13,276
2025-11-21 05:11:00,12,13,279
2025-11-21 05:06:00,12,13,281
2025-11-21 05:01:00,11,13,282
2025-11-21 04:56:00,11,13,279
2025-11-21 04:51:00,12,13,278
2025-11-21 04:46:00,12,13,283
2025-11-21 04:41:00,12,13,280
2025-11-21 04:36:00,12,13,277
2025-11-21 04:31:00,12,13,278
2025-11-21 04:26:00,12,13,278
2025-11-21 04:21:00,12,13,275
2025-11-21 04:16:00,12,13,272
2025-11-21 04:11:00,11,13,268
2025-11-21 04:06:00,11,13,266
2025-11-21 04:01:00,11,13,265
2025-11-21 03:56:00,11,13,263
2025-11-21 03:51:00,11,13,269
2025-11-21 03:46:00,10,13,267
2025-11-21 03:41:00,10,13,265
2025-11-21 03:36:00,11,13,270
2025-11-21 03:31:00,12,13,275
2025-11-21 03:26:00,12,13,278
2025-11-21 03:21:00,12,13,277
2025-11-21 03:16:00,13,13,274
2025-11-21 03:11:00,12,12,270
2025-11-21 03:06:00,12,12,269
2025-11-21 03:01:00,12,12,270
2025-11-21 02:56:00,12,12,270
2025-11-21 02:51:00,11,12,266
2025-11-21 02:46:00,10,12,258
2025-11-21 02:41:00,11,12,258
2025-11-21 02:36:00,12,12,258
2025-11-21 02:31:00,10,10,253
2025-11-21 02:26:00,9,10,255
2025-11-21 02:21:00,9,10,260
2025-11-21 02:16:00,9,10,254
2025-11-21 02:11:00,9,10,248
2025-11-21 02:06:00,9,10,250
2025-11-21 02:01:00,9,10,258
2025-11-21 01:56:00,9,10,260
2025-11-21 01:51:00,9,10,261
2025-11-21 01:46:00,8,10,264
2025-11-21 01:41:00,8,10,265
2025-11-21 01:36:00,8,10,265
2025-11-21 01:31:00,8,10,261
2025-11-21 01:26:00,7,10,259
2025-11-21 01:21:00,7,10,259
2025-11-21 01:16:00,7,10,254
2025-11-21 01:11:00,7,10,257
2025-11-21 01:06:00,7,10,264
2025-11-21 01:01:00,7,10,269
2025-11-21 00:56:00,8,10,273
2025-11-21 00:51:00,8,10,275
2025-11-21 00:46:00,8,10,277
2025-11-21 00:41:00,8,10,278
2025-11-21 00:36:00,8,10,278
2025-11-21 00:31:00,8,10,277
2025-11-21 00:26:00,9,10,277
2025-11-21 00:21:00,8,10,277
2025-11-21 00:16:00,9,10,279
2025-11-21 00:11:00,10,10,280
2025-11-21 00:06:00,10,10,281
2025-11-21 00:01:00,9,9,277
2025-11-20 23:56:00,8,9,272
2025-11-20 23:51:00,8,9,275
2025-11-20 23:46:00,8,9,276
2025-11-20 23:41:00,9,9,273
2025-11-20 23:36:00,8,9,270
2025-11-20 23:31:00,8,9,268
2025-11-20 23:26:00,7,9,264
2025-11-20 23:21:00,8,9,262
2025-11-20 23:16:00,7,9,262
2025-11-20 23:11:00,7,9,259
2025-11-20 23:06:00,7,9,257
2025-11-20 23:01:00,8,9,259
2025-11-20 22:56:00,8,9,266
2025-11-20 22:51:00,8,9,270
2025-11-20 22:46:00,8,8,269
2025-11-20 22:41:00,8,8,269
2025-11-20 22:36:00,8,8,267
2025-11-20 22:31:00,8,8,261
2025-11-20 22:26:00,7,8,261
2025-11-20 22:21:00,6,8,266
2025-11-20 22:16:00,7,8,259
2025-11-20 22:11:00,6,8,252
2025-11-20 22:06:00,6,8,251
2025-11-20 22:01:00,6,8,258
2025-11-20 21:56:00,6,8,270
2025-11-20 21:51:00,6,8,267
2025-11-20 21:46:00,6,8,259
2025-11-20 21:41:00,6,8,265
2025-11-20 21:36:00,5,8,270
2025-11-20 21:31:00,5,8,274
2025-11-20 21:26:00,6,8,276
2025-11-20 21:21:00,6,8,272
2025-11-20 21:16:00,5,8,269
2025-11-20 21:11:00,5,8,269
2025-11-20 21:06:00,5,8,267
2025-11-20 21:01:00,5,8,262
2025-11-20 20:56:00,4,8,259
2025-11-20 20:52:00,4,8,259
2025-11-20 20:51:00,4,8,256
2025-11-20 20:46:00,5,8,258
2025-11-20 20:41:00,5,8,264
2025-11-20 20:39:00,5,6,264
2025-11-20 20:36:00,4,8,264
2025-11-20 20:31:00,3,8,261
2025-11-20 20:29:00,3,5,261
2025-11-20 20:27:00,3,5,261
2025-11-20 20:26:00,4,3,265
2025-11-20 20:26:00,4,10,265
2025-11-20 20:26:00,4,8,265
2025-11-20 20:24:00,4,8,265
2025-11-20 20:21:00,4,8,268
2025-11-20 20:16:00,4,8,270
2025-11-20 20:11:00,4,8,268
2025-11-20 20:06:00,4,8,260
2025-11-20 20:01:00,3,8,262
2025-11-20 19:53:00,3,8,270
2025-11-20 19:48:00,3,8,273
2025-11-20 19:43:00,3,8,273
2025-11-20 19:38:00,3,8,287
2025-11-20 19:33:00,2,9,284
2025-11-20 19:28:00,2,9,270
2025-11-20 19:23:00,3,9,270
2025-11-20 19:18:00,3,9,279
2025-11-20 19:13:00,2,9,293
2025-11-20 19:03:00,1,9,280
2025-11-20 19:02:00,1,9,280
2025-11-20 19:01:00,2,9,300
2025-11-20 18:59:00,2,9,300
2025-11-20 18:58:00,2,9,300
2025-11-20 18:58:00,2,9,5
2025-05-14 18:03:00,10,12,131
