Date/Time,speed,max,dir,cnt,batt,rssi,snr,crc ok,crc fail,rf dup,base uptime s,corr batt
,17.1,24.4,298,9549,8.88,-90,10.2,2232,0,0,445715,
,19.2,24.6,296,9548,8.86,-90,11,2230,0,0,445415,
,19.0,24.5,297,9547,8.86,-90,10.2,2228,0,0,445115,
,21.2,26.7,299,9546,8.88,-90,10.8,2226,0,0,444815,
,21.7,25.3,302,9545,8.94,-90,10.2,2224,0,0,444515,
,21.3,26.1,290,9544,8.94,-90,10.8,2222,0,0,444215,
,15.7,20.7,289,9543,9.00,-90,10.5,2220,0,0,443915,
,19.0,24.3,295,9542,9.08,-90,10.5,2218,0,0,443615,
,19.4,24.2,285,9541,9.10,-89,10.5,2216,0,0,443315,
,18.0,24.3,288,9540,9.14,-90,10.5,2214,0,0,443015,
,17.8,21.7,287,9539,9.15,-90,10.5,2212,0,0,442715,
,20.7,24.6,290,9538,9.11,-90,10.5,2210,0,0,442415,
,20.5,25.2,290,9537,9.11,-90,10.2,2208,0,0,442115,
,20.9,26.2,283,9536,9.12,-90,10.5,2206,0,0,441815,
,19.4,24.1,278,9535,9.18,-90,10.5,2205,0,0,441515,
,20.5,26.1,295,9534,9.15,-89,10.8,2203,0,0,441215,
,20.6,24.8,292,9533,9.18,-90,10.8,2202,0,0,440915,
,19.8,23.8,286,9532,9.15,-90,10.5,2200,0,0,440615,
,19.0,24.0,288,9531,9.15,-89,10.8,2198,0,0,440315,
,20.7,25.7,290,9530,9.15,-90,10.5,2196,0,0,440015,
,18.8,24.8,292,9529,9.17,-90,10.8,2195,0,0,439715,
,22.2,26.8,293,9528,9.14,-90,11,2194,0,0,439415,
,18.9,26.2,293,9527,9.22,-91,10.5,2192,0,0,439115,
,22.4,27.9,298,9526,9.15,-89,10.5,2190,0,0,438815,
,19.9,24.9,291,9525,9.04,-89,11,2188,0,0,438515,
,20.6,23.5,297,9524,10.81,-90,10.5,2186,0,0,438215,
,22.2,25.8,294,9523,9.20,-90,11.2,2185,0,0,437915,
,18.3,25.5,295,9522,9.21,-89,11,2183,0,0,437615,
,19.9,24.5,290,9521,9.18,-90,10.5,2182,0,0,437315,
,18.0,24.5,290,9520,9.19,-90,10.8,2180,0,0,437015,
,22.0,28.1,286,9519,9.17,-90,11,2178,0,0,436715,
,23.9,31.6,296,9518,9.18,-90,10.8,2176,0,0,436415,
,24.9,29.4,298,9517,9.18,-90,11,2174,0,0,436115,
,21.2,25.8,296,9516,9.17,-90,10.5,2172,0,0,435815,
,21.4,28.4,284,9515,9.15,-89,11.2,2170,0,0,435515,
,21.3,26.8,289,9514,9.18,-90,10.5,2168,0,0,435215,
,13.0,21.0,259,9513,9.25,-90,10.5,2166,0,0,434915,
,21.4,29.1,285,9512,9.17,-90,10.5,2164,0,0,434615,
,20.3,29.8,284,9511,9.17,-90,10.8,2162,0,0,434315,
,20.5,27.2,282,9510,9.22,-89,11,2160,0,0,434015,
,18.3,24.0,284,9509,9.27,-90,10.5,2158,0,0,433715,
,20.1,25.0,287,9508,9.21,-89,10.8,2156,0,0,433415,
,21.0,24.6,278,9507,9.24,-90,10.8,2154,0,0,433115,
,20.4,24.2,279,9506,9.21,-90,10.8,2152,0,0,432815,
,18.4,22.7,277,9505,9.23,-89,10.5,2150,0,0,432515,
,17.9,25.6,283,9504,9.22,-89,10.5,2148,0,0,432215,
,18.8,24.7,281,9503,9.23,-90,10.5,2147,0,0,431915,
,20.0,26.0,277,9502,9.23,-90,10.8,2145,0,0,431615,
,22.1,27.1,277,9501,9.50,-90,10.5,2143,0,0,431315,
,20.4,25.4,284,9500,9.12,-89,11.5,2141,0,0,431015,
,20.6,26.1,285,9499,9.24,-90,11.2,2139,0,0,430715,
,19.7,25.2,277,9498,9.10,-90,10.8,2138,0,0,430415,
,18.9,23.5,283,9497,9.22,-90,10.8,2136,0,0,430115,
,19.4,23.8,278,9496,9.17,-89,11.2,2134,0,0,429815,
,19.2,24.9,278,9495,9.05,-90,10.2,2132,0,0,429515,
,20.1,24.8,284,9494,9.17,-89,10.5,2131,0,0,429215,
,20.5,24.2,283,9493,9.01,-90,10.5,2129,0,0,428915,
,20.6,25.5,273,9492,9.15,-90,11,2127,0,0,428615,
,21.8,25.2,284,9491,9.20,-89,10.8,2126,0,0,428315,
,21.8,27.9,290,9490,9.20,-90,10.5,2125,0,0,428015,
,21.3,24.8,283,9489,9.18,-90,11,2124,0,0,427715,
,17.9,24.6,279,9488,9.20,-90,10.5,2122,0,0,427415,
,20.9,25.6,282,9487,9.26,-90,10.5,2120,0,0,427115,
,18.5,23.0,291,9486,9.30,-90,11,2118,0,0,426815,
,19.5,24.7,291,9485,9.38,-90,11,2117,0,0,426515,
,19.7,24.3,294,9484,9.30,-89,10.5,2115,0,0,426215,
,18.6,24.3,278,9483,9.51,-90,10.8,2113,0,0,425915,
,19.0,22.9,287,9482,11.76,-89,10.5,2111,0,0,425615,
,19.1,24.7,276,9481,8.92,-89,10.5,2110,0,0,425315,
,17.6,24.1,274,9480,8.91,-90,11,2109,0,0,425015,
,18.9,23.7,273,9479,8.91,-90,10.5,2107,0,0,424715,
,17.4,21.2,281,9478,8.91,-90,10.5,2105,0,0,424415,
,18.4,23.1,287,9477,8.91,-90,11,2104,0,0,424115,
,15.9,19.5,280,9476,8.91,-90,10.5,2102,0,0,423815,
,15.2,20.6,285,9475,8.91,-90,10.8,2101,0,0,423515,
,15.9,20.2,290,9474,8.90,-90,10.5,2100,0,0,423215,
,18.0,22.6,277,9473,8.90,-89,10.8,2099,0,0,422915,
,19.7,23.3,279,9472,8.90,-90,10.8,2098,0,0,422615,
,17.7,22.7,267,9471,8.93,-90,10.8,2096,0,0,422315,
,14.4,22.3,277,9470,8.93,-90,10.5,2094,0,0,422015,
,18.2,23.7,271,9469,8.95,-90,10.5,2093,0,0,421715,
,18.1,20.7,269,9468,8.94,-89,11,2091,0,0,421415,
,17.7,22.7,279,9467,8.94,-90,10.5,2089,0,0,421115,
,17.8,21.7,286,9466,8.92,-90,10.5,2088,0,0,420815,
,18.8,22.0,273,9465,8.95,-90,10.5,2086,0,0,420515,
,19.1,23.6,263,9464,8.93,-89,10.2,2085,0,0,420215,
,18.4,23.0,270,9463,8.93,-90,10.5,2084,0,0,419915,
,17.6,22.0,269,9462,8.94,-90,10.2,2083,0,0,419615,
,16.6,21.1,272,9461,8.94,-89,11,2082,0,0,419315,
,18.1,23.6,285,9460,8.94,-90,10.8,2080,0,0,419015,
,19.6,25.5,281,9459,8.93,-90,10.5,2079,0,0,418715,
,18.2,22.4,285,9458,8.92,-89,10.8,2077,0,0,418415,
,18.0,22.5,290,9457,8.94,-90,11,2075,0,0,418115,
,21.6,25.2,289,9456,8.94,-90,10.2,2073,0,0,417815,
,22.0,28.3,288,9455,8.92,-90,10.8,2071,0,0,417515,
,19.5,26.9,294,9454,8.93,-90,10.5,2070,0,0,417215,
,23.3,29.0,286,9453,8.94,-90,10.8,2069,0,0,416915,
,21.3,25.7,284,9452,8.95,-90,10.8,2067,0,0,416615,
,21.0,28.8,293,9451,8.92,-89,10.8,2065,0,0,416315,
,24.4,29.7,295,9450,8.94,-89,10.8,2064,0,0,416015,
,19.8,27.9,293,9449,8.92,-90,10.5,2062,0,0,415715,
,25.1,30.0,289,9448,8.93,-90,10.2,2060,0,0,415415,
,23.1,29.2,297,9447,8.91,-90,10.8,2058,0,0,415115,
,21.3,29.1,288,9446,8.85,-89,11.5,2057,0,0,414815,
,17.6,23.1,291,9445,8.74,-90,11,2056,0,0,414515,
,21.4,26.0,296,9444,8.62,-90,10.8,2054,0,0,414215,
,20.7,23.6,302,9443,8.59,-89,10.8,2053,0,0,413915,
,18.4,26.4,291,9442,8.57,-89,10.8,2051,0,0,413615,
,19.3,24.5,281,9441,8.52,-90,10.2,2049,0,0,413315,
,20.0,26.9,286,9440,8.50,-89,10.5,2048,0,0,413015,
,19.0,24.7,288,9439,8.66,-90,10.8,2046,0,0,412715,
,19.2,25.5,292,9438,8.60,-90,10.5,2045,0,0,412415,
,18.3,22.1,281,9437,8.51,-90,10.5,2043,0,0,412115,
,19.8,22.5,298,9436,9.00,-89,11,2041,0,0,411815,
,18.7,26.1,288,9435,8.87,-90,10.5,2039,0,0,411515,
,21.7,27.1,287,9434,8.84,-89,10.8,2038,0,0,411215,
,22.5,29.1,303,9433,8.92,-90,10.8,2036,0,0,410915,
,21.2,25.9,284,9432,8.81,-89,11,2035,0,0,410615,
,19.7,23.6,287,9431,8.94,-90,10.5,2033,0,0,410315,
,18.0,24.5,287,9430,8.88,-90,10.2,2031,0,0,410015,
,20.8,25.1,297,9429,8.89,-90,10.2,2030,0,0,409715,
,17.0,23.2,289,9428,8.98,-90,10.2,2028,0,0,409415,
,19.4,24.0,301,9427,8.95,-91,11.2,2026,0,0,409115,
,20.8,24.4,300,9426,8.95,-90,10.2,2024,0,0,408815,
,18.3,21.3,299,9425,8.82,-90,10.8,2023,0,0,408515,
,18.3,21.3,299,9425,8.82,-90,10.8,2023,0,0,408515,
,19.2,24.9,290,9424,8.92,-90,11,2021,0,0,408215,
,18.4,22.7,295,9423,8.87,-90,10.5,2019,0,0,407915,
,16.5,21.9,296,9422,8.39,-90,11,2017,0,0,407615,
,17.3,21.9,293,9421,8.33,-89,10.5,2015,0,0,407315,
,18.3,23.0,306,9420,8.47,-90,10.8,2013,0,0,407015,
,18.8,25.2,300,9419,8.46,-91,10.5,2011,0,0,406715,
,18.9,22.7,303,9418,8.44,-90,10.8,2010,0,0,406415,
,19.9,25.7,299,9417,8.41,-90,11,2008,0,0,406115,
,17.2,21.4,308,9416,8.32,-90,6,2007,0,0,405815,
,20.5,25.1,298,9415,8.31,-90,9.5,2006,0,0,405515,
,17.5,26.1,308,9414,8.69,-90,5.5,2005,0,0,405215,
,21.0,24.4,305,9413,8.30,-90,4,2003,0,0,404915,
,20.1,24.8,308,9412,8.30,-89,6.5,2001,0,0,404615,
,18.4,20.8,298,9411,8.30,-90,5,2000,0,0,404315,
,17.7,23.6,302,9410,8.29,-89,6.5,1999,0,0,404015,
,20.9,25.8,304,9409,8.29,-90,6,1997,0,0,403715,
,20.5,26.3,303,9408,8.29,-90,6.8,1996,0,0,403415,
,20.3,25.2,306,9407,8.29,-90,10.2,1994,0,0,403115,
,17.4,19.8,295,9406,8.30,-91,10.2,1993,0,0,402815,
,14.2,20.3,286,9405,11.59,-90,10.5,1991,0,0,402515,
,18.2,22.0,283,9404,11.58,-90,10.8,1989,0,0,402215,
,17.5,21.3,285,9403,11.59,-90,10.5,1988,0,0,401915,
,18.5,21.9,286,9402,11.57,-90,10.8,1986,0,0,401615,
,19.2,24.5,292,9401,11.56,-90,10.5,1984,0,0,401315,
,18.6,23.6,297,9400,11.59,-90,11,1982,0,0,401015,
,17.0,20.5,297,9399,11.59,-90,10.8,1980,0,0,400715,
,18.4,23.1,292,9398,11.59,-90,10,1979,0,0,400415,
,19.2,24.2,298,9397,11.59,-90,10.5,1978,0,0,400115,
,19.5,26.7,302,9396,11.57,-90,10.5,1976,0,0,399815,
,19.3,24.5,295,9395,11.58,-90,10.5,1974,0,0,399515,
,17.6,22.6,290,9394,11.58,-89,10.8,1972,0,0,399215,
,17.0,22.2,289,9393,11.60,-90,10.5,1970,0,0,398915,
,19.9,24.7,294,9392,11.60,-90,10.2,1968,0,0,398615,
,20.7,24.6,296,9391,11.60,-90,10.2,1967,0,0,398315,
,17.5,21.2,289,9390,11.58,-90,10.5,1966,0,0,398015,
,16.8,21.8,289,9389,11.39,-90,10.2,1964,0,0,397715,
,15.5,20.4,294,9388,11.50,-91,11,1962,0,0,397415,
,17.5,22.5,293,9387,11.59,-90,10.5,1961,0,0,397115,
,18.0,23.0,281,9386,11.59,-89,10.8,1959,0,0,396815,
,18.6,23.1,284,9385,11.60,-90,10.5,1958,0,0,396515,
,18.2,23.5,289,9384,11.61,-89,10.8,1957,0,0,396215,
,17.8,20.8,293,9383,11.06,-89,10.8,1955,0,0,395915,
,17.8,22.1,288,9382,11.59,-90,10.5,1953,0,0,395615,
,17.5,24.7,290,9381,11.59,-91,10.5,1951,0,0,395315,
,20.2,23.0,290,9380,11.60,-90,10.5,1949,0,0,395015,
,20.3,24.7,283,9379,11.60,-90,10.5,1948,0,0,394715,
,18.7,21.8,296,9378,11.61,-90,10.5,1947,0,0,394415,
,16.3,19.9,296,9377,11.61,-90,10.8,1945,0,0,394115,
,16.0,19.9,286,9376,11.59,-89,10.8,1943,0,0,393815,
,17.9,21.8,285,9375,11.59,-90,10.5,1941,0,0,393515,
,19.4,24.5,281,9374,11.59,-90,10.5,1939,0,0,393215,
,15.7,21.8,280,9373,11.59,-90,10.5,1938,0,0,392915,
,18.7,24.3,282,9372,11.56,-90,10,1936,0,0,392615,
,19.3,22.9,287,9371,11.60,-90,10.5,1934,0,0,392315,
,18.3,23.3,291,9370,11.60,-90,10.2,1933,0,0,392015,
,17.8,21.4,288,9369,11.58,-90,10.5,1931,0,0,391715,
,18.7,22.7,288,9368,11.55,-90,10.5,1930,0,0,391415,
,19.5,23.2,287,9367,11.55,-89,10.8,1929,0,0,391115,
,15.5,21.7,290,9365,11.40,-90,10.5,1926,0,0,390515,
,21.2,24.7,271,9364,11.47,-90,10.5,1924,0,0,390215,
,19.4,22.6,285,9363,11.56,-90,10.2,1922,0,0,389915,
,22.8,27.5,285,9362,11.54,-90,10.2,1920,0,0,389615,
,17.3,22.4,281,9361,11.51,-90,10.5,1918,0,0,389315,
,19.0,24.1,275,9360,11.53,-89,10.5,1916,0,0,389015,
,20.0,25.8,270,9359,11.47,-90,10.5,1915,0,0,388715,
,19.8,26.6,280,9358,11.47,-90,10.2,1913,0,0,388415,
,19.4,23.2,277,9357,11.53,-90,10.5,1911,0,0,388115,
,19.3,22.1,272,9356,11.48,-90,10.5,1910,0,0,387815,
,19.5,21.9,280,9355,11.53,-90,10.5,1909,0,0,387515,
,16.6,21.8,285,9354,11.50,-90,10.2,1908,0,0,387215,
,16.8,23.6,285,9353,11.49,-90,10.5,1907,0,0,386915,
,18.7,23.7,280,9352,11.44,-90,10.8,1905,0,0,386615,
,21.0,24.8,294,9351,11.49,-90,10.2,1903,0,0,386315,
,17.3,21.9,284,9350,11.45,-90,10.5,1901,0,0,386015,
,20.6,23.9,277,9349,11.47,-90,10.5,1900,0,0,385715,
,18.1,22.5,288,9348,11.40,-90,10.5,1898,0,0,385415,
,18.8,22.8,288,9347,11.41,-90,10.2,1896,0,0,385115,
,19.8,23.6,287,9346,11.36,-90,10.2,1894,0,0,384815,
,18.5,21.9,289,9345,8.96,-89,10.8,1892,0,0,384515,
,17.9,22.5,286,9344,8.96,-90,10.8,1891,0,0,384215,
,17.3,22.2,283,9343,8.99,-89,10.5,1890,0,0,383915,
,18.1,24.7,294,9342,8.95,-90,10.8,1888,0,0,383615,
,14.8,20.6,286,9341,8.94,-89,11,1886,0,0,383315,
,19.6,25.2,286,9340,8.94,-90,10.2,1885,0,0,383015,
,20.5,25.0,296,9339,8.92,-89,10.5,1883,0,0,382715,
,19.8,22.8,306,9338,8.90,-89,11,1881,0,0,382415,
,17.4,21.2,287,9337,8.75,-90,11,1879,0,0,382116,
,17.5,20.2,289,9336,8.57,-90,10.5,1877,0,0,381815,
,20.6,24.5,298,9335,8.57,-89,10.8,1875,0,0,381515,
,17.5,23.0,292,9334,8.56,-90,10.5,1873,0,0,381215,
,16.3,20.9,290,9333,8.59,-90,11,1872,0,0,380915,
,15.4,19.9,290,9332,8.51,-89,10.8,1870,0,0,380615,
,16.9,20.3,287,9331,8.51,-89,11,1869,0,0,380315,
,14.9,20.7,287,9330,8.49,-89,10.8,1867,0,0,380015,
,16.6,20.6,299,9329,8.46,-90,10.5,1865,0,0,379715,
,17.1,20.7,290,9328,8.50,-89,11,1864,0,0,379415,
,15.9,21.5,288,9327,8.45,-90,10.8,1863,0,0,379115,
,16.8,22.5,288,9326,8.43,-90,10.5,1861,0,0,378815,
,16.4,18.0,287,9325,8.44,-90,10.5,1859,0,0,378515,
,16.6,22.6,292,9324,8.42,-90,10.5,1857,0,0,378216,
,15.6,18.8,290,9323,8.47,-90,10.5,1855,0,0,377915,
,15.9,19.8,292,9322,8.46,-89,10.8,1853,0,0,377615,
,16.9,19.6,294,9321,8.48,-90,10.2,1851,0,0,377315,
,15.8,18.2,301,9320,8.42,-90,11,1850,0,0,377015,
,14.7,20.9,295,9319,8.43,-90,10.5,1848,0,0,376715,
,16.5,21.0,295,9318,8.43,-90,10.2,1846,0,0,376415,
,18.1,21.8,307,9317,8.43,-89,10.8,1844,0,0,376115,
,15.1,19.8,300,9316,8.41,-89,11,1843,0,0,375815,
,18.6,23.6,294,9315,8.43,-91,11.2,1842,0,0,375515,
,18.9,23.7,300,9314,8.43,-90,10.5,1841,0,0,375215,
,16.8,21.7,298,9313,8.45,-90,10.8,1840,0,0,374915,
,18.7,21.1,301,9312,8.43,-90,11,1838,0,0,374615,
,17.2,20.8,305,9311,8.43,-90,10.8,1836,0,0,374316,
,18.0,21.4,301,9310,8.42,-90,10.8,1834,0,0,374015,
,15.5,18.5,307,9309,8.44,-90,10.5,1833,0,0,373715,
,16.8,20.8,299,9308,8.47,-90,10.8,1831,0,0,373415,
,16.3,19.8,301,9307,8.48,-89,11,1830,0,0,373115,
,16.5,20.3,302,9306,8.45,-90,10.2,1828,0,0,372815,
,19.9,21.7,298,9305,8.45,-91,10.2,1826,0,0,372515,
,17.4,21.6,302,9304,8.44,-90,10.8,1824,0,0,372216,
,17.6,23.3,306,9303,8.44,-90,10.5,1822,0,0,371915,
,17.0,20.3,297,9302,8.46,-90,10.2,1820,0,0,371615,
,18.0,20.8,299,9301,8.47,-91,10.5,1818,0,0,371315,
,17.8,21.8,297,9300,8.46,-90,10.5,1816,0,0,371015,
,18.0,22.0,301,9299,8.45,-90,10.8,1814,0,0,370715,
,19.2,22.7,305,9298,8.45,-90,10.5,1812,0,0,370416,
,18.8,22.7,290,9297,8.48,-90,10.5,1810,0,0,370115,
,18.3,22.7,291,9296,8.46,-89,10.8,1808,0,0,369815,
,15.0,19.2,291,9295,8.49,-89,10.8,1806,0,0,369515,
,17.2,21.6,293,9294,8.50,-90,10.8,1805,0,0,369215,
,18.8,22.1,293,9293,8.50,-90,10.5,1804,0,0,368915,
,17.0,20.5,288,9292,8.55,-90,10.8,1802,0,0,368615,
,17.6,21.8,288,9291,8.46,-90,10.8,1800,0,0,368316,
,16.5,19.0,290,9290,8.45,-90,11,1798,0,0,368015,
,18.4,22.1,296,9289,8.44,-90,10.5,1796,0,0,367715,
,15.9,20.7,294,9288,8.45,-90,10.5,1794,0,0,367415,
,18.3,21.4,298,9287,8.45,-90,10.5,1792,0,0,367115,
,14.6,17.5,283,9286,8.44,-89,10.8,1790,0,0,366815,
,14.2,19.1,270,9285,8.43,-90,10.5,1789,0,0,366516,
,17.0,19.2,258,9284,8.43,-90,11,1787,0,0,366215,
,16.8,19.2,258,9283,8.44,-90,10.5,1786,0,0,365915,
,15.0,18.7,263,9282,8.44,-90,10.8,1784,0,0,365615,
,13.6,16.3,251,9281,8.44,-90,10.5,1782,0,0,365315,
,14.8,19.3,267,9280,8.45,-90,10.2,1780,0,0,365015,
,13.5,17.0,267,9279,8.45,-90,10.2,1778,0,0,364715,
,15.1,17.6,262,9278,8.44,-90,10.5,1776,0,0,364416,
,14.3,17.7,265,9277,8.45,-90,10.5,1774,0,0,364115,
,14.3,17.9,265,9276,8.45,-91,10.5,1772,0,0,363815,
,14.5,17.4,268,9275,8.46,-90,10.2,1771,0,0,363515,
,14.2,18.0,270,9274,8.46,-90,10.5,1770,0,0,363215,
,12.3,16.5,261,9273,8.46,-90,10.8,1769,0,0,362915,
,11.2,18.7,262,9272,8.46,-90,11,1767,0,0,362616,
,12.7,18.4,286,9271,8.47,-90,10.2,1765,0,0,362316,
,12.8,18.3,274,9270,8.48,-90,10.5,1763,0,0,362015,
,13.3,19.8,286,9269,8.48,-90,10.5,1761,0,0,361715,
,15.2,19.0,283,9268,8.51,-90,10.2,1759,0,0,361415,
,12.3,16.2,275,9267,8.50,-91,10.5,1758,0,0,361115,
,13.5,18.1,280,9266,8.54,-90,11,1757,0,0,360815,
,12.9,15.6,278,9265,8.53,-90,10.5,1756,0,0,360516,
,14.2,18.8,285,9264,8.54,-90,10.8,1755,0,0,360215,
,13.6,16.0,270,9263,8.60,-90,10.5,1754,0,0,359915,
,13.8,18.4,282,9262,8.58,-90,10.5,1753,0,0,359615,
,12.3,16.6,274,9261,8.62,-90,10.2,1751,0,0,359315,
,12.3,15.6,276,9260,8.64,-90,10.2,1749,0,0,359015,
,13.8,17.1,278,9259,8.69,-91,10.8,1748,0,0,358716,
,16.4,19.4,267,9258,8.70,-90,10.2,1746,0,0,358416,
,14.3,17.0,270,9257,8.77,-90,10.5,1744,0,0,358115,
,13.2,15.7,277,9256,8.82,-90,10.8,1742,0,0,357815,
,12.8,16.9,275,9255,8.86,-90,10.8,1740,0,0,357515,
,13.7,16.5,273,9254,8.90,-90,10.8,1738,0,0,357215,
,11.2,15.0,282,9253,8.94,-90,10.2,1737,0,0,356915,
,12.7,15.8,289,9252,8.89,-90,11,1735,0,0,356616,
,13.2,15.8,283,9251,8.87,-90,10.8,1733,0,0,356315,
,12.0,17.5,289,9250,8.87,-90,10.2,1732,0,0,356015,
,15.4,17.7,291,9249,8.87,-90,11.2,1730,0,0,355715,
,12.3,18.0,289,9248,8.89,-91,11.5,1729,0,0,355415,
,15.2,17.4,287,9247,8.88,-91,11,1728,0,0,355115,
,12.6,17.6,285,9246,8.86,-90,10.8,1727,0,0,354816,
,13.7,17.6,290,9245,8.86,-90,10.5,1725,0,0,354516,
,15.6,18.0,295,9244,8.86,-90,11.2,1723,0,0,354215,
,14.0,17.3,293,9243,8.89,-90,10.5,1721,0,0,353915,
,13.5,16.1,287,9242,8.80,-90,10.8,1720,0,0,353615,
,14.7,16.9,296,9241,8.83,-90,10.5,1718,0,0,353315,
,14.3,16.9,289,9240,8.87,-91,10.8,1717,0,0,353015,
,14.3,16.3,285,9239,11.98,-91,11.5,1716,0,0,352716,
,13.8,16.7,286,9238,12.21,-90,11,1715,0,0,352416,
,13.0,17.6,292,9237,12.23,-91,10.8,1713,0,0,352115,
,13.4,16.3,288,9236,12.23,-90,10.5,1711,0,0,351815,
,11.0,14.0,284,9235,12.23,-91,10.8,1710,0,0,351515,
,9.9,14.7,283,9234,12.24,-91,11.8,1708,0,0,351215,
,13.0,19.0,288,9233,12.20,-90,10.8,1706,0,0,350916,
,14.9,18.1,302,9232,12.22,-90,10.8,1705,0,0,350616,
,12.6,15.0,299,9231,12.04,-90,10.5,1704,0,0,350315,
,12.7,15.1,291,9230,12.09,-91,10.8,1703,0,0,350016,
,12.0,17.7,295,9229,11.99,-91,10.5,1702,0,0,349716,
,12.5,17.4,308,9228,11.97,-91,11.2,1700,0,0,349416,
,11.7,15.5,300,9227,11.89,-91,11.2,1699,0,0,349116,
,12.8,15.4,303,9226,11.75,-90,11,1698,0,0,348816,
,10.5,15.5,300,9225,8.88,-90,10.5,1696,0,0,348516,
,11.2,13.4,307,9224,8.83,-90,10.2,1695,0,0,348216,
,9.7,13.5,306,9223,8.92,-91,11.5,1694,0,0,347916,
,8.5,11.4,304,9222,8.86,-91,10.8,1692,0,0,347616,
,9.9,13.3,304,9221,11.58,-90,10.5,1690,0,0,347316,
,10.8,12.8,305,9220,11.56,-91,11.2,1689,0,0,347016,
,7.9,11.5,296,9219,8.87,-91,11.2,1687,0,0,346716,
,11.4,13.5,303,9218,8.88,-90,10.5,1685,0,0,346416,
,9.1,15.4,310,9217,8.84,-91,10.8,1684,0,0,346116,
,13.1,15.8,302,9216,8.84,-91,11,1682,0,0,345816,
,9.2,14.3,319,9215,11.52,-91,10.5,1680,0,0,345516,
,9.6,13.6,317,9214,8.70,-91,11.2,1679,0,0,345216,
,11.2,13.8,315,9213,8.66,-90,11,1677,0,0,344916,
,10.5,15.0,319,9212,8.57,-91,11.2,1675,0,0,344616,
,10.4,13.1,318,9211,8.63,-91,11.2,1674,0,0,344316,
,10.2,12.8,318,9210,8.66,-91,11,1672,0,0,344016,
,10.1,13.9,322,9209,8.61,-90,10.8,1670,0,0,343716,
,9.6,14.1,323,9208,10.55,-91,10.2,1669,0,0,343416,
,10.8,13.3,318,9207,10.94,-91,10.8,1667,0,0,343116,
,12.1,16.0,331,9206,11.30,-90,10.5,1666,0,0,342816,
,10.0,16.7,316,9205,11.46,-90,11,1665,0,0,342516,
,11.6,14.4,324,9204,8.57,-91,11,1663,0,0,342216,
,9.6,13.9,321,9203,10.91,-91,10.2,1661,0,0,341916,
,11.7,16.0,327,9202,8.62,-91,11.2,1660,0,0,341616,
,13.2,15.7,329,9201,8.60,-90,10.5,1658,0,0,341316,
,10.8,15.8,321,9200,8.63,-91,11.2,1656,0,0,341016,
,13.1,16.4,330,9199,8.63,-91,10.8,1655,0,0,340716,
,8.3,15.1,324,9198,8.60,-91,11.5,1653,0,0,340416,
,13.2,15.9,326,9197,8.58,-90,10.5,1651,0,0,340116,
,12.3,15.9,324,9196,8.59,-90,10.8,1649,0,0,339816,
,10.9,16.2,321,9195,8.55,-91,11.2,1648,0,0,339516,
,10.8,17.3,321,9194,8.68,-90,11,1646,0,0,339216,
,10.5,12.6,326,9193,10.57,-91,10.2,1645,0,0,338916,
,13.1,15.8,331,9192,11.01,-91,10.8,1644,0,0,338616,
,10.9,15.5,327,9191,11.78,-90,11,1643,0,0,338316,
,10.1,17.1,321,9190,11.76,-90,10.8,1642,0,0,338016,
,13.9,17.6,332,9189,11.78,-91,10.2,1640,0,0,337716,
,14.4,16.7,331,9188,11.77,-91,10.8,1638,0,0,337416,
,13.4,16.6,329,9187,11.67,-91,10.8,1636,0,0,337116,
,13.8,15.9,333,9186,11.66,-91,10.8,1634,0,0,336816,
,12.3,16.1,326,9185,11.68,-90,10.8,1632,0,0,336516,
,12.9,16.9,324,9184,11.70,-90,10.8,1630,0,0,336216,
,13.6,17.8,332,9183,11.68,-90,10.8,1629,0,0,335916,
,13.7,18.0,328,9182,11.71,-91,10.8,1628,0,0,335616,
,15.3,17.2,334,9181,11.66,-91,11.5,1627,0,0,335316,
,11.8,15.6,319,9180,11.69,-90,10.8,1626,0,0,335016,
,11.1,17.9,321,9179,11.67,-90,11.2,1624,0,0,334716,
,12.9,17.5,322,9178,11.71,-90,10.5,1623,0,0,334416,
,12.7,17.2,326,9177,11.67,-90,10.5,1622,0,0,334116,
,12.1,16.9,325,9176,11.66,-91,10.8,1621,0,0,333816,
,14.3,19.2,328,9175,11.66,-91,11.8,1619,0,0,333516,
,29.2,36.5,227,9123,8.59,-91,11.5,1530,0,0,317916,
,29.6,38.6,226,9122,8.60,-92,10.8,1528,0,0,317616,
,27.7,39.4,226,9121,8.58,-91,10.8,1526,0,0,317316,
,29.7,40.0,227,9120,8.59,-91,10.8,1525,0,0,317016,
,32.7,42.3,226,9119,8.57,-93,10.2,1524,0,0,316716,
,28.0,39.4,229,9118,8.56,-90,10.5,1522,0,0,316416,
,31.6,38.0,227,9117,8.55,-90,10.5,1521,0,0,316116,
,31.9,37.9,226,9116,8.55,-91,10.5,1519,0,0,315816,
,30.6,43.9,226,9115,8.54,-91,11.2,1517,0,0,315516,
,27.9,40.8,225,9114,8.52,-91,10.8,1516,0,0,315216,
,31.4,41.1,229,9113,8.52,-89,10.5,1514,0,0,314916,
,32.4,40.9,227,9112,8.53,-90,10.2,1513,0,0,314616,
,34.0,42.4,228,9111,8.50,-91,10.8,1511,0,0,314316,
,27.6,36.5,229,9110,8.42,-90,10.5,1510,0,0,314016,
,31.4,40.0,230,9109,8.54,-89,11,1509,0,0,313716,
,33.5,42.3,226,9108,8.53,-91,11,1508,0,0,313416,
,34.3,40.5,229,9107,8.53,-91,10.2,1507,0,0,313116,
,29.2,35.4,229,9106,8.46,-92,11.2,1505,0,0,312816,
,31.6,40.5,228,9105,10.99,-90,9.8,1503,0,0,312516,
,30.7,39.4,227,9104,11.15,-91,10.5,1502,0,0,312216,
,34.2,41.3,229,9103,8.48,-90,10.5,1501,0,0,311916,
,27.8,35.5,229,9102,8.48,-91,10.2,1500,0,0,311616,
,32.9,42.4,228,9101,8.46,-90,11,1498,0,0,311316,
,32.6,40.7,226,9100,11.00,-90,10.2,1497,0,0,311016,
,32.3,38.7,225,9099,8.47,-92,10.2,1495,0,0,310716,
,28.2,35.6,226,9098,8.44,-91,11.5,1493,0,0,310416,
,33.8,40.9,231,9097,8.43,-90,10.8,1492,0,0,310116,
,32.8,40.2,228,9096,8.40,-90,10.8,1490,0,0,309816,
,33.8,39.5,227,9095,8.40,-91,10.8,1488,0,0,309516,
,32.0,38.6,229,9094,8.41,-91,11,1487,0,0,309216,
,30.2,35.4,228,9093,8.40,-90,11,1485,0,0,308916,
,31.4,41.9,225,9092,8.40,-90,10.5,1484,0,0,308616,
,31.7,38.9,225,9091,8.40,-91,11,1483,0,0,308316,
,30.5,37.8,227,9090,8.38,-90,10.2,1482,0,0,308016,
,31.2,40.6,229,9089,8.37,-90,10.8,1481,0,0,307716,
,34.6,42.6,224,9088,8.37,-91,10.8,1479,0,0,307416,
,30.0,40.5,225,9087,8.37,-91,11,1477,0,0,307116,
,32.5,39.4,227,9086,8.39,-90,10.5,1476,0,0,306816,
,31.6,41.1,225,9085,8.36,-90,11,1475,0,0,306516,
,28.7,38.1,228,9084,8.38,-90,10.8,1473,0,0,306216,
,32.3,42.4,229,9083,8.36,-91,11,1471,0,0,305916,
,32.6,39.0,227,9082,8.37,-91,10.2,1470,0,0,305616,
,32.8,38.5,225,9081,8.40,-90,10.8,1469,0,0,305316,
,32.5,41.4,229,9080,8.41,-90,10.8,1468,0,0,305016,
,35.3,41.6,231,9079,8.39,-91,11,1467,0,0,304716,
,30.5,41.0,225,9078,8.40,-90,10.2,1465,0,0,304416,
,31.6,38.0,227,9077,11.09,-91,11,1464,0,0,304116,
,30.1,37.6,228,9076,11.27,-91,10,1463,0,0,303819,
,32.5,37.7,226,9075,11.21,-91,10.2,1461,0,0,303516,
,32.7,40.0,224,9074,11.15,-91,10.2,1460,0,0,303216,
,32.4,40.5,227,9073,10.95,-90,10.5,1458,0,0,302916,
,32.6,41.4,226,9072,8.43,-91,11.2,1456,0,0,302616,
,29.4,36.4,229,9071,8.40,-91,11.5,1454,0,0,302316,
,26.7,38.6,226,9070,8.38,-90,10.5,1452,0,0,302016,
,31.6,38.3,229,9069,8.37,-91,10.2,1450,0,0,301716,
,30.4,38.6,229,9068,8.37,-90,10.8,1448,0,0,301416,
,31.8,40.3,225,9067,8.37,-89,10.8,1446,0,0,301116,
,28.6,40.1,228,9066,8.37,-91,10.5,1444,0,0,300816,
,30.7,39.7,224,9065,8.37,-90,10.8,1443,0,0,300516,
,28.4,38.1,228,9064,10.59,-90,11,1441,0,0,300216,
,30.4,41.4,225,9063,10.74,-90,10.2,1440,0,0,299916,
,29.4,39.9,225,9062,11.17,-89,10.8,1438,0,0,299616,
,32.7,42.3,230,9061,8.44,-91,11,1437,0,0,299316,
,32.3,36.9,228,9060,8.41,-90,10.2,1435,0,0,299016,
,31.1,40.3,230,9059,8.39,-91,11,1433,0,0,298716,
,32.2,39.0,229,9058,8.39,-90,10.5,1432,0,0,298416,
,27.9,41.0,227,9057,11.09,-89,10.8,1430,0,0,298116,
,32.9,42.3,230,9056,8.47,-90,11.2,1428,0,0,297816,
,32.6,40.8,228,9055,8.45,-90,10.8,1426,0,0,297516,
,29.2,39.5,228,9054,8.38,-90,10.8,1424,0,0,297216,
,31.1,39.6,227,9053,8.38,-91,11,1422,0,0,296916,
,30.5,41.0,226,9052,8.38,-90,10.5,1420,0,0,296616,
,33.1,43.1,228,9051,8.38,-90,10.2,1419,0,0,296316,
,32.5,42.2,227,9050,11.23,-90,10,1418,0,0,296016,
,31.4,40.0,226,9049,11.41,-90,11.2,1416,0,0,295716,
,29.5,36.9,228,9048,11.35,-90,10.2,1414,0,0,295416,
,30.9,40.3,230,9047,8.47,-90,10.5,1412,0,0,295116,
,29.0,37.7,227,9046,8.46,-90,10.5,1410,0,0,294816,
,31.6,38.1,223,9045,8.46,-90,10.2,1408,0,0,294516,
,32.5,38.4,226,9044,8.45,-91,10.8,1406,0,0,294216,
,32.9,42.8,227,9043,8.44,-90,10.2,1404,0,0,293916,
,31.1,37.3,224,9042,8.44,-90,10.5,1402,0,0,293616,
,29.1,36.6,227,9041,8.44,-91,11,1400,0,0,293316,
,33.7,42.0,224,9040,8.42,-90,10.5,1399,0,0,293016,
,30.4,39.2,226,9039,8.41,-91,11,1398,0,0,292716,
,29.1,37.4,226,9038,8.41,-90,11,1396,0,0,292416,
,32.4,40.6,223,9037,8.39,-91,10.8,1394,0,0,292116,
,30.9,36.2,224,9036,8.39,-88,10.5,1393,0,0,291816,
,31.0,42.3,227,9035,8.41,-91,10.8,1391,0,0,291516,
,32.9,40.0,227,9034,8.39,-90,10.2,1389,0,0,291216,
,32.9,40.4,225,9033,8.39,-90,10.2,1388,0,0,290916,
,31.5,36.7,226,9032,8.39,-90,10.8,1386,0,0,290616,
,31.2,41.1,224,9031,8.37,-90,10.5,1385,0,0,290316,
,29.1,36.0,226,9030,8.37,-90,10.2,1383,0,0,290016,
,29.5,42.3,225,9029,8.38,-90,10.5,1381,0,0,289716,
,33.7,41.1,225,9028,8.38,-88,10.5,1379,0,0,289416,
,32.4,39.3,225,9027,8.38,-90,10.5,1377,0,0,289116,
,31.1,37.7,228,9026,8.37,-90,10.5,1376,0,0,288816,
,30.5,37.4,227,9025,8.36,-89,10.2,1374,0,0,288516,
,29.9,38.5,228,9024,10.63,-90,10.5,1373,0,0,288216,
,30.3,36.6,226,9023,11.46,-90,10.2,1372,0,0,287916,
,31.8,38.2,223,9022,11.24,-89,11,1370,0,0,287616,
,31.8,36.7,225,9021,11.16,-90,10.8,1369,0,0,287316,
,28.3,34.2,225,9020,11.23,-90,10.5,1368,0,0,287016,
,29.5,35.0,227,9019,11.30,-89,10.5,1367,0,0,286716,
,28.5,35.6,225,9018,11.22,-90,10.2,1365,0,0,286416,
,28.0,36.9,225,9017,11.05,-90,10.2,1363,0,0,286116,
,27.6,36.5,224,9016,10.94,-89,10.8,1361,0,0,285816,
,30.1,40.4,221,9015,10.90,-90,10.2,1359,0,0,285516,
,30.0,35.7,225,9014,10.85,-90,10.5,1357,0,0,285216,
,26.1,35.2,226,9013,8.69,-89,11,1355,0,0,284916,
,29.4,36.1,230,9012,8.69,-90,10.5,1353,0,0,284616,
,30.0,36.4,230,9011,8.68,-90,11,1351,0,0,284316,
,29.0,34.0,229,9010,8.69,-89,10.5,1349,0,0,284016,
,26.2,36.9,226,9009,8.68,-90,10.8,1347,0,0,283716,
,33.2,39.0,227,9008,8.68,-90,10,1346,0,0,283416,
,28.9,36.9,227,9007,8.68,-89,11,1345,0,0,283116,
,30.1,38.6,226,9006,8.68,-90,10.8,1344,0,0,282816,
,30.1,38.7,228,9005,8.67,-90,11,1342,0,0,282516,
,31.6,37.4,224,9004,8.67,-89,10.8,1341,0,0,282216,
,30.7,37.0,227,9003,8.69,-89,10.5,1339,0,0,281916,
,27.3,34.3,222,9002,8.70,-89,11,1337,0,0,281616,
,32.1,36.9,224,9001,8.61,-90,10.5,1336,0,0,281316,
,30.8,35.7,225,9000,8.66,-90,10.5,1335,0,0,281016,
,25.4,34.9,225,8999,8.87,-90,10.8,1334,0,0,280716,
,28.9,33.1,224,8998,8.52,-90,10.5,1332,0,0,280416,
,30.3,37.8,230,8997,8.53,-89,10.5,1330,0,0,280116,
,32.1,37.5,228,8996,8.63,-91,10.2,1329,0,0,279816,
,29.4,36.2,226,8995,8.63,-90,10.5,1327,0,0,279516,
,31.0,37.2,229,8994,9.20,-90,10.8,1326,0,0,279216,
,30.2,35.4,231,8993,9.16,-90,10.5,1324,0,0,278916,
,29.7,37.8,229,8992,9.49,-89,10.8,1323,0,0,278616,
,27.5,35.2,227,8991,8.64,-91,10.8,1321,0,0,278316,
,28.0,36.2,225,8990,8.59,-91,10.2,1319,0,0,278016,
,28.9,35.4,224,8989,8.64,-90,10.5,1317,0,0,277716,
,29.3,35.0,231,8988,8.67,-90,10.5,1316,0,0,277416,
,30.1,35.4,232,8987,9.35,-89,10.8,1314,0,0,277116,
,29.3,36.5,229,8986,8.68,-90,10.2,1312,0,0,276816,
,29.1,36.8,228,8985,9.21,-90,10.8,1311,0,0,276516,
,30.0,35.4,227,8984,8.62,-89,10.8,1309,0,0,276216,
,29.2,35.1,230,8983,9.22,-91,10.8,1307,0,0,275916,
,28.3,35.6,230,8982,10.18,-90,10.2,1305,0,0,275616,
,28.6,36.2,230,8981,8.68,-90,10,1303,0,0,275316,
,27.6,33.1,229,8980,10.77,-90,10.8,1301,0,0,275016,
,26.4,31.9,229,8979,8.63,-90,11,1300,0,0,274716,
,30.1,34.4,225,8978,10.90,-90,10.5,1298,0,0,274416,
,30.7,35.9,226,8977,8.65,-90,10.8,1296,0,0,274116,
,24.8,32.6,229,8976,8.65,-90,10.2,1294,0,0,273816,
,25.6,35.8,230,8975,8.98,-90,10.8,1292,0,0,273516,
,28.6,33.8,231,8974,8.98,-91,10.8,1290,0,0,273216,
,26.6,31.3,234,8973,9.00,-91,11,1288,0,0,272916,
,24.1,31.4,228,8972,8.94,-91,10.8,1286,0,0,272616,
,24.2,33.5,230,8971,8.96,-91,11.2,1284,0,0,272316,
,28.9,35.7,225,8970,9.00,-90,10.5,1282,0,0,272016,
,27.4,34.6,227,8969,9.02,-90,10.5,1280,0,0,271716,
,24.5,30.2,226,8968,9.04,-91,10.8,1279,0,0,271416,
,28.6,37.7,225,8967,9.09,-90,11.5,1278,0,0,271116,
,26.3,35.5,228,8966,9.11,-90,10.5,1277,0,0,270816,
,25.7,30.4,229,8965,9.16,-89,10.5,1276,0,0,270516,
,28.2,35.5,225,8964,9.17,-91,10.5,1274,0,0,270216,
,26.3,34.9,229,8963,9.23,-91,11.2,1272,0,0,269916,
,29.3,37.2,228,8962,9.24,-91,11.2,1270,0,0,269616,
,27.6,34.0,229,8961,9.25,-90,10.8,1268,0,0,269316,
,29.1,33.7,227,8960,9.27,-90,10.5,1266,0,0,269016,
,27.4,32.8,230,8959,9.24,-90,10.8,1264,0,0,268716,
,28.6,36.0,226,8958,9.24,-90,10.2,1263,0,0,268416,
,28.3,34.2,225,8957,9.31,-90,10.5,1262,0,0,268116,
,26.7,36.7,227,8956,9.32,-91,10.8,1260,0,0,267816,
,29.7,35.4,228,8955,9.31,-90,10.8,1259,0,0,267516,
,26.9,34.7,227,8954,9.32,-90,10.2,1258,0,0,267216,
,27.4,32.7,224,8953,9.32,-91,10,1257,0,0,266916,
,26.4,36.1,224,8952,9.28,-90,10.5,1255,0,0,266616,
,27.7,34.1,227,8951,9.26,-90,10.8,1253,0,0,266316,
,26.8,34.3,228,8950,9.18,-90,10,1252,0,0,266016,
,27.9,33.8,226,8949,9.17,-89,10.8,1251,0,0,265716,
,26.5,34.2,226,8948,9.18,-90,10.5,1250,0,0,265416,
,24.3,30.9,226,8947,9.80,-90,10.5,1249,0,0,265116,
,24.0,31.1,231,8946,9.32,-90,11,1247,0,0,264816,
,24.7,31.4,230,8945,9.31,-90,10.5,1245,0,0,264516,
,22.9,30.4,230,8944,9.33,-90,10.2,1243,0,0,264216,
,21.5,30.0,231,8943,9.35,-90,10.5,1241,0,0,263916,
,26.6,31.4,230,8942,9.34,-90,10.2,1239,0,0,263616,
,25.1,30.8,233,8941,9.33,-90,11,1238,0,0,263316,
,25.0,28.9,231,8940,9.33,-89,10.2,1236,0,0,263016,
,28.6,32.0,234,8939,9.32,-90,10.8,1235,0,0,262716,
,26.2,31.3,231,8938,9.31,-90,10.2,1233,0,0,262416,
,24.3,31.1,231,8937,9.34,-89,10.8,1231,0,0,262116,
,26.2,34.6,233,8936,9.34,-90,11,1229,0,0,261816,
,25.7,32.1,229,8935,9.33,-90,10.5,1227,0,0,261516,
,24.6,31.1,231,8934,9.33,-90,10,1226,0,0,261216,
,26.2,31.3,231,8933,9.33,-90,10.8,1225,0,0,260916,
,24.3,29.9,231,8932,9.32,-91,10.2,1223,0,0,260616,
,23.7,29.8,230,8931,9.33,-89,11,1222,0,0,260316,
,25.7,30.9,229,8930,9.34,-90,10.5,1220,0,0,260016,
,24.8,31.2,232,8929,9.33,-90,10.2,1219,0,0,259716,
,24.4,29.6,237,8928,9.36,-90,10.5,1218,0,0,259416,
,24.4,30.1,229,8927,9.36,-90,11,1217,0,0,259116,
,25.6,32.4,231,8926,9.32,-90,10.8,1215,0,0,258816,
,25.1,29.6,230,8925,9.30,-91,10.2,1214,0,0,258516,
,25.7,30.1,227,8924,9.31,-90,10.5,1212,0,0,258216,
,22.9,29.8,232,8923,9.32,-90,10.2,1211,0,0,257916,
,24.3,29.5,230,8922,9.20,-90,10.2,1210,0,0,257616,
,26.4,31.8,228,8921,9.19,-90,10.5,1208,0,0,257316,
,21.1,30.2,233,8920,9.15,-91,11,1206,0,0,257016,
,22.4,27.6,228,8919,10.53,-91,10.8,1205,0,0,256716,
,23.5,30.1,226,8918,11.39,-90,10.5,1203,0,0,256416,
,23.5,28.6,227,8917,9.19,-90,10.2,1202,0,0,256116,
,25.5,30.5,231,8916,9.16,-90,10.5,1201,0,0,255816,
,23.5,29.0,225,8915,11.55,-90,10.2,1200,0,0,255516,
,19.2,25.6,228,8914,9.74,-90,10.8,1199,0,0,255216,
,23.8,28.6,226,8913,9.25,-91,10.8,1198,0,0,254916,
,20.2,27.1,232,8912,11.57,-90,10.2,1196,0,0,254616,
,24.7,29.2,239,8911,9.08,-90,10.5,1194,0,0,254316,
,21.6,25.9,234,8910,9.00,-90,10.5,1193,0,0,254016,
,22.4,28.7,240,8909,11.54,-90,10.5,1192,0,0,253716,
,22.1,28.3,230,8908,11.52,-90,10.5,1191,0,0,253416,
,23.1,26.5,224,8907,9.43,-91,10.8,1190,0,0,253116,
,23.3,28.1,236,8906,9.42,-90,10.2,1189,0,0,252816,
,22.1,30.7,238,8905,9.41,-90,10.2,1188,0,0,252516,
,22.9,27.7,240,8904,9.43,-90,10.5,1187,0,0,252216,
,22.1,28.0,235,8903,9.44,-90,10.5,1186,0,0,251916,
,21.1,26.6,233,8902,9.44,-90,10.8,1184,0,0,251616,
,21.9,28.4,241,8901,9.46,-91,10.5,1183,0,0,251316,
,20.3,25.7,240,8900,9.45,-90,10.5,1182,0,0,251016,
,21.7,26.3,235,8899,9.44,-90,10.2,1181,0,0,250716,
,22.1,28.7,237,8898,9.45,-89,10.8,1180,0,0,250416,
,20.4,25.2,241,8897,9.45,-90,10.2,1179,0,0,250116,
,22.1,26.9,239,8896,9.46,-90,10.2,1178,0,0,249816,
,21.6,26.1,241,8895,9.44,-90,10,1177,0,0,249516,
,19.6,24.9,238,8894,9.27,-90,10.5,1175,0,0,249217,
,16.8,23.5,240,8893,9.24,-90,10.8,1173,0,0,248916,
,20.9,25.6,237,8892,9.20,-90,10.8,1172,0,0,248616,
,21.0,24.1,239,8891,9.11,-90,10.2,1170,0,0,248316,
,18.4,24.6,241,8890,9.06,-91,11.5,1169,0,0,248016,
,19.5,23.1,241,8889,9.05,-90,10.8,1168,0,0,247716,
,19.6,23.2,229,8888,9.08,-90,10.2,1167,0,0,247416,
,18.3,23.1,237,8887,9.01,-89,10.5,1166,0,0,247116,
,18.0,20.3,238,8886,8.99,-90,10.8,1165,0,0,246816,
,19.7,21.8,234,8885,9.00,-90,10.5,1164,0,0,246516,
,18.0,20.4,220,8884,9.00,-90,10.2,1162,0,0,246216,
,14.5,19.6,227,8883,8.98,-90,10.5,1161,0,0,245916,
,17.4,21.4,228,8882,8.97,-91,10.5,1160,0,0,245616,
,18.4,21.7,231,8881,9.08,-90,10,1159,0,0,245317,
,16.0,20.0,232,8880,8.98,-89,10.5,1158,0,0,245016,
,18.0,21.2,216,8879,8.96,-90,10,1156,0,0,244716,
,14.8,19.6,219,8878,8.96,-90,10.5,1155,0,0,244416,
,15.6,20.1,223,8877,8.96,-91,10.5,1154,0,0,244116,
,15.6,19.8,224,8876,8.98,-90,11.2,1153,0,0,243816,
,16.6,20.0,232,8875,8.95,-90,10.5,1152,0,0,243516,
,16.8,19.5,227,8874,8.94,-91,10.8,1151,0,0,243216,
,16.2,19.9,230,8873,8.97,-90,10.2,1150,0,0,242916,
,16.0,19.1,226,8872,9.01,-91,10.8,1149,0,0,242616,
,13.3,15.8,232,8871,8.97,-90,10.2,1148,0,0,242316,
,12.0,16.9,233,8870,8.96,-91,10.5,1147,0,0,242016,
,15.5,17.8,241,8869,8.92,-90,10.5,1146,0,0,241716,
,13.9,17.8,239,8868,8.91,-90,10.5,1145,0,0,241417,
,14.6,17.0,237,8867,8.95,-90,10.2,1144,0,0,241116,
,13.9,17.5,252,8866,8.89,-90,10.2,1143,0,0,240816,
,14.8,16.8,246,8865,8.78,-90,10.8,1142,0,0,240516,
,15.3,19.5,244,8864,8.70,-90,10.2,1141,0,0,240216,
,12.4,16.9,241,8863,8.69,-90,10.2,1140,0,0,239916,
,11.6,16.0,243,8862,8.68,-90,10.2,1139,0,0,239616,
,13.0,15.8,246,8861,8.65,-90,10.2,1137,0,0,239317,
,13.5,14.8,257,8860,8.66,-90,10.2,1135,0,0,239016,
,12.3,16.3,244,8859,8.65,-91,10.8,1133,0,0,238716,
,11.6,15.9,248,8858,8.66,-90,10.8,1131,0,0,238416,
,12.3,14.4,260,8857,8.60,-90,10.5,1130,0,0,238116,
,11.7,14.6,257,8856,8.61,-90,10.8,1129,0,0,237816,
,9.6,12.7,257,8855,8.59,-90,10.2,1127,0,0,237516,
,10.7,15.6,261,8854,8.55,-90,10.8,1126,0,0,237216,
,11.8,14.9,255,8853,8.55,-90,10.5,1124,0,0,236916,
,11.5,13.2,268,8852,8.56,-90,10.2,1123,0,0,236616,
,11.7,13.8,272,8851,8.51,-90,10.2,1121,0,0,236316,
,11.5,13.4,270,8850,8.50,-90,10.8,1119,0,0,236016,
,11.6,14.2,271,8849,8.46,-90,10.5,1117,0,0,235716,
,12.1,14.6,277,8848,8.43,-90,10.2,1116,0,0,235417,
,11.2,13.2,274,8847,8.45,-90,10.5,1115,0,0,235116,
,11.1,14.9,283,8846,8.46,-89,10.8,1114,0,0,234816,
,13.5,15.9,285,8845,10.65,-90,10.5,1112,0,0,234516,
,12.8,15.7,288,8844,8.37,-90,10.8,1111,0,0,234216,
,13.7,16.7,289,8843,8.35,-89,10.8,1109,0,0,233916,
,12.1,18.1,282,8842,10.33,-89,10.8,1107,0,0,233616,
,12.3,17.0,282,8841,10.94,-89,10.8,1106,0,0,233320,
,15.0,18.5,284,8840,8.33,-89,10.8,1105,0,0,233016,
,12.0,14.8,284,8839,8.35,-90,10.2,1104,0,0,232716,
,9.9,14.1,281,8838,9.17,-90,10.2,1102,0,0,232416,
,11.2,14.1,281,8837,10.94,-90,8.5,1100,0,0,232116,
,12.6,14.9,290,8836,8.33,-90,10.5,1098,0,0,231816,
,11.2,14.8,287,8835,8.34,-89,11,1096,0,0,231517,
,11.9,14.2,288,8834,8.39,-89,11,1094,0,0,231216,
,13.4,15.1,292,8833,10.76,-89,10.5,1092,0,0,230916,
,12.3,14.5,290,8832,10.87,-90,10.5,1090,0,0,230616,
,11.5,16.5,295,8831,8.41,-90,10.5,1088,0,0,230316,
,13.5,16.7,292,8830,10.44,-90,10.8,1086,0,0,230016,
,13.6,15.9,283,8829,8.36,-90,10.8,1085,0,0,229716,
,14.4,17.2,290,8828,8.34,-90,10.2,1083,0,0,229417,
,12.5,14.6,289,8827,8.34,-90,10.8,1082,0,0,229116,
,12.9,14.9,298,8826,11.13,-90,10.2,1081,0,0,228816,
,13.5,16.1,300,8825,11.05,-89,10.8,1079,0,0,228516,
,13.0,15.9,294,8824,11.23,-90,10.8,1077,0,0,228216,
,13.0,17.6,290,8823,11.07,-90,10.8,1075,0,0,227916,
,12.7,16.0,291,8822,11.00,-90,10.2,1073,0,0,227617,
,11.4,13.0,298,8821,10.94,-90,10.5,1071,0,0,227316,
,9.8,11.7,290,8820,10.89,-90,10.5,1069,0,0,227016,
,9.5,12.9,287,8819,10.88,-90,11,1067,0,0,226716,
,10.2,12.7,287,8818,10.87,-90,10.5,1066,0,0,226416,
,11.6,13.9,296,8817,10.87,-90,10.8,1064,0,0,226116,
,12.5,14.7,288,8816,8.73,-90,10.8,1063,0,0,225816,
,12.0,14.7,289,8815,8.60,-89,10.8,1061,0,0,225517,
,13.0,18.1,286,8814,10.29,-89,10.8,1060,0,0,225216,
,13.9,18.0,289,8813,8.74,-90,10.8,1058,0,0,224916,
,13.7,17.4,288,8812,8.76,-90,10.5,1057,0,0,224616,
,14.9,17.8,289,8811,8.72,-90,10.5,1055,0,0,224316,
,15.4,20.1,285,8810,8.57,-90,10.2,1053,0,0,224016,
,15.2,18.4,287,8809,8.67,-90,10.8,1051,0,0,223717,
,14.9,17.5,286,8808,8.73,-90,10.5,1049,0,0,223416,
,13.0,15.1,285,8807,8.55,-90,10.2,1047,0,0,223116,
,15.3,19.1,280,8806,8.54,-90,10.2,1046,0,0,222816,
,14.4,17.9,280,8805,8.45,-90,10.5,1044,0,0,222516,
,11.6,13.4,283,8804,8.46,-90,10.5,1042,0,0,222216,
,12.9,16.0,285,8803,8.39,-90,10.5,1041,0,0,221916,
,13.8,16.2,286,8802,8.37,-90,11,1040,0,0,221617,
,13.0,16.5,284,8801,8.36,-90,10.8,1038,0,0,221316,
,12.4,16.9,292,8800,8.40,-90,10.5,1036,0,0,221016,
,12.7,15.9,292,8799,8.38,-90,10.8,1034,0,0,220716,
,14.3,16.7,289,8798,8.36,-90,10.5,1033,0,0,220416,
,15.7,18.7,282,8797,8.39,-89,10.5,1032,0,0,220116,
,12.9,15.1,281,8796,8.37,-90,10.5,1030,0,0,219817,
,14.0,17.4,287,8795,9.84,-90,10.8,1028,0,0,219517,
,13.5,16.7,286,8794,8.33,-90,10.8,1026,0,0,219216,
,14.8,18.2,285,8793,8.35,-90,10.5,1024,0,0,218916,
,16.5,20.3,282,8792,10.19,-90,10.5,1022,0,0,218616,
,17.9,19.6,288,8791,8.34,-89,10.8,1021,0,0,218316,
,15.8,17.9,290,8790,10.97,-89,11.2,1020,0,0,218016,
,15.2,19.4,290,8789,10.91,-90,10.2,1018,0,0,217717,
,15.5,18.8,287,8788,10.79,-90,10.5,1016,0,0,217416,
,16.7,19.2,289,8787,10.76,-89,10.5,1014,0,0,217116,
,15.4,17.5,288,8786,10.70,-90,10.5,1013,0,0,216816,
,14.6,17.5,286,8785,8.58,-90,10.5,1012,0,0,216516,
,11.6,17.3,288,8784,8.54,-90,10.5,1010,0,0,216216,
,10.6,15.1,287,8783,8.45,-90,10.8,1008,0,0,215917,
,12.4,14.8,292,8782,8.49,-90,10.2,1006,0,0,215617,
,12.7,16.7,286,8781,10.79,-90,10.2,1004,0,0,215316,
,15.7,17.5,281,8780,8.76,-90,10.8,1002,0,0,215016,
,11.1,14.0,283,8779,8.72,-90,10.8,1001,0,0,214716,
,10.7,14.9,283,8778,8.55,-90,10.5,1000,0,0,214416,
,14.5,18.1,285,8777,8.50,-90,10.2,998,0,0,214116,
,13.5,18.3,282,8776,10.83,-89,10.8,996,0,0,213817,
,13.9,16.7,285,8775,8.58,-90,10.2,995,0,0,213516,
,11.2,14.4,275,8774,8.42,-90,10.5,993,0,0,213216,
,12.6,15.0,268,8773,10.29,-90,10.5,991,0,0,212916,
,13.7,16.2,281,8772,8.82,-90,10,989,0,0,212616,
,14.3,19.2,288,8771,8.81,-90,10.8,988,0,0,212316,
,14.6,16.6,284,8770,8.80,-89,10.8,986,0,0,212017,
,13.4,18.1,284,8769,8.77,-89,11,985,0,0,211717,
,15.6,19.6,290,8768,8.77,-90,10.5,983,0,0,211416,
,16.5,20.1,287,8767,8.75,-90,10.5,981,0,0,211116,
,14.3,17.2,283,8766,8.81,-89,11,979,0,0,210817,
,14.2,17.2,276,8765,8.76,-90,10.5,977,0,0,210517,
,14.6,18.3,272,8764,8.76,-89,10.8,975,0,0,210217,
,18.7,24.8,271,8763,8.75,-90,10.5,974,0,0,209917,
,23.8,29.1,281,8762,8.74,-89,11,972,0,0,209617,
,25.6,29.7,285,8761,8.75,-89,11,971,0,0,209317,
,16.0,19.7,293,8760,8.77,-90,10.8,970,0,0,209017,
,15.4,18.6,300,8759,8.74,-89,10.8,969,0,0,208717,
,17.5,20.7,304,8758,8.73,-89,10.8,967,0,0,208417,
,18.5,23.5,301,8757,8.69,-89,10.8,966,0,0,208117,
,16.5,19.5,307,8756,8.68,-89,10.8,964,0,0,207817,
,18.0,21.2,294,8755,8.60,-89,11.2,962,0,0,207517,
,17.1,19.7,305,8754,8.55,-89,10.8,961,0,0,207217,
,15.2,21.6,298,8753,8.53,-89,11,959,0,0,206917,
,15.9,19.4,300,8752,10.84,-90,10.8,957,0,0,206617,
,13.9,20.5,295,8751,8.59,-89,11.2,956,0,0,206317,
,17.1,19.9,294,8750,10.18,-90,10.5,954,0,0,206017,
,14.3,20.7,297,8749,8.68,-90,10.5,952,0,0,205717,
,18.7,22.1,302,8748,8.68,-89,10.8,951,0,0,205417,
,18.0,21.4,288,8747,8.68,-90,10.2,950,0,0,205117,
,19.3,23.0,296,8746,8.66,-89,11.5,948,0,0,204817,
,16.7,20.3,296,8745,8.64,-89,11,947,0,0,204517,
,15.6,21.7,296,8744,8.73,-89,11.8,945,0,0,204217,
,16.7,21.1,297,8743,8.88,-88,11.2,944,0,0,203917,
,17.3,20.9,289,8742,8.61,-88,11,943,0,0,203617,
,17.5,23.5,294,8741,8.61,-89,10.8,942,0,0,203317,
,19.9,23.2,291,8740,8.62,-90,10.5,941,0,0,203017,
,15.9,20.7,292,8739,8.50,-89,11,939,0,0,202717,
,14.7,18.6,291,8738,10.87,-89,10.8,938,0,0,202417,
,16.2,21.3,295,8737,10.73,-89,10.8,936,0,0,202117,
,17.3,20.7,291,8736,8.76,-88,11,935,0,0,201817,
,14.7,21.4,296,8735,8.76,-90,10.8,934,0,0,201517,
,17.7,23.2,297,8734,8.76,-89,11,932,0,0,201217,
,17.3,20.8,301,8733,8.79,-90,10.5,931,0,0,200917,
,17.5,20.4,298,8732,8.83,-89,10.8,929,0,0,200617,
,11.4,16.2,292,8731,8.74,-88,11.2,928,0,0,200317,
,16.4,19.5,276,8730,8.72,-90,10.8,927,0,0,200017,
,17.6,23.3,273,8729,8.74,-89,11,926,0,0,199717,
,21.2,26.6,279,8728,8.69,-89,10.8,924,0,0,199417,
,19.5,23.7,280,8727,8.64,-89,11,923,0,0,199117,
,17.8,22.9,296,8726,11.08,-89,11,921,0,0,198817,
,19.0,21.8,301,8725,8.71,-88,11,920,0,0,198517,
,18.3,21.3,297,8724,8.68,-89,11,919,0,0,198217,
,16.0,21.2,287,8723,8.67,-89,10.5,917,0,0,197917,
,17.5,22.4,292,8722,9.10,-89,11,916,0,0,197617,
,17.0,21.8,288,8721,8.57,-88,11,915,0,0,197317,
,18.5,23.6,290,8720,10.15,-89,11,914,0,0,197017,
,18.2,21.7,290,8719,9.27,-90,10.8,913,0,0,196717,
,20.0,22.5,292,8718,8.46,-88,10.8,911,0,0,196417,
,21.3,24.8,287,8717,9.03,-89,11,909,0,0,196117,
,17.3,21.2,296,8716,10.36,-88,10.8,907,0,0,195817,
,17.2,21.4,288,8715,8.77,-89,10.8,906,0,0,195517,
,17.1,20.9,292,8714,8.81,-89,10.8,905,0,0,195217,
,17.3,21.3,287,8713,8.78,-89,11,903,0,0,194917,
,17.3,21.7,297,8712,8.88,-89,11,901,0,0,194617,
,16.9,24.7,291,8711,8.82,-88,11.2,900,0,0,194317,
,18.2,20.4,293,8710,8.77,-89,10.8,898,0,0,194017,
,16.2,20.8,293,8709,8.81,-90,10.5,896,0,0,193717,
,18.8,22.3,292,8708,8.81,-89,11,894,0,0,193417,
,14.3,18.9,289,8707,8.75,-88,11.2,892,0,0,193117,
,16.8,21.8,295,8706,8.71,-88,11,890,0,0,192817,
,15.5,20.7,294,8705,8.68,-89,11,889,0,0,192517,
,19.7,24.2,299,8704,8.56,-89,11,887,0,0,192217,
,17.9,22.5,299,8703,9.30,-88,10.8,885,0,0,191917,
,16.1,20.4,286,8702,8.47,-89,11.5,883,0,0,191617,
,17.0,20.3,285,8701,8.93,-88,11.2,882,0,0,191317,
,15.3,19.2,292,8700,8.87,-89,11.2,881,0,0,191017,
,19.8,24.5,291,8699,8.79,-88,10.8,879,0,0,190717,
,18.4,24.1,286,8698,8.73,-89,10.8,877,0,0,190417,
,17.9,24.8,288,8697,8.74,-89,10.8,876,0,0,190117,
,18.3,21.9,285,8696,8.73,-89,11.2,874,0,0,189817,
,17.3,21.6,288,8695,8.72,-88,11.2,873,0,0,189517,
,16.0,23.7,295,8694,8.64,-89,11,871,0,0,189217,
,20.7,25.4,291,8693,8.49,-89,11,870,0,0,188917,
,15.0,20.9,286,8692,8.46,-90,10.8,868,0,0,188617,
,19.0,23.3,293,8691,8.52,-88,11,866,0,0,188317,
,21.2,24.1,293,8690,8.41,-88,10.5,865,0,0,188017,
,19.5,23.2,292,8689,8.53,-90,10.5,864,0,0,187717,
,18.5,25.4,290,8688,8.53,-89,11,862,0,0,187417,
,22.1,27.3,288,8687,10.81,-88,10.8,860,0,0,187117,
,18.9,24.6,292,8686,8.47,-89,11,858,0,0,186817,
,20.2,27.4,300,8685,8.63,-88,10.2,857,0,0,186517,
,20.6,25.0,300,8684,11.04,-88,11,855,0,0,186217,
,19.9,24.5,295,8683,9.03,-89,10.8,854,0,0,185917,
,19.9,24.8,297,8682,9.05,-88,10.8,853,0,0,185617,
,21.5,27.8,301,8681,9.08,-89,11.2,851,0,0,185317,
,21.8,26.4,299,8680,9.14,-89,11,850,0,0,185017,
,18.6,24.1,294,8679,9.14,-89,11.8,848,0,0,184717,
,19.1,23.0,290,8678,9.18,-88,11,846,0,0,184417,
,20.2,24.3,294,8677,9.15,-89,10.5,845,0,0,184117,
,18.3,23.8,294,8676,9.20,-90,10.8,844,0,0,183817,
,19.8,25.4,295,8675,9.24,-89,11.2,843,0,0,183517,
,18.3,21.3,301,8674,9.25,-89,10.8,841,0,0,183217,
,17.6,20.6,296,8673,9.22,-89,11.2,840,0,0,182917,
,18.8,24.0,287,8672,9.23,-89,11,838,0,0,182617,
,22.3,26.4,298,8671,9.23,-88,10.2,837,0,0,182317,
,21.4,25.5,291,8670,9.24,-89,11.5,835,0,0,182017,
,19.3,24.3,298,8669,9.23,-89,11,833,0,0,181717,
,16.9,21.1,310,8668,9.22,-90,10.8,831,0,0,181417,
,15.4,21.8,311,8667,9.21,-89,10.8,829,0,0,181117,
,18.2,24.0,314,8666,9.20,-88,11.2,828,0,0,180817,
,16.8,23.3,312,8665,9.19,-90,10.5,826,0,0,180517,
,18.0,24.9,327,8664,9.15,-88,11,825,0,0,180217,
,18.1,27.2,314,8663,9.16,-90,10.5,824,0,0,179917,
,22.2,28.2,310,8662,9.14,-90,10.5,823,0,0,179617,
,18.2,24.0,306,8661,9.06,-89,11,821,0,0,179317,
,22.3,27.8,308,8660,9.01,-89,10.8,820,0,0,179017,
,22.6,26.7,298,8659,8.98,-89,11.2,819,0,0,178717,
,19.9,25.9,301,8658,8.93,-89,10.8,818,0,0,178417,
,21.7,29.1,289,8657,8.91,-88,10.5,816,0,0,178117,
,19.0,23.7,287,8656,8.94,-88,11.5,815,0,0,177817,
,23.3,28.0,297,8655,8.92,-89,11.2,814,0,0,177517,
,22.7,28.0,298,8654,11.41,-90,10.5,813,0,0,177217,
,18.9,24.9,306,8653,8.91,-89,10.8,812,0,0,176917,
,21.4,29.1,309,8652,8.90,-89,11.2,810,0,0,176617,
,20.4,24.4,303,8651,8.87,-89,11.2,809,0,0,176317,
,18.5,22.1,307,8650,10.72,-89,11,808,0,0,176017,
,13.3,19.9,314,8649,11.50,-90,10.8,807,0,0,175717,
,18.1,29.9,312,8648,8.91,-90,10.8,805,0,0,175417,
,20.8,27.6,303,8647,8.89,-89,11,803,0,0,175117,
,17.2,23.1,309,8646,8.86,-90,10.2,801,0,0,174817,
,21.2,27.8,309,8645,8.85,-89,10.8,799,0,0,174517,
,21.4,30.2,292,8644,9.59,-90,10.8,797,0,0,174217,
,26.0,29.2,298,8643,9.22,-90,10.5,795,0,0,173917,
,21.9,28.5,301,8642,8.82,-90,10.5,794,0,0,173617,
,23.0,27.6,292,8641,9.53,-89,10.8,793,0,0,173317,
,20.0,23.9,302,8640,8.77,-89,11,792,0,0,173017,
,21.4,26.1,302,8639,8.89,-90,11.2,791,0,0,172717,
,20.4,26.2,309,8638,8.77,-90,10.5,790,0,0,172417,
,18.9,24.6,298,8637,8.85,-89,10.8,788,0,0,172117,
,23.0,28.2,298,8636,8.85,-89,10.5,787,0,0,171817,
,20.5,28.5,291,8635,8.93,-89,10.5,786,0,0,171517,
,22.1,28.4,305,8634,11.71,-89,10.8,785,0,0,171217,
,21.0,26.3,300,8633,11.59,-89,11,783,0,0,170917,
,23.0,26.6,306,8632,11.52,-89,10.8,782,0,0,170617,
,23.5,28.4,295,8631,11.37,-89,11,780,0,0,170317,
,22.0,26.8,300,8630,9.42,-89,10.8,779,0,0,170017,
,23.3,26.6,301,8629,9.43,-89,10.5,778,0,0,169717,
,23.0,26.9,303,8628,9.45,-90,10.8,777,0,0,169417,
,21.2,26.0,298,8627,9.43,-89,10.8,776,0,0,169117,
,22.4,31.1,309,8626,9.37,-88,10.8,774,0,0,168817,
,19.9,25.5,305,8625,9.37,-89,11,773,0,0,168517,
,21.6,26.5,300,8624,9.37,-89,11,771,0,0,168217,
,17.6,21.3,281,8623,9.38,-89,10.5,770,0,0,167917,
,17.2,23.6,290,8622,9.35,-88,11,769,0,0,167617,
,21.2,25.7,299,8621,9.29,-89,11.2,768,0,0,167317,
,22.1,26.8,296,8620,9.28,-89,10.8,767,0,0,167017,
,22.1,26.4,294,8619,9.26,-89,11,766,0,0,166717,
,20.6,27.1,311,8618,9.29,-88,10.8,765,0,0,166417,
,20.4,26.2,308,8617,9.23,-88,10.8,763,0,0,166117,
,22.2,27.0,294,8616,9.19,-89,11.8,761,0,0,165817,
,20.8,26.2,290,8615,9.21,-88,10.8,760,0,0,165517,
,23.1,28.7,296,8614,9.18,-89,10.8,759,0,0,165217,
,21.9,26.7,304,8613,9.19,-88,10.8,758,0,0,164917,
,21.3,27.3,302,8612,9.00,-89,11,756,0,0,164617,
,24.3,30.1,300,8611,8.95,-89,11,754,0,0,164317,
,21.7,26.8,307,8610,8.95,-89,10.8,752,0,0,164017,
,24.7,29.8,302,8609,8.96,-89,10.5,751,0,0,163717,
,22.2,29.3,301,8608,8.95,-89,11.2,750,0,0,163417,
,22.4,30.4,306,8607,8.94,-89,10.5,749,0,0,163117,
,22.0,27.4,305,8606,8.94,-88,10.5,747,0,0,162817,
,22.3,27.4,303,8605,8.89,-90,10.8,745,0,0,162517,
,23.1,28.5,305,8604,11.30,-88,10.5,744,0,0,162217,
,21.8,26.9,297,8603,8.84,-89,11.2,743,0,0,161917,
,22.5,28.5,304,8602,8.91,-90,10.8,742,0,0,161617,
,19.9,23.7,304,8601,8.90,-89,10.8,740,0,0,161317,
,19.0,23.2,306,8600,8.82,-89,10.8,739,0,0,161017,
,20.0,22.6,303,8599,8.88,-90,10.8,737,0,0,160717,
,20.4,27.5,299,8598,8.95,-89,10.8,736,0,0,160417,
,21.5,27.8,306,8597,9.06,-89,10.8,735,0,0,160117,
,22.5,28.9,301,8596,9.25,-89,10.8,733,0,0,159817,
,25.2,30.4,297,8595,8.77,-88,10.5,731,0,0,159517,
,24.4,29.1,301,8594,8.75,-89,11,729,0,0,159217,
,23.0,31.5,301,8593,11.24,-88,11,727,0,0,158917,
,26.1,31.6,302,8592,11.88,-89,11,726,0,0,158617,
,20.2,24.3,308,8591,11.71,-89,10.8,725,0,0,158317,
,19.6,25.4,300,8590,11.71,-88,10.5,724,0,0,158017,
,21.3,27.4,295,8589,11.61,-89,11.5,723,0,0,157717,
,24.2,32.4,292,8588,11.34,-89,11,722,0,0,157417,
,20.6,24.8,294,8587,11.25,-89,10.8,720,0,0,157117,
,17.2,22.3,314,8586,9.18,-89,10.5,719,0,0,156817,
,19.6,23.9,307,8585,9.16,-88,10.8,717,0,0,156517,
,21.9,26.3,303,8584,9.13,-90,10.2,715,0,0,156217,
,18.2,23.3,312,8583,9.12,-89,11,714,0,0,155917,
,16.8,29.9,312,8582,9.09,-89,10.8,712,0,0,155617,
,19.7,27.5,317,8581,9.07,-89,10.8,710,0,0,155317,
,23.5,28.4,301,8580,8.97,-88,11,708,0,0,155017,
,21.2,25.2,305,8579,8.90,-89,10.5,707,0,0,154717,
,22.9,26.9,301,8578,8.92,-89,10.5,706,0,0,154417,
,22.9,28.3,299,8577,8.92,-89,11,705,0,0,154117,
,20.8,25.1,307,8576,8.88,-88,11,704,0,0,153817,
,21.8,28.4,313,8575,8.72,-89,10.5,703,0,0,153517,
,22.0,29.0,309,8574,8.79,-88,11,702,0,0,153217,
,18.3,27.7,314,8573,10.28,-89,11.2,701,0,0,152917,
,24.2,27.9,304,8572,9.12,-89,10.5,699,0,0,152617,
,12.2,18.4,298,8571,10.84,-89,11,698,0,0,152317,
,14.8,18.0,288,8570,10.55,-89,10.8,697,0,0,152017,
,18.0,25.1,288,8569,8.69,-90,10.8,696,0,0,151717,
,23.4,34.7,287,8568,9.54,-90,10,695,0,0,151417,
,28.4,32.4,301,8567,10.72,-89,11,694,0,0,151117,
,24.3,33.0,298,8566,8.93,-88,11,692,0,0,150817,
,21.4,28.2,308,8565,8.96,-89,11,691,0,0,150517,
,18.9,27.0,321,8564,8.92,-88,11.2,690,0,0,150217,
,18.1,24.2,324,8563,8.88,-89,11.2,689,0,0,149917,
,17.7,23.9,320,8562,9.64,-89,10.8,688,0,0,149617,
,15.6,20.6,313,8561,8.74,-89,11,687,0,0,149317,
,20.4,28.9,292,8560,8.59,-90,10.2,686,0,0,149017,
,19.0,25.5,315,8559,9.14,-88,10.5,685,0,0,148717,
,22.5,30.1,308,8558,9.06,-89,10.8,684,0,0,148417,
,18.4,24.7,317,8557,9.06,-88,11.5,683,0,0,148117,
,21.2,27.3,311,8556,8.58,-88,11.5,682,0,0,147817,
,21.1,27.2,312,8555,8.63,-89,10.8,681,0,0,147517,
,21.2,27.1,307,8554,8.95,-88,10.5,679,0,0,147217,
,20.5,25.2,302,8553,9.03,-90,11,678,0,0,146917,
,20.2,26.6,297,8552,10.23,-89,10.8,676,0,0,146617,
,18.7,23.9,311,8551,9.98,-89,11,674,0,0,146317,
,21.7,31.1,323,8550,8.36,-89,10.8,673,0,0,146017,
,21.7,31.1,323,8550,8.36,-89,10.8,673,0,0,146017,
,22.3,29.1,329,8549,9.06,-88,10.2,671,0,0,145717,
,19.6,29.6,324,8548,9.06,-88,10.5,670,0,0,145417,
,18.6,25.1,321,8547,8.49,-90,10.5,668,0,0,145117,
,17.7,26.8,323,8546,8.90,-89,10.8,666,0,0,144817,
,20.8,26.2,312,8545,8.96,-88,10.5,665,0,0,144517,
,24.2,29.2,309,8544,8.91,-89,10.8,663,0,0,144217,
,19.8,28.4,320,8543,8.53,-88,10,662,0,0,143917,
,23.6,28.9,310,8542,10.44,-88,10.8,660,0,0,143617,
,18.9,29.7,317,8541,8.45,-89,11,659,0,0,143317,
,19.6,27.5,318,8540,9.11,-89,10.8,658,0,0,143017,
,19.0,24.9,301,8539,8.53,-90,11,657,0,0,142717,
,20.2,28.7,298,8538,9.19,-89,11,656,0,0,142417,
,24.4,29.6,305,8537,8.59,-90,10.2,655,0,0,142117,
,27.8,34.4,285,8536,9.07,-88,11,653,0,0,141817,
,20.2,27.0,283,8535,8.56,-89,11.2,652,0,0,141517,
,28.0,37.4,291,8534,8.97,-90,11,651,0,0,141217,
,22.1,28.7,309,8533,8.40,-89,11,649,0,0,140917,
,19.2,27.5,308,8532,8.92,-89,11,647,0,0,140617,
,19.6,26.3,312,8531,8.50,-89,10.8,646,0,0,140317,
,18.9,25.3,321,8530,8.33,-88,10.5,644,0,0,140017,
,19.6,28.6,321,8529,8.51,-89,10.8,643,0,0,139717,
,22.8,30.3,319,8528,8.34,-90,10.5,642,0,0,139417,
,17.4,22.2,292,8527,9.01,-89,10.8,640,0,0,139117,
,18.2,31.0,307,8526,9.09,-90,11,638,0,0,138817,
,30.8,38.1,294,8525,9.82,-88,10.8,636,0,0,138517,
,20.1,28.5,311,8524,8.33,-89,10.5,634,0,0,138217,
,22.5,26.9,310,8523,8.46,-90,10.8,632,0,0,137917,
,18.3,24.4,316,8522,8.32,-90,11,631,0,0,137617,
,19.4,28.3,321,8521,9.89,-89,11,629,0,0,137317,
,23.1,35.0,324,8520,8.76,-89,11,628,0,0,137017,
,28.3,33.3,331,8519,8.63,-89,11.2,627,0,0,136717,
,20.6,27.1,318,8518,8.58,-90,10.5,626,0,0,136417,
,22.1,29.7,322,8517,8.35,-89,10.5,625,0,0,136117,
,22.9,28.3,313,8516,8.51,-88,11.2,623,0,0,135817,
,19.8,25.1,314,8515,8.45,-90,10.5,621,0,0,135517,
,15.1,24.1,300,8514,9.85,-90,10.8,620,0,0,135217,
,21.4,25.7,304,8513,9.82,-90,11,618,0,0,134917,
,19.2,26.7,312,8512,8.35,-90,10.8,617,0,0,134617,
,25.9,34.0,326,8511,8.31,-88,11.2,615,0,0,134317,
,25.4,31.6,332,8510,8.39,-88,11.5,613,0,0,134017,
,26.9,35.4,308,8509,10.48,-89,10.5,611,0,0,133717,
,20.4,33.4,317,8508,8.63,-90,10.8,609,0,0,133417,
,20.5,26.4,313,8507,8.62,-89,10.8,607,0,0,133117,
,20.4,27.1,315,8506,8.57,-90,10.8,605,0,0,132817,
,20.3,27.5,319,8505,8.52,-89,10.8,604,0,0,132517,
,19.6,25.9,298,8504,8.36,-90,10.5,602,0,0,132217,
,20.5,29.0,287,8503,9.02,-90,10.5,601,0,0,131917,
,21.5,25.7,288,8502,8.48,-89,11.2,600,0,0,131617,
,20.7,27.4,293,8501,8.49,-90,10.8,598,0,0,131317,
,23.1,27.7,289,8500,10.06,-88,10.5,596,0,0,131017,
,23.0,26.2,289,8499,8.47,-89,11,595,0,0,130717,
,20.6,25.6,286,8498,8.52,-89,10.5,593,0,0,130417,
,30.7,40.6,300,8497,8.34,-89,10.8,591,0,0,130117,
,23.4,31.9,285,8496,8.29,-89,10.5,589,0,0,129817,
,19.3,26.9,283,8495,8.32,-90,11.2,587,0,0,129517,
,24.4,30.7,280,8494,8.30,-89,10.8,585,0,0,129217,
,26.2,30.4,283,8493,9.89,-89,10.8,584,0,0,128917,
,27.1,35.1,299,8492,10.12,-89,10.8,582,0,0,128617,
,29.1,40.2,298,8491,9.23,-89,11,581,0,0,128317,
,32.1,37.3,304,8490,9.93,-88,11,580,0,0,128017,
,24.1,30.8,312,8489,8.28,-88,11.5,579,0,0,127717,
,21.7,28.5,307,8488,8.29,-88,11,577,0,0,127417,
,23.5,29.2,306,8487,10.59,-88,10.2,575,0,0,127117,
,22.0,28.0,281,8486,8.31,-89,10.8,573,0,0,126817,
,21.9,31.8,277,8485,8.30,-89,10.8,571,0,0,126517,
,28.4,33.7,272,8484,8.45,-88,11,569,0,0,126217,
,26.0,33.0,305,8483,8.55,-89,10.8,567,0,0,125917,
,24.7,30.1,305,8482,10.48,-89,11,566,0,0,125617,
,14.4,23.6,318,8481,8.52,-89,11,565,0,0,125317,
,14.8,20.0,305,8480,8.33,-88,11,563,0,0,125017,
,17.9,22.8,297,8479,9.06,-89,11,561,0,0,124717,
,17.4,22.7,289,8478,8.57,-90,10.5,560,0,0,124417,
,19.2,32.4,286,8477,8.55,-90,10.5,559,0,0,124117,
,27.8,36.4,288,8476,8.39,-90,10.8,558,0,0,123817,
,28.7,36.1,291,8475,8.44,-88,11,557,0,0,123517,
,25.1,30.3,303,8474,9.25,-88,10.5,556,0,0,123217,
,23.5,29.3,310,8473,9.91,-90,10.5,555,0,0,122917,
,24.8,32.1,301,8472,9.48,-90,10.8,554,0,0,122617,
,24.8,30.3,293,8471,8.71,-89,11,553,0,0,122317,
,26.2,31.8,307,8470,8.78,-89,10.8,552,0,0,122017,
,27.0,33.2,305,8469,8.67,-89,10.8,551,0,0,121717,
,25.5,30.6,303,8468,9.16,-89,10.8,550,0,0,121417,
,26.5,33.6,302,8467,8.60,-89,11,549,0,0,121117,
,18.7,25.2,308,8466,8.31,-88,10.8,548,0,0,120817,
,21.0,24.8,302,8465,8.32,-89,10.8,547,0,0,120517,
,19.7,29.4,313,8464,8.95,-88,11.8,546,0,0,120217,
,21.8,26.5,313,8463,8.31,-88,11,545,0,0,119917,
,23.7,29.7,311,8462,8.32,-88,11.2,544,0,0,119617,
,25.7,29.2,305,8461,9.73,-89,10.8,543,0,0,119317,
,18.6,25.5,317,8460,8.32,-89,11,542,0,0,119017,
,21.4,27.8,329,8459,8.50,-88,11.2,541,0,0,118717,
,23.5,29.0,328,8458,9.91,-89,11,540,0,0,118417,
,27.0,33.1,312,8457,8.34,-89,10.8,539,0,0,118117,
,19.9,29.2,313,8456,9.82,-89,11,538,0,0,117817,
,23.5,30.9,308,8455,8.33,-89,10.8,537,0,0,117517,
,29.7,36.5,302,8454,8.31,-88,11.2,536,0,0,117217,
,27.1,36.2,304,8453,8.31,-88,11.2,535,0,0,116917,
,24.8,32.3,310,8452,8.30,-88,11.5,534,0,0,116617,
,23.3,30.6,313,8451,10.06,-88,10.2,533,0,0,116317,
,20.2,28.3,296,8450,9.97,-90,10.8,532,0,0,116017,
,14.9,21.1,309,8449,8.92,-90,10.5,531,0,0,115717,
,15.2,19.8,312,8448,8.47,-90,10.5,530,0,0,115417,
,14.7,19.0,310,8447,8.58,-90,10.2,529,0,0,115117,
,17.0,36.3,314,8446,8.55,-89,11.2,528,0,0,114817,
,35.0,40.0,301,8445,8.53,-89,11.2,527,0,0,114517,
,29.9,36.1,310,8444,8.46,-89,10.5,526,0,0,114217,
,21.9,27.7,322,8443,9.96,-88,11.2,525,0,0,113917,
,25.9,31.3,329,8442,8.50,-89,10.8,524,0,0,113617,
,24.6,30.9,305,8441,8.28,-89,11,523,0,0,113317,
,23.2,29.5,305,8440,8.53,-88,11,522,0,0,113017,
,18.3,24.5,291,8439,9.06,-88,11.2,521,0,0,112717,
,20.2,29.1,271,8438,8.31,-89,11,520,0,0,112417,
,30.4,44.6,271,8437,8.37,-88,11,519,0,0,112117,
,20.6,35.8,308,8436,9.08,-89,10.8,518,0,0,111817,
,17.4,22.5,290,8435,8.97,-88,11.2,517,0,0,111517,
,20.5,24.0,283,8434,9.06,-88,11.5,516,0,0,111217,
,17.4,25.6,290,8433,8.56,-89,11,515,0,0,110918,
,16.7,25.0,341,8432,8.47,-88,10.5,514,0,0,110617,
,21.8,29.4,334,8431,9.59,-88,11.2,513,0,0,110317,
,19.1,24.6,342,8430,8.32,-88,11,512,0,0,110017,
,22.6,30.4,341,8429,8.33,-89,10.5,511,0,0,109717,
,28.7,33.9,341,8428,8.32,-88,10.5,510,0,0,109417,
,23.9,31.7,324,8427,9.17,-88,10.2,509,0,0,109117,
,20.8,31.1,316,8426,9.05,-88,11.2,508,0,0,108817,
,17.1,26.3,311,8425,8.29,-88,11.5,507,0,0,108517,
,16.5,23.2,315,8424,8.50,-88,11,506,0,0,108217,
,22.0,30.9,326,8423,8.94,-88,11,505,0,0,107917,
,22.6,32.7,333,8422,8.30,-88,11,504,0,0,107617,
,22.6,31.1,327,8421,9.19,-88,10.8,503,0,0,107317,
,23.7,31.8,320,8420,9.14,-87,10.5,502,0,0,107018,
,23.8,30.2,312,8419,8.29,-90,10.8,501,0,0,106717,
,23.3,30.6,311,8418,9.08,-89,10,500,0,0,106417,
,22.3,30.7,316,8417,8.43,-88,11.5,499,0,0,106117,
,22.8,29.5,324,8416,8.89,-88,10.2,498,0,0,105817,
,22.0,29.9,316,8415,8.94,-88,11,497,0,0,105517,
,21.0,29.0,324,8414,8.95,-88,11,496,0,0,105217,
,19.1,27.7,320,8413,8.98,-90,10.8,495,0,0,104917,
,17.4,26.0,327,8412,9.00,-89,10.8,494,0,0,104617,
,22.9,34.6,325,8411,9.01,-88,10,493,0,0,104317,
,32.1,37.5,336,8410,9.00,-89,10.5,492,0,0,104017,
,30.0,40.8,311,8409,8.52,-89,11,491,0,0,103717,
,20.1,31.4,322,8408,8.42,-89,11,490,0,0,103417,
,19.4,26.2,320,8407,9.00,-89,10.8,489,0,0,103118,
,23.5,28.8,312,8406,9.10,-88,11.5,488,0,0,102817,
,21.2,31.0,320,8405,8.59,-89,10.8,487,0,0,102517,
,21.6,33.0,317,8404,8.57,-88,11.8,486,0,0,102217,
,22.9,26.3,320,8403,9.04,-89,10.8,485,0,0,101917,
,20.1,27.4,318,8402,8.51,-89,11.2,484,0,0,101617,
,23.8,31.1,316,8401,9.39,-88,10.8,483,0,0,101317,
,21.2,29.8,324,8400,8.53,-88,11.2,482,0,0,101017,
,21.9,28.9,324,8399,8.62,-88,11,481,0,0,100717,
,21.1,29.1,317,8398,8.65,-88,11,480,0,0,100417,
,20.6,29.5,322,8397,8.64,-88,10.8,479,0,0,100117,
,23.6,32.6,324,8396,9.17,-89,11,478,0,0,99817,
,22.9,33.3,320,8395,8.72,-88,11.2,477,0,0,99517,
,26.2,43.0,313,8394,9.39,-89,11,476,0,0,99218,
,21.1,27.2,314,8393,10.02,-89,11,475,0,0,98917,
,21.1,33.0,310,8392,8.86,-88,10,474,0,0,98617,
,26.1,33.7,311,8391,8.77,-88,10.8,473,0,0,98317,
,24.1,32.4,315,8390,8.75,-88,11,472,0,0,98017,
,22.0,38.8,320,8389,8.72,-88,11,471,0,0,97717,
,31.2,39.0,315,8388,8.63,-88,11.2,470,0,0,97417,
,28.7,34.6,332,8387,8.65,-88,10.8,469,0,0,97117,
,26.6,36.1,332,8386,8.66,-89,10.5,468,0,0,96817,
,26.8,32.7,333,8385,8.71,-88,11.5,467,0,0,96517,
,20.8,31.0,321,8384,8.70,-89,10.8,466,0,0,96217,
,22.6,34.3,313,8383,9.06,-88,11,465,0,0,95917,
,22.6,32.2,316,8382,8.69,-89,11.2,464,0,0,95617,
,23.9,31.0,312,8381,8.94,-89,10.8,463,0,0,95318,
,18.0,23.1,319,8380,10.54,-89,11,462,0,0,95017,
,16.1,34.0,322,8379,8.76,-90,11,461,0,0,94717,
,25.9,34.5,318,8378,10.38,-88,10.5,460,0,0,94417,
,21.8,28.4,314,8377,8.72,-89,11,459,0,0,94117,
,24.6,29.9,309,8376,8.70,-89,10.8,458,0,0,93817,
,21.5,29.5,311,8375,8.77,-89,10.8,457,0,0,93517,
,22.5,26.8,314,8374,9.49,-89,10.8,456,0,0,93218,
,21.1,30.7,324,8373,8.85,-88,10.8,455,0,0,92917,
,23.5,35.4,325,8372,11.20,-89,11.2,454,0,0,92617,
,27.5,35.9,328,8371,9.00,-89,11,453,0,0,92317,
,24.9,33.2,307,8370,9.27,-89,10.8,452,0,0,92017,
,25.2,36.9,311,8369,9.25,-89,10.8,451,0,0,91717,
,28.3,37.3,310,8368,9.18,-88,10,450,0,0,91418,
,25.0,32.3,316,8367,10.45,-89,10.5,449,0,0,91117,
,24.5,34.2,317,8366,9.26,-90,11,448,0,0,90817,
,23.6,34.4,320,8365,9.23,-89,11,447,0,0,90517,
,26.6,35.6,324,8364,9.04,-88,11.2,446,0,0,90217,
,25.1,39.0,314,8363,9.22,-88,11.2,445,0,0,89917,
,23.4,34.1,313,8362,9.15,-88,11.8,444,0,0,89617,
,28.0,39.6,314,8361,10.42,-89,10.5,443,0,0,89318,
,27.9,36.3,303,8360,9.23,-88,10.8,442,0,0,89017,
,26.8,36.7,308,8359,9.20,-90,10.5,441,0,0,88717,
,23.6,34.6,312,8358,10.64,-89,11,439,0,0,88417,
,31.9,38.8,306,8357,9.25,-89,10.2,438,0,0,88117,
,30.7,36.2,299,8356,9.23,-88,11,436,0,0,87817,
,29.6,37.6,294,8355,9.13,-89,10.5,434,0,0,87518,
,29.7,36.9,296,8354,9.20,-89,10,432,0,0,87217,
,27.1,35.3,303,8353,9.24,-88,11.5,431,0,0,86917,
,29.5,38.1,292,8352,9.05,-88,11,429,0,0,86617,
,28.4,38.4,299,8351,8.89,-88,11.2,428,0,0,86317,
,24.8,35.0,302,8350,9.45,-88,10.8,426,0,0,86017,
,31.9,38.7,307,8349,8.81,-88,10.8,425,0,0,85717,
,29.5,37.7,307,8348,10.58,-89,11,424,0,0,85418,
,27.8,36.1,301,8347,8.84,-90,10.5,422,0,0,85117,
,29.4,40.7,301,8346,11.00,-89,10.8,421,0,0,84817,
,29.6,38.2,301,8345,9.13,-89,11,419,0,0,84517,
,28.1,35.9,299,8344,9.65,-88,11.2,417,0,0,84217,
,30.8,36.0,304,8343,10.98,-90,10.2,415,0,0,83917,
,31.3,36.7,291,8342,9.32,-88,11.2,414,0,0,83618,
,20.2,34.9,318,8341,9.30,-88,11.8,412,0,0,83317,
,27.3,36.3,316,8340,9.98,-89,11.2,411,0,0,83017,
,28.5,36.0,291,8339,9.32,-88,11.2,410,0,0,82717,
,31.5,39.8,307,8338,10.01,-88,10.8,408,0,0,82417,
,25.6,35.3,309,8337,9.13,-88,11,406,0,0,82117,
,24.5,34.9,297,8336,9.21,-89,10.5,405,0,0,81818,
,33.1,45.1,302,8335,9.16,-88,10.8,404,0,0,81518,
,31.5,38.7,301,8334,9.13,-88,11.2,403,0,0,81217,
,28.9,36.1,298,8333,9.12,-89,11.2,402,0,0,80917,
,27.9,40.9,295,8332,9.12,-89,10.8,400,0,0,80617,
,28.8,39.3,290,8331,9.10,-88,11,399,0,0,80317,
,31.1,38.3,298,8330,9.06,-89,11.2,398,0,0,80017,
,30.0,36.1,295,8329,8.98,-89,11,397,0,0,79718,
,28.3,38.7,297,8328,8.90,-88,11,396,0,0,79418,
,28.3,38.7,297,8328,8.90,-88,11,396,0,0,79418,
,28.2,34.2,297,8327,10.84,-88,11.2,395,0,0,79117,
,28.0,36.9,303,8326,9.26,-89,11.2,393,0,0,78817,
,31.5,38.7,302,8325,9.25,-88,11.2,391,0,0,78517,
,27.4,37.3,310,8324,9.25,-88,11.2,390,0,0,78217,
,31.2,40.1,299,8323,9.14,-88,11,388,0,0,77918,
,32.0,38.1,302,8322,9.23,-89,10.8,386,0,0,77618,
,31.9,36.4,301,8321,9.87,-90,10.5,385,0,0,77317,
,26.9,36.8,293,8320,9.17,-89,10.8,383,0,0,77017,
,28.7,35.3,292,8319,9.15,-88,10.8,381,0,0,76717,
,29.9,35.7,304,8318,10.76,-88,11,379,0,0,76417,
,31.9,37.9,301,8317,8.97,-88,11,377,0,0,76117,
,28.3,36.9,293,8316,10.30,-89,10.8,375,0,0,75818,
,28.9,37.5,295,8315,8.87,-88,10.8,374,0,0,75518,
,29.7,40.9,306,8314,8.90,-89,11.5,372,0,0,75217,
,28.4,38.5,293,8313,8.84,-88,11.2,371,0,0,74917,
,29.9,37.0,300,8312,8.93,-89,11.2,370,0,0,74617,
,26.9,38.2,290,8311,8.79,-89,11,369,0,0,74317,
,31.1,43.7,292,8310,8.78,-88,10.8,368,0,0,74018,
,36.9,48.2,290,8309,9.38,-88,11.2,366,0,0,73718,
,32.5,42.7,301,8308,9.43,-88,10.5,365,0,0,73417,
,27.1,41.8,315,8307,8.79,-89,11.5,363,0,0,73118,
,32.3,41.8,295,8306,10.46,-88,11,362,0,0,72817,
,32.3,41.8,295,8306,10.46,-88,11,362,0,0,72817,
,31.3,42.7,293,8305,9.51,-87,11,361,0,0,72518,
,34.2,41.0,302,8304,8.86,-88,11,359,0,0,72218,
,28.8,38.9,308,8303,8.91,-89,11.5,358,0,0,71918,
,31.0,44.5,303,8302,8.83,-87,10.5,356,0,0,71618,
,34.1,42.3,299,8301,10.98,-89,10.8,355,0,0,71318,
,32.6,43.3,305,8300,8.90,-89,10.8,353,0,0,71018,
,33.4,45.4,296,8299,8.77,-88,11.5,351,0,0,70718,
,29.8,38.9,308,8298,8.81,-88,10.2,350,0,0,70418,
,32.5,38.2,305,8297,10.45,-88,11.5,349,0,0,70118,
,33.0,41.9,307,8296,9.25,-88,11,347,0,0,69818,
,34.5,43.1,302,8295,9.23,-88,11.2,345,0,0,69518,
,33.3,41.0,300,8294,9.17,-87,10.8,343,0,0,69218,
,28.8,39.2,295,8293,8.48,-89,11.2,342,0,0,68918,
,29.3,39.2,303,8292,10.39,-89,10.5,340,0,0,68618,
,31.0,36.9,306,8291,9.16,-88,11.2,339,0,0,68318,
,28.0,39.5,306,8290,8.96,-88,11.8,337,0,0,68018,
,34.5,48.9,308,8289,8.98,-88,11,336,0,0,67718,
,30.0,37.0,323,8288,9.02,-88,11.8,334,0,0,67418,
,23.9,36.2,319,8287,9.05,-88,10.8,333,0,0,67118,
,22.0,36.7,321,8286,9.09,-88,11.5,332,0,0,66818,
,30.8,41.9,294,8285,9.12,-88,11.5,331,0,0,66518,
,34.4,42.6,300,8284,8.45,-87,10.8,330,0,0,66218,
,27.9,35.9,297,8283,9.08,-88,11.2,328,0,0,65918,
,29.8,39.4,302,8282,9.17,-87,10.8,327,0,0,65618,
,29.8,39.7,311,8281,9.03,-89,10.5,325,0,0,65318,
,31.0,40.9,308,8280,9.25,-88,10.8,323,0,0,65018,
,34.9,44.9,299,8279,10.26,-88,10,321,0,0,64718,
,31.4,38.6,305,8278,8.43,-88,11,319,0,0,64418,
,32.6,46.4,305,8277,8.43,-89,11.5,317,0,0,64118,
,37.8,48.4,307,8276,8.93,-88,10.2,316,0,0,63818,
,37.3,49.0,307,8275,9.97,-88,11,315,0,0,63518,
,39.7,46.9,306,8274,9.83,-88,10.5,314,0,0,63218,
,35.7,47.7,304,8273,8.33,-88,10.8,312,0,0,62918,
,24.1,32.7,306,8272,8.31,-88,10.2,310,0,0,62618,
,30.5,39.1,308,8271,9.96,-88,11.2,308,0,0,62318,
,32.1,41.0,309,8270,8.89,-88,11.8,306,0,0,62018,
,26.9,36.0,316,8269,10.46,-89,10.2,305,0,0,61718,
,23.8,36.2,317,8268,8.29,-88,10.8,303,0,0,61418,
,24.4,40.0,318,8267,8.30,-88,11.2,301,0,0,61118,
,31.5,42.7,308,8266,8.25,-89,10.8,299,0,0,60818,
,29.8,40.0,307,8265,8.95,-88,10.5,297,0,0,60518,
,24.1,37.7,317,8264,8.25,-89,10.2,295,0,0,60218,
,28.5,39.6,309,8263,9.92,-89,11.2,293,0,0,59918,
,35.5,48.8,306,8262,8.88,-88,11.2,291,0,0,59618,
,33.5,41.0,307,8261,8.27,-87,10.8,289,0,0,59318,
,33.1,42.1,308,8260,10.12,-88,10.5,287,0,0,59018,
,33.8,47.9,302,8259,8.88,-90,10.5,285,0,0,58718,
,31.4,43.7,312,8258,8.30,-87,10.5,283,0,0,58418,
,31.0,49.1,315,8257,8.29,-88,10.8,281,0,0,58118,
,29.9,44.1,300,8256,8.34,-88,10.5,279,0,0,57818,
,39.9,52.8,299,8255,9.04,-88,11,277,0,0,57518,
,31.8,41.6,313,8254,8.40,-88,11.2,275,0,0,57218,
,29.4,46.9,319,8253,10.27,-88,11,273,0,0,56918,
,34.9,45.1,304,8252,8.96,-88,11.8,271,0,0,56618,
,35.2,43.7,303,8251,8.97,-88,11.5,269,0,0,56318,
,37.8,47.8,298,8250,8.91,-90,10.8,267,0,0,56018,
,35.7,46.6,297,8249,8.97,-88,10.8,266,0,0,55718,
,36.1,49.8,301,8248,8.98,-88,10.2,264,0,0,55418,
,37.6,48.5,301,8247,9.09,-88,10.2,263,0,0,55118,
,30.8,45.8,304,8246,8.97,-88,11,261,0,0,54818,
,45.4,57.1,301,8245,8.95,-88,10.8,259,0,0,54518,
,30.1,40.9,294,8244,9.07,-87,10.5,258,0,0,54218,
,33.9,47.8,296,8243,8.98,-88,11.5,256,0,0,53918,
,40.3,46.4,304,8242,8.33,-88,11,254,0,0,53618,
,32.9,48.6,297,8241,10.39,-88,10.5,252,0,0,53318,
,37.7,45.6,288,8240,8.37,-88,11.2,250,0,0,53018,
,39.1,50.1,287,8239,8.30,-89,11,248,0,0,52718,
,36.2,43.7,299,8238,10.06,-88,10.2,246,0,0,52418,
,29.8,39.8,308,8237,9.01,-88,12,244,0,0,52118,
,33.9,44.6,292,8236,8.97,-88,11.5,243,0,0,51818,
,37.5,47.4,299,8235,8.98,-89,11.2,241,0,0,51518,
,36.0,48.2,294,8234,8.98,-88,10.5,239,0,0,51218,
,33.6,54.5,298,8233,8.43,-88,11.8,237,0,0,50918,
,42.1,52.6,297,8232,8.41,-89,10.8,235,0,0,50618,
,34.6,44.4,301,8231,8.35,-89,10.5,233,0,0,50318,
,34.8,47.0,306,8230,8.42,-88,11,231,0,0,50018,
,35.9,48.7,293,8229,8.29,-88,10.8,229,0,0,49718,
,38.5,51.2,299,8228,9.15,-90,10.8,227,0,0,49418,
,39.8,50.3,295,8227,8.42,-89,11.2,225,0,0,49118,
,31.2,48.7,282,8226,8.32,-88,10.8,224,0,0,48818,
,37.1,47.9,295,8225,10.10,-88,11.2,222,0,0,48518,
,37.3,51.1,286,8224,8.34,-89,11.5,220,0,0,48218,
,39.3,50.7,300,8223,10.20,-88,10.8,218,0,0,47918,
,33.8,46.5,289,8222,8.32,-89,10.5,216,0,0,47618,
,35.9,53.7,287,8221,8.35,-89,10.5,214,0,0,47318,
,39.1,53.1,300,8220,8.45,-90,10.5,213,0,0,47018,
,37.8,47.4,302,8219,10.63,-89,10.8,212,0,0,46718,
,40.6,53.2,298,8218,10.53,-88,11.2,211,0,0,46418,
,35.8,49.9,292,8217,8.56,-88,10.8,209,0,0,46118,
,35.3,49.1,286,8216,9.05,-88,11.8,208,0,0,45818,
,36.3,51.2,287,8215,9.01,-88,11.5,206,0,0,45518,
,34.8,46.8,288,8214,8.44,-88,11,204,0,0,45218,
,36.0,47.8,292,8213,9.00,-89,10.2,202,0,0,44918,
,37.4,49.0,288,8212,8.58,-88,10.5,200,0,0,44618,
,40.1,49.9,295,8211,8.64,-88,10.2,198,0,0,44318,
,38.7,48.4,291,8210,8.40,-89,11.2,196,0,0,44018,
,37.4,50.9,292,8209,9.03,-89,10.8,194,0,0,43718,
,37.7,47.6,292,8208,9.54,-88,11.5,192,0,0,43418,
,38.0,47.6,292,8207,8.33,-88,10.2,190,0,0,43118,
,37.8,45.5,279,8206,9.00,-88,10.2,188,0,0,42818,
,35.8,45.5,287,8205,8.90,-88,10.5,187,0,0,42518,
,37.6,48.0,290,8204,9.11,-88,11,186,0,0,42218,
,37.5,52.3,288,8203,8.37,-88,11,185,0,0,41918,
,39.5,51.5,293,8202,8.92,-89,10.8,183,0,0,41618,
,39.0,49.9,290,8201,10.34,-88,10.2,182,0,0,41318,
,34.2,43.3,286,8200,8.92,-87,10.5,181,0,0,41018,
,38.3,48.3,282,8199,9.58,-88,10.8,180,0,0,40718,
,39.1,49.3,285,8198,8.28,-88,11,178,0,0,40418,
,30.1,40.9,285,8197,8.32,-88,11,177,0,0,40118,
,35.4,43.2,286,8196,8.93,-88,11.2,175,0,0,39818,
,36.2,46.4,301,8195,8.33,-89,10.8,174,0,0,39518,
,38.6,47.6,281,8194,8.32,-89,11,172,0,0,39218,
,32.2,41.0,266,8193,8.89,-88,11,171,0,0,38918,
,31.5,42.0,281,8192,10.28,-88,11.5,169,0,0,38618,
,33.6,43.1,290,8191,8.36,-88,11.2,168,0,0,38318,
,37.1,48.8,274,8190,9.06,-88,11.8,166,0,0,38018,
,34.9,50.8,283,8189,9.43,-88,11.2,165,0,0,37718,
,35.5,47.2,287,8188,8.94,-88,11.2,163,0,0,37418,
,35.1,44.1,279,8187,9.13,-88,10.8,162,0,0,37118,
,36.4,47.9,283,8186,8.28,-88,10.5,161,0,0,36818,
,36.1,48.2,284,8185,8.31,-88,11,159,0,0,36518,
,34.6,51.0,292,8184,9.76,-88,11,158,0,0,36218,
,33.3,45.3,289,8183,8.31,-88,11,157,0,0,35918,
,32.4,45.1,290,8182,8.36,-89,10.8,156,0,0,35618,
,34.9,42.6,283,8181,8.93,-89,11.2,155,0,0,35318,
,31.2,45.2,289,8180,8.96,-88,11,153,0,0,35018,
,39.8,48.0,287,8179,8.31,-89,10.8,151,0,0,34718,
,25.8,35.4,282,8178,9.15,-90,10.5,149,0,0,34418,
,32.8,41.1,280,8177,8.59,-88,11,148,0,0,34118,
,36.3,47.0,278,8176,8.41,-89,11,147,0,0,33818,
,43.2,50.7,274,8175,9.78,-88,11.2,146,0,0,33518,
,37.3,47.9,263,8174,9.76,-88,10.5,145,0,0,33218,
,33.3,45.8,286,8173,8.35,-88,10.8,144,0,0,32918,
,30.6,46.6,283,8172,8.34,-88,10.8,143,0,0,32618,
,31.3,42.9,284,8171,8.37,-88,10.2,141,0,0,32318,
,36.9,46.2,281,8170,10.47,-88,11.2,139,0,0,32018,
,38.0,43.9,292,8169,8.38,-88,11,137,0,0,31718,
,36.0,44.9,295,8168,10.52,-88,10.2,136,0,0,31418,
,31.7,45.0,276,8167,8.42,-88,11.5,135,0,0,31118,
,33.5,43.9,280,8166,10.66,-89,11,134,0,0,30818,
,35.5,50.7,286,8165,10.86,-88,10.2,133,0,0,30518,
,40.1,49.2,280,8164,10.82,-89,11,131,0,0,30218,
,31.6,40.2,277,8163,8.83,-89,11.2,130,0,0,29918,
,29.1,39.0,283,8162,8.83,-88,11.5,129,0,0,29618,
,34.2,46.2,278,8161,8.80,-89,11.2,128,0,0,29318,
,35.7,44.5,284,8160,8.81,-88,10.2,127,0,0,29018,
,32.0,45.1,278,8159,8.82,-89,11.5,126,0,0,28718,
,26.0,39.7,282,8158,8.81,-89,10.8,125,0,0,28418,
,37.2,47.2,282,8157,8.84,-88,11.2,124,0,0,28118,
,35.2,45.9,276,8156,8.82,-88,11.5,123,0,0,27818,
,27.0,33.9,292,8155,8.80,-88,10.5,121,0,0,27518,
,32.5,44.9,284,8154,8.79,-88,11.5,120,0,0,27218,
,30.8,39.6,293,8153,8.78,-88,11,119,0,0,26918,
,34.7,43.7,284,8152,8.81,-88,11.5,117,0,0,26618,
,31.1,42.5,284,8151,8.81,-88,10.8,116,0,0,26318,
,33.3,43.9,293,8150,8.82,-88,11.8,115,0,0,26018,
,32.2,42.4,275,8149,8.72,-89,11,114,0,0,25718,
,34.3,44.0,273,8148,8.71,-88,11.5,113,0,0,25418,
,32.0,42.5,274,8147,8.76,-88,11.5,111,0,0,25118,
,32.9,43.4,286,8146,8.70,-88,10.5,109,0,0,24818,
,31.8,41.1,277,8145,8.86,-87,10.2,108,0,0,24518,
,26.0,31.0,283,8144,8.85,-88,11.2,107,0,0,24218,
,31.4,39.9,285,8143,8.78,-89,11.2,106,0,0,23918,
,33.0,44.5,279,8142,8.86,-88,11.8,105,0,0,23618,
,31.3,39.6,274,8141,8.79,-89,10.8,103,0,0,23318,
,33.1,42.3,284,8140,8.77,-88,11.2,102,0,0,23018,
,35.4,43.2,285,8139,8.84,-88,11.2,101,0,0,22718,
,32.6,41.4,284,8138,8.80,-88,10.8,99,0,0,22418,
,32.2,42.3,290,8137,8.83,-88,10.2,98,0,0,22118,
,33.3,43.6,285,8136,8.88,-88,10.2,96,0,0,21818,
,32.2,40.1,285,8135,8.86,-88,10.8,95,0,0,21518,
,31.2,37.2,284,8134,8.80,-87,10.8,94,0,0,21218,
,33.3,43.4,284,8133,8.86,-88,10.5,93,0,0,20918,
,28.6,36.1,282,8132,8.85,-88,11.2,92,0,0,20618,
,28.7,40.4,290,8131,8.85,-89,10.5,91,0,0,20318,
,32.0,43.4,291,8130,8.79,-89,10.5,89,0,0,20018,
,33.1,41.9,285,8129,8.78,-88,10.5,88,0,0,19718,
,34.0,42.3,281,8128,8.86,-89,11,86,0,0,19418,
,30.4,36.6,285,8127,8.85,-88,11,84,0,0,19118,
,28.9,48.3,286,8126,8.50,-88,11.2,83,0,0,18818,
,30.4,44.0,289,8125,8.49,-88,11.5,82,0,0,18518,
,33.7,41.3,281,8124,8.46,-87,10.8,81,0,0,18218,
,32.5,45.8,285,8123,8.48,-87,11.2,79,0,0,17918,
,31.2,41.1,286,8122,8.48,-89,10.8,77,0,0,17618,
,32.0,41.1,285,8121,8.48,-88,10.8,76,0,0,17318,
,31.3,40.3,291,8120,8.47,-88,11,75,0,0,17018,
,31.4,39.3,295,8119,8.50,-88,11.5,73,0,0,16718,
,28.2,42.0,288,8118,8.50,-89,10.8,72,0,0,16418,
,33.5,37.9,290,8117,8.53,-89,10.5,71,0,0,16118,
,32.5,43.1,280,8116,8.52,-88,11.8,69,0,0,15818,
,35.0,42.0,290,8115,8.51,-88,10.8,68,0,0,15518,
,36.2,42.0,293,8114,8.57,-89,11.2,67,0,0,15218,
,31.8,40.0,289,8113,8.61,-88,10.8,66,0,0,14918,
,35.7,44.0,289,8112,8.63,-88,12.2,65,0,0,14618,
,30.2,40.3,284,8111,8.68,-87,11,64,0,0,14318,
,32.8,39.4,288,8110,8.69,-88,11,62,0,0,14018,
,28.6,36.4,291,8109,8.71,-88,10.8,61,0,0,13718,
,31.7,42.3,286,8108,8.83,-87,10.8,59,0,0,13418,
,31.5,38.6,292,8107,8.88,-88,11.2,58,0,0,13118,
,29.9,41.9,286,8106,8.96,-88,11.2,57,0,0,12818,
,33.6,41.6,287,8105,8.76,-88,11.2,56,0,0,12518,
,35.2,44.0,279,8104,8.96,-88,11.5,55,0,0,12218,
,34.0,42.6,287,8103,8.97,-88,11.5,54,0,0,11918,
,32.0,41.7,284,8102,9.01,-88,11.2,53,0,0,11618,
,33.0,42.1,285,8101,9.04,-88,10.8,52,0,0,11318,
,27.0,39.5,286,8100,9.05,-87,10.2,50,0,0,11018,
,34.7,43.9,294,8099,9.09,-88,11.2,49,0,0,10718,
,30.3,42.0,285,8098,9.13,-89,11,47,0,0,10418,
,39.0,48.9,289,8097,9.11,-88,10,45,0,0,10118,
,33.0,40.1,286,8096,9.08,-88,11,44,0,0,9818,
,32.1,39.6,285,8095,8.88,-89,11,43,0,0,9518,
,33.5,39.0,286,8094,8.88,-89,11.5,42,0,0,9218,
,33.1,40.5,287,8093,8.87,-88,10.8,40,0,0,8918,
,32.0,45.3,287,8092,8.88,-89,11,39,0,0,8618,
,35.6,45.3,296,8091,8.89,-88,11.8,37,0,0,8318,
,33.7,42.4,292,8090,8.86,-88,10.8,36,0,0,8018,
,32.0,40.0,285,8089,8.86,-87,11,35,0,0,7718,
,33.8,44.5,283,8088,8.88,-88,10.8,34,0,0,7418,
,34.2,42.6,282,8087,8.88,-88,11.2,32,0,0,7118,
,36.7,44.2,279,8086,8.88,-88,11,31,0,0,6818,
,35.8,44.3,295,8085,10.60,-88,10.8,30,0,0,6518,
,40.7,47.9,291,8084,10.63,-89,10.5,28,0,0,6218,
,33.4,44.3,292,8083,8.87,-88,11.2,27,0,0,5918,
,30.8,44.3,291,8082,8.99,-89,10.8,25,0,0,5618,
,31.6,40.9,289,8081,9.48,-89,10.5,24,0,0,5318,
,30.9,41.6,290,8080,8.85,-89,11,23,0,0,5018,
,32.8,43.5,294,8079,8.82,-88,11.8,21,0,0,4718,
,35.7,44.2,291,8078,9.23,-88,10.8,20,0,0,4418,
,35.0,46.3,291,8077,9.22,-89,11.2,18,0,0,4118,
,36.0,42.1,294,8076,9.20,-88,11.5,17,0,0,3818,
,33.2,44.1,281,8075,9.21,-88,10.8,16,0,0,3518,
,37.8,45.1,277,8074,9.18,-89,10.5,15,0,0,3218,
,29.6,45.3,285,8073,9.17,-88,10.8,13,0,0,2918,
,37.5,47.4,284,8072,9.18,-88,10.5,12,0,0,2618,
,30.8,39.1,277,8071,9.16,-89,11,10,0,0,2318,
,34.2,45.5,270,8070,9.16,-90,10.2,8,0,0,2018,
,35.9,43.1,280,8069,9.16,-89,10.8,7,0,0,1718,
,29.2,37.8,274,8068,9.18,-90,10.8,6,0,0,1418,
,29.2,37.8,274,8068,9.18,-125,-13.5,12,0,0,9575,
,30.9,41.6,276,8067,9.17,-89,11,5,0,0,1118,
,30.9,41.6,276,8067,9.17,-116,-5.5,11,0,0,9275,
,36.8,47.7,283,8066,9.19,-88,10.8,4,0,0,818,
,34.3,40.0,277,8065,9.19,-123,-10.8,10,0,0,8682,
,34.3,40.0,277,8065,9.19,-88,11,2,0,0,518,
,30.1,40.7,271,8064,9.18,-89,10.8,1,0,0,218,
,37.6,47.1,279,8063,9.18,-121,-8.8,9,0,0,8075,
,34.8,43.9,284,8061,9.20,-123,-10.2,8,0,0,7475,
,34.6,44.7,282,8060,9.19,-127.5,-15.2,7,0,0,7175,
,35.0,49.9,288,8050,8.99,-126,-11.8,6,0,0,4178,
,37.3,45.0,283,8048,8.98,-123,-7.8,5,0,0,3582,
,36.7,45.9,286,8044,8.93,-124,-9.2,4,0,0,2375,
,32.4,45.4,274,8042,8.94,-127.5,-14.5,3,0,0,1779,
,37.3,47.4,279,8040,8.94,-127,-12,2,0,0,1179,
,29.3,44.5,283,8039,8.95,-127.5,-11.5,1,0,0,879,
,42.1,54.4,290,7964,8.68,-88,10.5,12678,0,5,2557495,
,45.9,57.6,287,7963,8.68,-88,11,12677,0,5,2557195,
,41.4,56.0,283,7962,8.68,-88,11.2,12676,0,5,2556895,
,47.9,63.7,289,7961,8.67,-88,11.5,12675,0,5,2556596,
,46.3,58.1,292,7960,8.67,-89,10.8,12674,0,5,2556295,
,44.0,58.5,285,7959,8.70,-87,10.5,12673,0,5,2555995,
,45.2,54.4,288,7958,8.70,-88,11,12672,0,5,2555695,
,44.3,58.9,292,7957,8.70,-88,11.2,12671,0,5,2555395,
,40.7,56.7,286,7956,8.71,-88,9.2,12670,0,5,2555095,
,43.0,52.2,288,7955,8.74,-88,11.2,12669,0,5,2554796,
,44.9,57.2,291,7954,8.28,-87,10.8,12668,0,5,2554495,
,45.5,56.5,288,7953,8.26,-88,11.2,12666,0,5,2554195,
,39.6,55.3,293,7952,8.27,-88,11.2,12665,0,5,2553895,
,44.0,57.2,285,7951,8.27,-88,11,12663,0,5,2553595,
,43.7,59.8,284,7950,8.28,-88,10.2,12661,0,5,2553295,
,44.2,54.5,288,7949,8.27,-88,10.8,12660,0,5,2552995,
,45.0,56.5,290,7948,8.25,-88,10.8,12659,0,5,2552696,
,43.2,54.7,289,7947,8.26,-88,11,12658,0,5,2552395,
,38.1,52.8,285,7946,8.28,-88,10.8,12657,0,5,2552095,
,45.3,57.5,286,7945,8.24,-89,11.2,12656,0,5,2551795,
,44.9,52.6,281,7944,8.24,-87,10.5,12654,0,5,2551495,
,45.8,55.9,288,7943,8.23,-87,10.8,12653,0,5,2551195,
,41.1,55.1,281,7942,9.00,-89,11.2,12652,0,5,2550896,
,40.5,55.4,284,7941,8.29,-89,10.8,12651,0,5,2550595,
,40.5,57.4,281,7940,8.95,-88,11.5,12650,0,5,2550295,
,44.8,57.4,283,7939,8.94,-90,10.5,12648,0,5,2549995,
,42.3,53.8,280,7938,9.05,-88,11.5,12647,0,5,2549695,
,43.7,60.0,289,7937,9.63,-89,11,12646,0,5,2549395,
,36.5,53.7,275,7936,8.27,-88,11.2,12645,0,5,2549095,
,42.9,53.8,281,7935,8.94,-88,11.8,12644,0,5,2548796,
,41.7,51.9,288,7934,8.83,-88,10.8,12643,0,5,2548495,
,44.9,54.4,268,7933,9.63,-88,11.2,12642,0,5,2548195,
,46.8,56.6,277,7932,8.91,-88,10.5,12641,0,5,2547895,
,38.2,49.4,279,7931,8.30,-89,10.8,12640,0,5,2547595,
,41.6,59.3,275,7930,9.01,-88,11.2,12639,0,5,2547295,
,52.3,61.5,280,7929,8.92,-89,11,12638,0,5,2546996,
,38.2,51.9,279,7928,8.29,-88,10.5,12637,0,5,2546695,
,47.2,55.5,279,7927,8.26,-88,11,12636,0,5,2546395,
,42.6,56.6,287,7926,8.27,-89,11.5,12635,0,5,2546095,
,36.6,51.9,286,7925,8.88,-89,10.8,12634,0,5,2545795,
,46.6,59.0,285,7924,8.93,-89,11.2,12633,0,5,2545495,
,45.2,56.2,278,7923,8.86,-90,10.5,12632,0,5,2545196,
,42.9,52.7,281,7922,8.76,-88,11,12631,0,5,2544896,
,38.1,51.5,279,7921,8.97,-89,10.8,12630,0,5,2544595,
,44.2,58.1,285,7920,8.35,-89,10.5,12628,0,5,2544295,
,42.3,54.7,295,7919,8.98,-89,11,12626,0,5,2543995,
,41.8,55.0,283,7918,9.04,-88,10.5,12625,0,5,2543695,
,40.2,51.7,283,7917,8.95,-88,11,12624,0,5,2543395,
,40.1,55.5,284,7916,8.82,-88,11,12623,0,5,2543096,
,41.0,56.6,284,7915,8.83,-90,10.5,12622,0,5,2542795,
,47.9,60.6,276,7914,9.10,-89,10.8,12621,0,5,2542495,
,47.6,58.6,284,7913,8.28,-88,11.8,12620,0,5,2542195,
,48.3,59.2,277,7912,8.30,-89,11.2,12619,0,5,2541895,
,44.1,55.0,280,7911,8.37,-89,10.8,12618,0,5,2541595,
,44.1,58.1,284,7910,8.28,-88,11,12617,0,5,2541296,
,45.0,64.2,284,7909,9.61,-89,10.5,12616,0,5,2540996,
,38.8,49.9,283,7908,8.86,-90,10.8,12615,0,5,2540695,
,43.7,54.9,291,7907,8.35,-88,10.8,12614,0,5,2540395,
,37.8,49.3,287,7906,8.98,-88,11,12612,0,5,2540095,
,43.2,53.7,278,7905,9.02,-89,11.2,12611,0,5,2539795,
,42.0,56.7,271,7904,9.08,-90,10.8,12610,0,5,2539495,
,43.3,56.8,268,7903,8.28,-89,10.8,12609,0,5,2539196,
,41.7,51.2,281,7902,8.80,-90,10.5,12608,0,5,2538896,
,39.2,53.5,279,7901,8.28,-88,10.8,12607,0,5,2538595,
,41.5,51.3,288,7900,9.73,-89,10.5,12605,0,5,2538295,
,44.2,59.5,285,7899,8.28,-88,11,12604,0,5,2537995,
,41.7,60.5,278,7898,9.00,-88,10.8,12603,0,5,2537695,
,37.4,54.9,282,7897,8.92,-90,10.8,12602,0,5,2537396,
,40.3,53.5,287,7896,9.09,-89,10.5,12601,0,5,2537096,
,45.3,61.8,282,7895,9.50,-90,10.5,12600,0,5,2536795,
,46.6,57.1,286,7894,8.45,-89,10.8,12598,0,5,2536495,
,42.0,53.7,272,7893,8.31,-89,10.5,12597,0,5,2536195,
,43.0,53.9,280,7892,8.27,-88,10.5,12596,0,5,2535895,
,45.8,59.7,289,7891,8.98,-90,10.5,12595,0,5,2535595,
,42.7,57.5,275,7890,8.89,-89,10.8,12594,0,5,2535296,
,49.8,59.3,275,7889,8.29,-88,10.8,12593,0,5,2534996,
,43.4,53.9,279,7888,8.29,-87,10.5,12592,0,5,2534696,
,43.5,61.9,276,7887,8.32,-88,10.8,12591,0,5,2534396,
,44.0,54.4,272,7886,8.36,-88,11.8,12590,0,5,2534096,
,46.8,59.1,278,7885,10.34,-89,10.8,12589,0,5,2533796,
,44.4,59.0,282,7884,10.19,-88,10.8,12588,0,5,2533496,
,51.7,63.2,281,7883,8.51,-89,10.8,12587,0,5,2533196,
,35.7,53.6,282,7882,9.69,-89,10.8,12586,0,5,2532896,
,40.9,57.3,290,7881,8.80,-89,10.8,12585,0,5,2532596,
,44.5,53.6,277,7880,8.60,-90,10.8,12584,0,5,2532296,
,45.5,54.9,276,7879,9.10,-89,11,12583,0,5,2531996,
,44.3,59.0,274,7878,9.10,-88,11,12582,0,5,2531696,
,44.0,55.3,280,7877,9.14,-89,10.8,12581,0,5,2531396,
,37.6,57.9,284,7876,8.76,-89,11,12580,0,5,2531096,
,43.3,56.6,276,7875,10.69,-87,10.5,12579,0,5,2530796,
,40.9,59.0,278,7874,10.78,-89,11,12578,0,5,2530496,
,48.0,57.6,287,7873,10.66,-88,10.8,12577,0,5,2530196,
,44.7,57.9,281,7872,8.41,-89,11.2,12576,0,5,2529896,
,45.2,58.6,282,7871,8.39,-89,11,12575,0,5,2529596,
,40.0,59.9,277,7870,8.39,-90,10.2,12574,0,5,2529296,
,44.8,54.8,280,7869,8.39,-88,11,12573,0,5,2528996,
,47.0,56.3,280,7868,8.40,-88,10.5,12572,0,5,2528696,
,39.6,51.3,271,7867,8.40,-90,10.5,12571,0,5,2528396,
,47.6,56.4,284,7866,8.40,-89,11,12570,0,5,2528096,
,36.6,52.2,272,7865,8.27,-88,10.8,12569,0,5,2527796,
,41.6,51.3,280,7864,8.27,-88,11,12568,0,5,2527496,
,42.4,52.2,277,7863,8.27,-88,11.5,12567,0,5,2527196,
,43.2,54.0,266,7862,8.28,-87,10.5,12566,0,5,2526896,
,45.4,53.6,273,7861,8.42,-88,11.2,12565,0,5,2526596,
,43.5,58.3,277,7860,8.35,-88,10.2,12564,0,5,2526296,
,50.1,59.4,275,7859,8.92,-88,11.2,12563,0,5,2525996,
,42.4,54.5,268,7858,8.38,-89,10.8,12561,0,5,2525696,
,46.4,55.3,271,7857,8.40,-90,10.5,12559,0,5,2525396,
,41.1,51.2,267,7856,8.46,-89,11.2,12558,0,5,2525096,
,41.9,52.1,275,7855,8.36,-88,11,12557,0,5,2524796,
,40.7,53.8,277,7854,8.45,-89,10.8,12555,0,5,2524496,
,44.3,56.4,272,7853,8.43,-90,10.5,12554,0,5,2524196,
,40.4,49.2,270,7852,9.92,-88,11,12552,0,5,2523896,
,35.5,54.3,274,7851,10.17,-90,10.2,12550,0,5,2523596,
,38.9,54.2,279,7850,8.69,-88,11,12548,0,5,2523296,
,38.0,55.0,255,7849,8.48,-89,10.8,12547,0,5,2522996,
,46.5,55.3,259,7848,8.48,-88,11,12546,0,5,2522696,
,41.8,52.1,268,7847,8.38,-89,10.5,12545,0,5,2522396,
,40.5,51.4,273,7846,8.36,-88,11.2,12544,0,5,2522096,
,42.1,52.4,265,7845,9.78,-88,11,12542,0,5,2521796,
,39.2,51.6,267,7844,8.53,-90,10.8,12541,0,5,2521496,
,41.1,54.3,274,7843,8.39,-89,10.8,12539,0,5,2521196,
,43.4,53.3,263,7842,8.78,-88,10.2,12538,0,5,2520896,
,43.2,52.2,270,7841,8.54,-88,10.5,12537,0,5,2520596,
,41.3,55.1,272,7840,9.13,-89,10.8,12535,0,5,2520296,
,41.5,50.6,274,7839,8.39,-89,11,12534,0,5,2519996,
,34.8,47.9,268,7838,9.84,-88,11,12533,0,5,2519696,
,39.9,49.0,269,7837,8.40,-89,11,12531,0,5,2519396,
,42.4,51.4,272,7836,9.63,-88,11.5,12530,0,5,2519096,
,39.3,52.6,266,7835,8.77,-87,10.8,12529,0,5,2518796,
,47.6,58.2,266,7834,8.86,-88,11,12528,0,5,2518496,
,40.4,51.6,273,7833,8.79,-90,10.5,12527,0,5,2518196,
,34.7,48.5,259,7832,8.85,-88,11.5,12526,0,5,2517896,
,36.7,56.1,258,7831,8.66,-88,11.2,12525,0,5,2517596,
,42.5,54.8,274,7830,10.26,-88,11.2,12524,0,5,2517296,
,38.1,47.6,274,7829,10.78,-88,10.5,12523,0,5,2516996,
,34.5,42.4,277,7828,8.35,-87,10.5,12521,0,5,2516696,
,39.1,50.1,274,7827,8.35,-88,11.8,12519,0,5,2516396,
,36.4,46.8,273,7826,8.34,-88,11,12517,0,5,2516096,
,45.2,54.0,276,7825,8.35,-88,10.5,12516,0,5,2515796,
,36.8,47.9,268,7824,8.36,-88,11,12515,0,5,2515496,
,35.8,48.4,264,7823,8.37,-89,11,12514,0,5,2515196,
,43.5,50.7,267,7822,8.38,-88,11.2,12513,0,5,2514896,
,39.9,46.3,273,7821,8.39,-88,11.5,12512,0,5,2514596,
,36.3,45.1,277,7820,8.41,-88,11.5,12511,0,5,2514296,
,40.4,51.2,272,7819,8.41,-88,11.2,12510,0,5,2513996,
,41.7,50.8,274,7818,8.41,-88,11,12508,0,5,2513696,
,44.1,53.3,267,7817,8.44,-88,10.8,12506,0,5,2513396,
,44.0,54.5,266,7816,8.46,-88,10.5,12505,0,5,2513096,
,41.0,54.8,270,7815,8.50,-88,11,12503,0,5,2512796,
,37.9,52.6,275,7814,8.53,-88,11,12501,0,5,2512496,
,39.8,54.9,270,7813,8.55,-88,10.8,12500,0,5,2512196,
,41.3,52.4,275,7812,8.58,-88,10.8,12499,0,5,2511896,
,42.7,50.0,270,7811,8.59,-88,11,12498,0,5,2511596,
,30.7,44.2,268,7810,10.41,-87,11,12496,0,5,2511296,
,36.5,49.2,264,7809,9.04,-90,10.8,12495,0,5,2510996,
,39.9,50.8,265,7808,8.89,-88,11.2,12494,0,5,2510696,
,38.1,46.5,276,7807,10.70,-88,10.8,12492,0,5,2510396,
,34.6,43.8,272,7806,8.92,-88,10.8,12491,0,5,2510096,
,36.9,46.6,285,7805,8.79,-89,10.2,12489,0,5,2509796,
,38.6,51.8,276,7804,9.00,-88,10.8,12488,0,5,2509496,
,39.1,49.4,274,7803,9.42,-89,10.8,12486,0,5,2509196,
,39.8,51.9,275,7802,9.66,-89,11,12484,0,5,2508896,
,42.2,51.6,275,7801,8.82,-89,10.8,12482,0,5,2508596,
,37.6,47.9,272,7800,9.20,-88,11,12480,0,5,2508296,
,39.9,48.1,271,7799,10.10,-88,10.5,12479,0,5,2507996,
,41.4,55.1,273,7798,9.05,-88,11,12478,0,5,2507696,
,39.6,49.4,265,7797,8.78,-88,11,12477,0,5,2507396,
,40.9,47.4,274,7796,8.81,-90,10.2,12476,0,5,2507096,
,36.1,45.1,273,7795,8.87,-88,11.2,12474,0,5,2506796,
,36.4,46.3,272,7794,11.00,-88,11.5,12473,0,5,2506496,
,36.3,43.7,267,7793,8.96,-88,11.2,12472,0,5,2506196,
,34.0,42.2,269,7792,8.96,-88,11.8,12470,0,5,2505896,
,31.0,39.6,273,7791,8.98,-89,10.5,12468,0,5,2505596,
,33.6,42.1,275,7790,8.76,-89,10.5,12467,0,5,2505296,
,41.8,53.1,275,7789,8.71,-90,10.5,12466,0,5,2504996,
,33.1,40.9,258,7788,8.72,-90,11,12464,0,5,2504696,
,36.0,46.9,263,7787,10.25,-89,11.2,12463,0,5,2504396,
,31.7,41.5,265,7786,9.24,-89,10.5,12462,0,5,2504096,
,30.0,42.6,268,7785,9.24,-90,10.8,12461,0,5,2503796,
,33.8,41.5,261,7784,9.26,-89,10.5,12460,0,5,2503496,
,37.2,42.6,256,7783,9.30,-89,10.8,12459,0,5,2503196,
,29.9,36.2,254,7782,9.32,-90,10.5,12458,0,5,2502896,
,28.8,35.9,248,7781,9.32,-90,10.5,12456,0,5,2502596,
,31.7,42.9,257,7780,9.30,-90,10.5,12455,0,5,2502296,
,32.9,39.1,254,7779,9.29,-89,10.8,12454,0,5,2501996,
,32.5,43.9,255,7778,10.24,-90,10.8,12453,0,5,2501696,
,30.9,39.3,252,7777,9.25,-89,10.8,12452,0,5,2501396,
,37.2,44.9,261,7776,9.60,-90,11,12451,0,5,2501096,
,28.9,44.6,255,7775,8.81,-89,10.8,12450,0,5,2500796,
,31.2,36.4,255,7774,9.51,-90,10.2,12448,0,5,2500496,
,32.9,40.2,258,7773,8.75,-90,10.8,12447,0,5,2500196,
,24.2,30.8,253,7772,11.44,-90,10.8,12446,0,5,2499896,
,27.8,35.1,251,7771,8.91,-90,10.2,12445,0,5,2499596,
,27.5,34.8,249,7770,11.02,-90,10.2,12444,0,5,2499296,
,30.7,43.9,250,7769,9.43,-90,10.5,12443,0,5,2498996,
,35.1,44.0,262,7768,8.83,-90,10.5,12442,0,5,2498696,
,34.2,43.4,259,7767,10.59,-90,10.2,12441,0,5,2498396,
,34.7,41.8,261,7766,9.17,-90,10.5,12440,0,5,2498096,
,34.4,41.3,264,7765,9.07,-88,11.5,12439,0,5,2497796,
,31.9,39.8,266,7764,10.63,-89,11,12437,0,5,2497496,
,26.6,36.3,265,7763,9.39,-90,10.5,12436,0,5,2497196,
,34.9,42.0,261,7762,9.25,-89,11.5,12435,0,5,2496896,
,31.3,40.7,260,7761,8.84,-89,11,12434,0,5,2496596,
,32.9,39.7,261,7760,10.62,-90,10.5,12433,0,5,2496296,
,34.0,41.8,257,7759,9.41,-89,10.5,12432,0,5,2495996,
,32.5,38.9,259,7758,9.44,-90,10.2,12431,0,5,2495696,
,33.9,40.8,258,7757,9.27,-89,10.5,12430,0,5,2495396,
,29.1,35.5,262,7756,9.47,-88,11.2,12429,0,5,2495096,
,31.4,38.9,261,7755,9.40,-89,10.8,12428,0,5,2494796,
,30.2,36.8,261,7754,9.39,-89,10.8,12427,0,5,2494496,
,34.3,40.5,263,7753,9.40,-89,10.5,12426,0,5,2494196,
,34.7,43.2,266,7752,9.43,-90,10.8,12425,0,5,2493896,
,34.4,43.0,273,7751,9.42,-88,11.8,12423,0,5,2493596,
,31.5,39.9,260,7750,9.41,-88,11.2,12421,0,5,2493296,
,32.5,40.3,264,7749,9.40,-89,10.5,12420,0,5,2492996,
,29.1,37.5,262,7748,9.34,-88,11,12419,0,5,2492696,
,32.0,38.6,262,7747,9.26,-90,10.5,12417,0,5,2492396,
,29.4,37.6,257,7746,9.28,-89,10.8,12416,0,5,2492096,
,25.9,40.6,263,7745,9.30,-89,10.8,12415,0,5,2491796,
,32.6,37.5,255,7744,9.28,-89,11.2,12414,0,5,2491496,
,31.3,38.8,261,7743,9.20,-89,11,12413,0,5,2491196,
,29.4,36.8,260,7742,8.92,-90,10.5,12412,0,5,2490896,
,29.7,36.2,256,7741,9.19,-89,11.2,12410,0,5,2490596,
,29.7,36.0,258,7740,9.04,-89,11,12409,0,5,2490296,
,30.1,36.6,251,7739,8.69,-89,10.5,12408,0,5,2489996,
,30.9,41.3,257,7738,9.20,-90,10.2,12407,0,5,2489696,
,31.6,39.9,257,7737,9.23,-90,10.2,12405,0,5,2489396,
,33.9,43.8,259,7736,9.05,-90,10.2,12404,0,5,2489096,
,36.8,47.5,255,7735,8.99,-90,11,12403,0,5,2488796,
,35.5,45.0,264,7734,8.92,-90,10.5,12402,0,5,2488496,
,32.4,46.3,276,7733,8.72,-89,11.2,12401,0,5,2488196,
,26.9,33.2,262,7732,8.55,-90,10.8,12399,0,5,2487896,
,29.1,37.3,263,7731,10.02,-90,10.5,12398,0,5,2487596,
,28.1,35.3,259,7730,8.41,-90,10.5,12396,0,5,2487296,
,25.9,39.7,260,7729,8.44,-91,10.5,12395,0,5,2486996,
,31.7,39.8,264,7728,10.70,-89,10.5,12394,0,5,2486696,
,33.9,39.1,255,7727,8.95,-90,10.5,12393,0,5,2486396,
,28.7,34.6,253,7726,8.96,-89,11,12392,0,5,2486096,
,27.6,32.4,256,7725,8.91,-90,10,12391,0,5,2485796,
,28.8,36.3,263,7724,8.60,-91,11,12390,0,5,2485496,
,29.4,36.9,264,7723,10.11,-90,10,12389,0,5,2485196,
,26.4,31.8,269,7722,9.03,-90,10.2,12388,0,5,2484896,
,29.2,33.2,261,7721,9.05,-90,10.5,12387,0,5,2484596,
,28.6,33.3,258,7720,9.07,-90,10.2,12385,0,5,2484296,
,28.6,39.5,262,7719,9.03,-90,10,12384,0,5,2483996,
,30.6,37.2,249,7718,9.06,-90,10.2,12383,0,5,2483696,
,29.5,35.0,250,7717,9.02,-90,10.5,12381,0,5,2483396,
,29.2,34.2,249,7716,9.03,-90,10.5,12379,0,5,2483096,
,32.4,37.0,247,7715,9.00,-90,10.8,12378,0,5,2482796,
,27.5,37.1,247,7714,8.99,-90,11,12377,0,5,2482496,
,29.7,35.6,249,7713,8.97,-89,11.5,12375,0,5,2482196,
,30.0,36.8,252,7712,9.05,-90,10.2,12374,0,5,2481896,
,29.9,37.7,254,7711,9.01,-90,10.8,12373,0,5,2481596,
,33.3,39.5,252,7710,8.94,-89,10.8,12372,0,5,2481296,
,28.3,38.2,257,7709,8.86,-90,10.5,12371,0,5,2480996,
,32.7,38.7,244,7708,8.85,-89,10.8,12369,0,5,2480696,
,33.3,46.0,249,7707,8.85,-90,10.2,12368,0,5,2480396,
,39.3,47.2,230,7706,8.89,-91,10.5,12367,0,5,2480096,
,32.8,41.8,233,7705,8.86,-91,10,12365,0,5,2479796,
,34.0,46.8,245,7704,8.86,-90,10.8,12364,0,5,2479496,
,29.2,36.5,231,7703,8.86,-91,10.8,12363,0,5,2479196,
,27.8,32.8,235,7702,8.85,-90,11,12362,0,5,2478896,
,27.7,33.6,241,7701,8.86,-89,11,12360,0,5,2478596,
,29.9,35.3,237,7700,8.87,-90,10.2,12359,0,5,2478296,
,24.7,38.0,227,7699,8.87,-90,11,12358,0,5,2477996,
,28.2,32.7,233,7698,8.86,-90,10.8,12357,0,5,2477696,
,26.5,31.9,228,7697,8.87,-89,11,12356,0,5,2477396,
,23.1,33.6,234,7696,8.83,-89,10.8,12355,0,5,2477096,
,24.5,33.4,231,7695,8.84,-90,11,12354,0,5,2476796,
,31.6,39.4,239,7694,8.86,-90,10.2,12353,0,5,2476496,
,25.2,35.7,233,7693,8.84,-90,10.5,12352,0,5,2476196,
,25.9,34.1,233,7692,8.81,-90,11.2,12351,0,5,2475896,
,27.7,32.5,241,7691,8.87,-90,10.5,12349,0,5,2475596,
,27.0,30.6,238,7690,8.82,-89,10.8,12347,0,5,2475296,
,25.2,31.5,230,7689,8.84,-88,10.8,12345,0,5,2474996,
,25.0,29.4,232,7688,8.86,-90,10.8,12344,0,5,2474696,
,22.8,27.0,233,7687,8.65,-89,10.8,12342,0,5,2474396,
,19.0,25.7,232,7686,8.43,-89,11,12341,0,5,2474096,
,23.0,27.5,240,7685,8.74,-90,10.5,12340,0,5,2473796,
,24.7,29.3,237,7684,8.76,-89,10.8,12339,0,5,2473496,
,20.3,25.5,241,7683,8.40,-88,10.8,12337,0,5,2473196,
,22.8,28.0,241,7682,8.37,-90,10.8,12336,0,5,2472896,
,22.3,30.9,234,7681,9.00,-90,10.5,12335,0,5,2472596,
,22.0,27.3,238,7680,8.94,-89,10.8,12334,0,5,2472296,
,22.7,28.1,238,7679,8.94,-88,11,12333,0,5,2471996,
,23.5,28.1,236,7678,8.92,-90,11,12331,0,5,2471696,
,22.6,29.1,242,7677,8.93,-89,11,12329,0,5,2471396,
,24.7,29.0,248,7676,8.93,-89,11,12328,0,5,2471096,
,22.6,26.6,248,7675,8.94,-89,11.2,12327,0,5,2470796,
,24.5,28.6,257,7674,8.93,-90,11,12326,0,5,2470496,
,24.1,31.0,252,7673,8.91,-89,10.8,12325,0,5,2470196,
,23.4,27.6,245,7672,8.90,-90,11,12324,0,5,2469896,
,22.1,29.3,255,7671,8.95,-89,11.2,12322,0,5,2469596,
,22.4,30.2,247,7670,8.95,-88,10.8,12321,0,5,2469296,
,23.9,29.3,251,7669,8.89,-89,11,12320,0,5,2468996,
,25.6,29.9,258,7668,8.93,-89,11.2,12319,0,5,2468696,
,22.5,29.9,257,7667,8.90,-89,10.8,12317,0,5,2468396,
,24.8,30.7,247,7666,8.87,-89,10.5,12316,0,5,2468096,
,23.2,30.0,254,7665,8.89,-89,10.8,12315,0,5,2467796,
,25.0,30.3,261,7664,8.89,-89,10.8,12313,0,5,2467496,
,26.0,31.7,257,7663,8.86,-89,10.8,12311,0,5,2467196,
,29.3,34.0,264,7662,8.85,-90,10.8,12309,0,5,2466896,
,26.5,32.5,253,7661,8.86,-89,10.8,12308,0,5,2466596,
,21.3,27.6,251,7660,8.89,-89,10.5,12307,0,5,2466296,
,23.4,29.4,256,7659,8.95,-89,10.8,12305,0,5,2465996,
,21.1,26.6,259,7658,8.87,-89,10.8,12303,0,5,2465696,
,21.5,28.9,259,7657,8.85,-89,11.5,12301,0,5,2465396,
,26.3,32.1,254,7656,8.83,-89,10.5,12300,0,5,2465096,
,24.9,33.8,257,7655,8.87,-90,10.8,12299,0,5,2464796,
,21.5,30.2,261,7654,8.82,-90,10.8,12298,0,5,2464496,
,24.6,28.3,267,7653,8.87,-90,10.8,12296,0,5,2464196,
,25.4,31.0,267,7652,8.89,-89,11,12295,0,5,2463896,
,25.0,30.7,264,7651,8.88,-89,10.8,12293,0,5,2463596,
,26.6,32.0,273,7650,8.91,-89,11.2,12292,0,5,2463296,
,24.4,32.2,276,7649,8.96,-90,10.8,12291,0,5,2462996,
,25.5,32.1,267,7648,8.91,-89,10.5,12290,0,5,2462696,
,24.5,33.2,267,7647,8.53,-90,11,12289,0,5,2462396,
,26.6,34.9,269,7646,10.43,-90,10.5,12288,0,5,2462096,
,27.4,35.7,271,7645,8.90,-89,10.8,12286,0,5,2461796,
,26.3,31.2,278,7644,8.84,-89,11,12285,0,5,2461496,
,27.0,32.5,278,7643,8.85,-90,10.8,12283,0,5,2461196,
,26.6,34.5,276,7642,8.86,-88,11,12282,0,5,2460896,
,28.2,33.4,277,7641,8.87,-90,10.8,12281,0,5,2460596,
,28.3,35.5,274,7640,8.86,-90,10.5,12280,0,5,2460296,
,30.8,36.8,279,7639,8.87,-89,11,12278,0,5,2459996,
,29.7,40.1,273,7638,8.91,-89,10.8,12277,0,5,2459696,
,29.6,36.2,270,7637,8.88,-90,10.8,12276,0,5,2459396,
,33.2,43.3,253,7636,8.89,-89,10.8,12275,0,5,2459096,
,26.5,39.1,243,7635,8.99,-89,10.8,12273,0,5,2458796,
,33.0,39.6,257,7634,8.32,-90,10.8,12272,0,5,2458496,
,23.1,28.4,244,7633,9.02,-91,10.2,12271,0,5,2458196,
,29.0,38.1,235,7632,8.69,-91,11,12270,0,5,2457896,
,34.2,39.4,249,7631,8.89,-90,10.8,12269,0,5,2457596,
,26.5,36.6,277,7630,8.90,-90,10.8,12267,0,5,2457296,
,28.9,37.0,284,7629,8.88,-90,11,12266,0,5,2456996,
,30.2,39.5,282,7628,8.90,-90,10.2,12265,0,5,2456696,
,31.8,40.7,259,7627,8.90,-89,11,12264,0,5,2456396,
,30.6,39.5,259,7626,8.88,-88,11.8,12263,0,5,2456096,
,28.8,42.0,262,7625,8.81,-88,11.5,12262,0,5,2455796,
,31.4,39.6,263,7624,8.74,-90,10.5,12261,0,5,2455496,
,34.3,38.8,253,7623,8.68,-89,11,12260,0,5,2455196,
,29.3,38.8,267,7622,8.52,-89,10.8,12259,0,5,2454896,
,26.6,35.0,271,7621,8.40,-89,10.8,12257,0,5,2454596,
,27.7,34.0,271,7620,8.39,-89,10.5,12256,0,5,2454296,
,33.0,39.9,268,7619,8.35,-90,10.8,12255,0,5,2453996,
,31.5,39.5,272,7618,8.32,-90,10.8,12254,0,5,2453696,
,28.6,34.8,265,7617,8.32,-89,10.5,12253,0,5,2453396,
,29.3,43.0,270,7616,8.50,-90,10.5,12252,0,5,2453096,
,33.5,45.2,270,7615,8.34,-90,10.8,12251,0,5,2452796,
,29.1,34.4,266,7614,8.36,-90,10.8,12249,0,5,2452496,
,26.3,35.2,268,7613,11.06,-89,11.8,12248,0,5,2452196,
,29.7,41.6,255,7612,11.01,-90,10.5,12247,0,5,2451896,
,29.8,38.0,254,7611,11.31,-89,10.8,12246,0,5,2451596,
,30.2,36.2,274,7610,11.32,-90,10.5,12245,0,5,2451296,
,24.8,30.4,264,7609,11.30,-89,11,12243,0,5,2450996,
,29.9,35.8,265,7608,10.94,-89,10.5,12241,0,5,2450696,
,28.7,36.7,268,7607,8.68,-90,10.5,12239,0,5,2450396,
,28.2,35.4,274,7606,8.56,-90,10.2,12237,0,5,2450096,
,25.2,35.5,281,7605,8.72,-90,10.2,12236,0,5,2449796,
,28.4,35.7,284,7604,8.83,-90,10.5,12234,0,5,2449496,
,27.4,34.7,279,7603,8.78,-89,10.5,12232,0,5,2449196,
,25.9,32.4,288,7602,8.87,-89,11,12231,0,5,2448896,
,28.6,35.3,275,7601,8.72,-89,10.8,12229,0,5,2448596,
,23.8,30.7,290,7600,8.52,-90,11,12227,0,5,2448296,
,26.8,33.8,285,7599,8.40,-90,10.5,12225,0,5,2447996,
,28.3,35.6,283,7598,8.36,-89,10.8,12223,0,5,2447696,
,26.7,34.6,287,7597,8.38,-88,11.2,12221,0,5,2447396,
,27.2,32.2,284,7596,8.38,-90,10.5,12219,0,5,2447096,
,27.2,36.7,283,7595,8.39,-89,11.5,12218,0,5,2446796,
,30.1,38.1,275,7594,8.45,-89,11.2,12216,0,5,2446496,
,28.3,36.8,282,7593,8.40,-90,10.5,12214,0,5,2446196,
,28.1,34.5,275,7592,8.39,-89,10.8,12212,0,5,2445896,
,28.4,43.4,270,7591,8.39,-90,11,12210,0,5,2445596,
,31.0,35.6,277,7590,8.60,-89,11.5,12208,0,5,2445296,
,25.2,33.0,288,7589,11.20,-89,11,12207,0,5,2444996,
,27.4,36.2,283,7588,11.17,-89,10.8,12206,0,5,2444696,
,25.2,33.6,269,7587,11.04,-88,11,12204,0,5,2444396,
,25.4,31.7,266,7586,11.02,-89,11,12202,0,5,2444096,
,27.1,41.7,279,7585,9.00,-88,11.2,12200,0,5,2443796,
,31.5,38.0,277,7584,8.97,-88,11.5,12198,0,5,2443496,
,26.1,33.1,285,7583,9.20,-88,10.8,12196,0,5,2443196,
,26.0,31.7,278,7582,9.02,-89,10.8,12194,0,5,2442896,
,26.0,33.0,274,7581,8.99,-90,11,12192,0,5,2442596,
,28.3,35.1,273,7580,8.51,-89,11,12190,0,5,2442296,
,28.6,35.8,272,7579,8.57,-90,10.2,12188,0,5,2441996,
,31.0,37.4,276,7578,8.51,-89,10.5,12186,0,5,2441696,
,26.2,34.2,273,7577,8.46,-90,10.8,12184,0,5,2441396,
,24.4,33.4,282,7576,8.46,-90,10.5,12182,0,5,2441096,
,28.3,36.9,280,7575,8.44,-89,11,12180,0,5,2440796,
,30.2,35.8,275,7574,8.44,-89,10.8,12178,0,5,2440496,
,28.9,40.0,275,7573,8.41,-88,11,12176,0,5,2440196,
,30.9,37.7,277,7572,8.40,-89,10.8,12174,0,5,2439896,
,28.5,36.7,278,7571,8.40,-89,10.5,12173,0,5,2439596,
,30.3,37.8,277,7570,8.42,-89,11.2,12171,0,5,2439296,
,32.4,39.7,276,7569,8.50,-88,12,12169,0,5,2438996,
,32.3,40.1,278,7568,8.44,-90,10.8,12167,0,5,2438696,
,25.2,37.9,276,7567,8.43,-89,10.8,12166,0,5,2438396,
,28.6,37.0,275,7566,8.42,-89,11.5,12164,0,5,2438096,
,29.7,40.1,277,7565,8.42,-89,11.2,12162,0,5,2437796,
,28.6,40.5,282,7564,8.37,-88,11.5,12161,0,5,2437496,
,31.6,36.0,278,7563,8.38,-89,10.8,12159,0,5,2437196,
,32.6,39.4,270,7562,8.40,-89,10.8,12157,0,5,2436896,
,28.6,41.0,277,7561,8.38,-89,10.8,12155,0,5,2436596,
,29.0,36.9,276,7560,8.37,-89,11,12153,0,5,2436296,
,25.2,34.3,279,7559,8.37,-89,10.5,12152,0,5,2435996,
,27.4,34.3,277,7558,8.39,-89,10.5,12150,0,5,2435696,
,27.3,37.5,283,7557,8.39,-88,11.8,12148,0,5,2435396,
,27.3,38.0,281,7556,8.37,-88,10.8,12146,0,5,2435096,
,31.0,37.8,276,7555,8.38,-89,10.8,12144,0,5,2434796,
,30.2,36.0,278,7554,8.39,-88,11.5,12142,0,5,2434496,
,26.4,32.6,281,7553,8.38,-88,11.2,12140,0,5,2434197,
,31.0,40.2,277,7552,8.36,-90,10.8,12138,0,5,2433896,
,30.8,36.9,277,7551,8.38,-89,10.8,12136,0,5,2433596,
,29.5,40.0,282,7550,8.38,-90,10.8,12134,0,5,2433296,
,28.2,33.0,286,7549,8.35,-89,10.8,12132,0,5,2432996,
,27.0,34.6,283,7548,8.38,-89,10.5,12130,0,5,2432696,
,26.9,36.9,281,7547,8.36,-90,10.2,12128,0,5,2432396,
,34.7,41.9,281,7546,8.37,-89,11,12126,0,5,2432096,
,31.3,41.3,287,7545,8.37,-89,11.5,12124,0,5,2431796,
,30.7,38.7,283,7544,8.37,-89,10.8,12122,0,5,2431496,
,32.3,39.1,278,7543,8.36,-88,10.8,12121,0,5,2431196,
,28.5,36.1,280,7542,8.36,-88,10.5,12119,0,5,2430896,
,32.1,39.2,280,7541,8.39,-89,10.8,12117,0,5,2430596,
,30.5,37.7,285,7540,8.37,-89,11,12116,0,5,2430297,
,32.7,43.4,289,7539,8.38,-89,10.5,12115,0,5,2429996,
,34.8,41.9,290,7538,8.40,-90,10.2,12113,0,5,2429696,
,30.3,42.1,293,7537,8.40,-89,10.5,12111,0,5,2429396,
,33.1,41.8,286,7536,8.40,-88,11,12109,0,5,2429096,
,33.1,44.7,285,7535,8.43,-89,11,12107,0,5,2428796,
,33.6,43.8,278,7534,8.42,-88,11.2,12105,0,5,2428496,
,30.5,39.1,283,7533,8.42,-89,10.5,12103,0,5,2428196,
,30.4,39.9,278,7532,8.43,-90,10.5,12101,0,5,2427896,
,35.0,44.0,278,7531,8.46,-88,11.2,12099,0,5,2427596,
,30.8,39.8,276,7530,8.49,-89,11,12097,0,5,2427296,
,34.2,41.9,281,7529,8.51,-88,12,12095,0,5,2426996,
,30.5,37.3,280,7528,8.53,-88,10.2,12093,0,5,2426696,
,30.9,38.7,288,7527,8.56,-89,10.8,12091,0,5,2426397,
,30.8,38.7,285,7526,8.59,-89,11,12089,0,5,2426096,
,34.4,41.7,279,7525,8.60,-89,10.8,12088,0,5,2425796,
,33.1,41.0,285,7524,8.61,-88,11.2,12086,0,5,2425496,
,27.7,33.4,278,7523,8.65,-90,10.2,12084,0,5,2425196,
,27.5,38.2,276,7522,8.67,-89,10.8,12082,0,5,2424896,
,33.7,42.9,281,7521,8.67,-90,10.5,12080,0,5,2424596,
,30.2,36.7,280,7520,8.71,-89,10.8,12078,0,5,2424297,
,29.7,36.5,270,7519,8.73,-89,10.8,12076,0,5,2423996,
,29.8,35.2,266,7518,8.74,-88,10.8,12074,0,5,2423696,
,31.2,37.3,265,7517,8.74,-90,10.5,12072,0,5,2423396,
,30.4,40.2,269,7516,8.72,-89,11,12070,0,5,2423096,
,39.0,52.3,278,7515,8.70,-90,10.5,12068,0,5,2422796,
,35.6,41.2,290,7514,8.70,-89,10.8,12067,0,5,2422497,
,29.6,39.4,282,7513,8.75,-88,11,12065,0,5,2422196,
,31.3,39.7,276,7512,8.75,-89,10.5,12063,0,5,2421896,
,35.0,44.0,276,7511,8.75,-88,11,12061,0,5,2421596,
,36.7,44.8,269,7510,8.76,-88,11,12059,0,5,2421296,
,36.9,42.8,266,7509,8.77,-89,10.8,12057,0,5,2420996,
,29.4,42.7,269,7508,8.77,-89,10.5,12055,0,5,2420696,
,38.7,45.3,272,7507,8.76,-88,11.2,12053,0,5,2420397,
,35.7,45.9,275,7506,8.75,-88,10.5,12051,0,5,2420096,
,35.8,46.4,265,7505,8.76,-88,10.8,12049,0,5,2419796,
,35.1,43.4,267,7504,8.76,-89,10.8,12047,0,5,2419496,
,35.3,41.5,268,7503,8.75,-89,10.8,12045,0,5,2419196,
,34.3,41.0,260,7502,8.76,-90,10.8,12044,0,5,2418896,
,37.4,51.1,266,7501,8.75,-90,10.2,12042,0,5,2418597,
,34.4,45.1,272,7500,8.75,-89,10.8,12041,0,5,2418297,
,37.7,47.2,271,7499,8.76,-89,10.2,12040,0,5,2417996,
,39.4,48.0,272,7498,8.78,-89,11.2,12038,0,5,2417696,
,39.9,48.0,267,7497,8.78,-88,11,12036,0,5,2417396,
,35.2,43.9,266,7496,11.24,-90,10.5,12035,0,5,2417096,
,33.5,41.8,265,7495,12.20,-89,10.5,12033,0,5,2416796,
,34.5,49.1,263,7494,12.19,-89,10.5,12031,0,5,2416497,
,39.1,45.1,271,7493,12.20,-89,10.8,12029,0,5,2416196,
,37.3,47.2,267,7492,12.19,-89,11.2,12027,0,5,2415896,
,42.3,51.7,260,7491,12.19,-90,10.5,12025,0,5,2415596,
,40.3,49.3,261,7490,12.19,-90,10.2,12024,0,5,2415296,
,38.5,51.1,262,7489,12.21,-88,10.2,12022,0,5,2414996,
,37.9,49.9,261,7488,12.21,-90,10.2,12020,0,5,2414697,
,38.4,50.7,258,7487,12.20,-89,11.2,12019,0,5,2414397,
,41.5,52.7,257,7486,12.18,-90,10.2,12017,0,5,2414096,
,44.4,60.0,257,7485,12.15,-89,10.5,12015,0,5,2413796,
,43.5,52.2,270,7484,12.20,-89,10.5,12013,0,5,2413496,
,42.2,59.0,269,7483,12.22,-90,10.5,12011,0,5,2413196,
,39.9,53.9,275,7482,12.23,-89,11,12009,0,5,2412896,
,45.4,55.1,260,7481,12.20,-88,11.5,12007,0,5,2412597,
,36.9,49.0,262,7480,12.17,-89,10.5,12005,0,5,2412296,
,41.9,56.2,260,7479,12.20,-89,10.8,12003,0,5,2411996,
,37.8,47.4,265,7478,12.25,-89,10.5,12001,0,5,2411696,
,37.5,47.7,259,7477,12.24,-88,11.2,11999,0,5,2411396,
,41.1,52.5,263,7476,12.21,-88,11,11997,0,5,2411096,
,40.4,51.4,262,7475,12.19,-90,10.2,11995,0,5,2410797,
,41.5,52.2,256,7474,12.20,-90,10.5,11993,0,5,2410497,
,43.4,56.4,257,7473,12.20,-90,10.5,11992,0,5,2410196,
,40.6,50.0,261,7472,12.18,-89,10.8,11991,0,5,2409896,
,40.9,51.2,262,7471,12.18,-88,11.5,11990,0,5,2409596,
,41.8,49.3,263,7470,12.18,-90,10.2,11989,0,5,2409296,
,41.1,52.0,262,7469,12.17,-88,11,11988,0,5,2408996,
,41.3,48.3,265,7468,12.19,-89,11,11987,0,5,2408697,
,43.2,52.9,261,7467,12.17,-88,11.5,11986,0,5,2408396,
,36.6,57.9,259,7466,12.18,-89,11.5,11985,0,5,2408096,
,39.7,52.7,258,7465,12.16,-89,11,11984,0,5,2407796,
,42.5,52.3,255,7464,12.14,-89,11,11982,0,5,2407496,
,39.7,53.4,258,7463,12.14,-90,11,11980,0,5,2407196,
,44.5,56.0,257,7462,12.11,-90,10.5,11979,0,5,2406897,
,46.5,53.5,257,7461,12.15,-90,10.5,11978,0,5,2406597,
,43.3,53.4,252,7460,12.14,-90,10.2,11977,0,5,2406296,
,45.5,54.6,256,7459,12.11,-88,11,11976,0,5,2405996,
,46.8,57.3,253,7458,12.16,-90,10.5,11975,0,5,2405696,
,45.6,57.5,251,7457,12.06,-90,11,11973,0,5,2405396,
,43.0,55.1,253,7456,12.17,-90,11,11972,0,5,2405096,
,44.8,60.9,253,7455,12.05,-90,10.2,11971,0,5,2404797,
,46.9,67.3,259,7454,12.04,-91,10.2,11970,0,5,2404497,
,47.0,57.8,256,7453,12.16,-90,10.2,11969,0,5,2404196,
,41.8,52.6,252,7452,11.94,-90,10.5,11968,0,5,2403896,
,46.2,61.5,257,7451,12.02,-90,10.5,11967,0,5,2403596,
,45.6,59.3,248,7450,12.14,-88,11.2,11966,0,5,2403296,
,44.4,58.7,247,7449,12.21,-89,10.8,11965,0,5,2402996,
,46.8,58.0,251,7448,12.12,-89,10.5,11964,0,5,2402697,
,41.1,54.8,250,7447,12.03,-89,10.8,11963,0,5,2402396,
,41.7,57.0,247,7446,11.85,-90,10.5,11962,0,5,2402096,
,41.4,54.1,243,7445,12.11,-90,10.2,11961,0,5,2401797,
,42.0,59.0,248,7444,12.13,-90,10.8,11960,0,5,2401496,
,45.3,58.5,251,7443,12.18,-91,11.2,11959,0,5,2401197,
,44.5,54.9,245,7442,12.22,-90,10.5,11958,0,5,2400897,
,42.3,56.3,244,7441,12.19,-89,11,11957,0,5,2400597,
,42.5,57.0,244,7440,12.18,-90,10.8,11956,0,5,2400297,
,42.0,54.1,243,7439,12.20,-90,10.5,11955,0,5,2399997,
,37.8,53.0,247,7438,12.18,-90,10.5,11954,0,5,2399697,
,41.0,55.2,250,7437,12.19,-89,10.5,11953,0,5,2399397,
,46.4,55.8,245,7436,12.18,-90,10.5,11952,0,5,2399097,
,42.6,51.3,241,7435,11.96,-91,10.8,11951,0,5,2398797,
,42.2,54.7,249,7434,11.83,-90,10.2,11950,0,5,2398497,
,37.9,53.7,247,7433,11.76,-90,10.2,11949,0,5,2398197,
,45.4,58.8,242,7432,11.83,-90,10.2,11948,0,5,2397897,
,34.3,51.9,249,7431,11.81,-89,10.8,11947,0,5,2397597,
,45.8,53.1,240,7430,11.79,-91,10.5,11946,0,5,2397297,
,42.2,51.2,238,7429,11.73,-91,10.5,11945,0,5,2396997,
,40.8,50.7,243,7428,11.69,-90,10.5,11944,0,5,2396697,
,41.7,50.1,249,7427,11.63,-90,10.5,11943,0,5,2396397,
,41.5,49.4,245,7426,11.67,-89,10.5,11942,0,5,2396097,
,31.9,40.2,246,7425,11.58,-90,10.5,11940,0,5,2395797,
,36.8,45.0,239,7424,11.52,-90,10.5,11939,0,5,2395497,
,32.0,41.3,240,7423,11.34,-90,10.5,11937,0,5,2395197,
,38.2,49.9,238,7422,11.13,-90,10.8,11936,0,5,2394897,
,39.0,47.0,247,7421,11.23,-90,10.8,11935,0,5,2394597,
,37.8,46.9,241,7420,8.95,-90,10.8,11934,0,5,2394297,
,31.6,43.0,247,7419,8.90,-90,10.5,11933,0,5,2393997,
,35.6,44.0,246,7418,8.90,-90,10.5,11932,0,5,2393697,
,32.1,38.8,245,7417,8.90,-90,10.5,11931,0,5,2393397,
,32.2,39.3,249,7416,8.88,-90,11,11930,0,5,2393097,
,30.0,36.8,244,7415,8.91,-90,10.2,11928,0,5,2392797,
,32.4,39.8,254,7414,8.72,-90,10.5,11927,0,5,2392497,
,31.0,37.2,252,7413,8.70,-88,11.5,11925,0,5,2392197,
,31.4,40.1,250,7412,8.69,-90,10.8,11924,0,5,2391897,
,29.6,35.2,256,7411,8.59,-90,10.5,11923,0,5,2391597,
,30.7,38.7,249,7410,8.57,-89,10.5,11922,0,5,2391297,
,34.7,39.7,255,7409,8.74,-91,10,11920,0,5,2390997,
,34.2,49.2,258,7408,8.75,-89,10.5,11918,0,5,2390697,
,36.3,44.7,258,7407,8.77,-90,10.5,11916,0,5,2390397,
,36.7,43.6,262,7406,8.60,-90,10.5,11914,0,5,2390097,
,37.6,51.1,263,7405,8.32,-90,10.2,11912,0,5,2389797,
,35.5,45.0,243,7404,8.34,-90,10.8,11911,0,5,2389497,
,35.5,43.9,245,7403,8.32,-91,10.2,11910,0,5,2389197,
,34.2,42.2,249,7402,8.32,-90,10.5,11909,0,5,2388897,
,36.8,51.6,256,7401,8.33,-90,10.5,11908,0,5,2388597,
,47.4,69.4,243,7400,8.34,-90,10.5,11907,0,5,2388297,
,27.5,36.6,204,7399,8.35,-90,11.8,11906,0,5,2387997,
,22.9,28.7,211,7398,8.35,-91,11.2,11905,0,5,2387697,
,18.3,24.1,216,7397,10.88,-92,10.5,11904,0,5,2387397,
,18.7,23.0,212,7396,10.79,-90,10.2,11902,0,5,2387097,
,18.0,22.6,220,7395,10.59,-90,10.2,11901,0,5,2386797,
,22.8,28.1,221,7394,10.08,-91,11,11899,0,5,2386497,
,21.3,29.8,221,7393,8.39,-90,11,11898,0,5,2386197,
,21.5,26.8,221,7392,8.35,-91,9.8,11896,0,5,2385897,
,21.8,30.0,222,7391,10.71,-90,10.8,11895,0,5,2385597,
,22.2,27.1,215,7390,8.89,-90,10.5,11893,0,5,2385297,
,21.8,26.4,217,7389,8.87,-90,10.2,11892,0,5,2384997,
,20.5,26.0,216,7388,8.64,-90,10.2,11890,0,5,2384697,
,22.5,29.3,215,7387,8.59,-90,10.5,11889,0,5,2384397,
,21.7,26.7,218,7386,8.50,-90,10.5,11888,0,5,2384097,
,23.9,28.7,221,7385,8.44,-90,10.8,11887,0,5,2383797,
,24.7,30.0,219,7384,8.43,-90,10.5,11885,0,5,2383497,
,22.5,28.5,224,7383,8.41,-90,10.2,11884,0,5,2383197,
,24.9,29.4,223,7382,8.44,-91,11,11883,0,5,2382897,
,25.4,30.5,226,7381,8.38,-89,11,11881,0,5,2382597,
,23.7,28.3,225,7380,8.38,-90,10.2,11880,0,5,2382297,
,23.0,26.7,227,7379,8.38,-90,10.2,11878,0,5,2381997,
,19.1,23.0,213,7378,8.39,-91,10.5,11876,0,5,2381697,
,19.4,23.7,211,7377,8.37,-90,10.5,11875,0,5,2381397,
,21.6,24.5,209,7376,11.07,-90,10.2,11874,0,5,2381097,
,22.5,27.6,211,7375,10.98,-89,10.8,11872,0,5,2380797,
,20.1,24.6,209,7374,10.91,-90,10.2,11871,0,5,2380497,
,20.5,24.6,210,7373,10.83,-90,10,11870,0,5,2380197,
,21.4,26.3,211,7372,8.79,-91,10.5,11869,0,5,2379897,
,19.9,24.5,211,7371,8.68,-91,10.5,11867,0,5,2379597,
,20.3,26.2,211,7370,8.66,-89,10.8,11866,0,5,2379297,
,24.2,28.0,217,7369,8.64,-90,10.5,11865,0,5,2378997,
,21.7,26.6,215,7368,8.65,-90,10.8,11864,0,5,2378697,
,21.6,26.4,216,7367,8.70,-90,10.5,11862,0,5,2378397,
,24.4,28.7,216,7366,8.63,-90,10.8,11861,0,5,2378097,
,19.6,28.8,212,7365,8.65,-90,10.8,11859,0,5,2377797,
,22.3,28.0,217,7364,8.63,-90,10.5,11857,0,5,2377497,
,20.7,26.2,217,7363,8.61,-91,10.5,11856,0,5,2377197,
,19.4,27.4,218,7362,8.61,-90,11,11855,0,5,2376897,
,19.0,22.5,229,7361,8.67,-91,10.5,11854,0,5,2376597,
,18.5,23.6,228,7360,8.63,-90,10.8,11853,0,5,2376297,
,19.1,26.2,227,7359,8.66,-90,10.8,11851,0,5,2375997,
,19.9,26.5,228,7358,8.64,-90,10.5,11849,0,5,2375697,
,21.9,26.7,232,7357,8.64,-91,10.8,11847,0,5,2375397,
,23.5,30.9,243,7356,8.60,-91,11,11845,0,5,2375097,
,27.5,38.7,232,7355,8.66,-90,10.8,11844,0,5,2374797,
,31.4,42.4,222,7354,8.65,-90,10.2,11843,0,5,2374497,
,35.5,42.7,187,7353,8.63,-90,10.2,11842,0,5,2374197,
,31.4,37.7,177,7352,8.64,-89,10.5,11841,0,5,2373897,
,33.1,41.0,176,7351,8.65,-90,10.5,11840,0,5,2373597,
,32.5,38.9,177,7350,8.64,-90,10.5,11838,0,5,2373297,
,34.4,40.4,180,7349,8.63,-90,10.2,11837,0,5,2372997,
,32.7,43.2,181,7348,8.71,-89,10.8,11836,0,5,2372697,
,31.4,41.4,180,7347,8.59,-90,10.5,11834,0,5,2372397,
,34.2,39.5,179,7346,8.57,-91,11,11832,0,5,2372097,
,31.6,42.9,180,7345,8.56,-90,10.5,11831,0,5,2371797,
,31.9,46.3,178,7344,8.58,-91,11.2,11829,0,5,2371497,
,33.9,44.6,179,7343,8.56,-90,10.5,11828,0,5,2371197,
,31.5,43.6,182,7342,8.56,-90,10.5,11826,0,5,2370897,
,33.4,43.7,183,7341,8.56,-90,10.2,11825,0,5,2370597,
,32.2,40.9,184,7340,8.66,-91,10.8,11824,0,5,2370297,
,32.3,45.8,179,7339,8.81,-89,10.8,11823,0,5,2369997,
,32.6,39.8,179,7338,8.44,-90,10.2,11821,0,5,2369697,
,32.6,41.2,180,7337,8.42,-90,10.8,11819,0,5,2369397,
,28.1,33.5,179,7336,8.43,-90,10.8,11818,0,5,2369097,
,29.1,37.5,177,7335,8.46,-89,11.5,11816,0,5,2368797,
,32.4,41.5,179,7334,8.46,-90,10.5,11814,0,5,2368497,
,31.7,39.8,180,7333,8.46,-90,10.2,11813,0,5,2368197,
,29.6,36.2,177,7332,8.43,-88,11,11812,0,5,2367897,
,26.9,30.9,173,7331,8.43,-90,10.5,11811,0,5,2367597,
,28.8,39.6,178,7330,8.43,-91,10.8,11810,0,5,2367297,
,28.4,40.5,181,7329,8.44,-90,10.2,11808,0,5,2366997,
,35.7,42.9,185,7328,8.44,-91,10.8,11806,0,5,2366697,
,32.5,40.3,178,7327,8.42,-89,10.5,11805,0,5,2366397,
,28.5,35.8,172,7326,8.42,-90,10.5,11804,0,5,2366097,
,30.2,38.4,176,7325,8.42,-90,10.2,11803,0,5,2365797,
,29.5,37.9,182,7324,8.41,-88,10.2,11801,0,5,2365497,
,29.8,37.2,178,7323,8.50,-90,11,11800,0,5,2365197,
,27.1,36.3,183,7322,10.99,-90,10.8,11799,0,5,2364897,
,28.4,37.5,185,7321,11.62,-90,11,11798,0,5,2364597,
,29.1,33.4,180,7320,11.58,-91,10.2,11796,0,5,2364297,
,25.8,32.0,181,7319,11.59,-91,10.5,11795,0,5,2363997,
,27.8,34.1,183,7318,11.57,-90,10.5,11793,0,5,2363697,
,27.1,30.3,184,7317,11.59,-90,10.5,11792,0,5,2363397,
,23.5,32.0,182,7316,11.59,-91,10.2,11790,0,5,2363097,
,24.6,28.7,188,7315,11.58,-90,11,11789,0,5,2362797,
,23.2,28.1,185,7314,11.49,-91,11,11787,0,5,2362497,
,25.8,31.2,179,7313,11.56,-91,10.8,11785,0,5,2362197,
,24.8,29.4,186,7312,11.53,-90,10.5,11783,0,5,2361897,
,26.8,32.0,185,7311,11.44,-91,11.2,11781,0,5,2361597,
,27.1,32.7,186,7310,11.28,-90,10.8,11780,0,5,2361297,
,22.3,32.2,184,7309,11.37,-91,10.5,11779,0,5,2360997,
,25.5,31.2,185,7308,8.39,-92,10.8,11777,0,5,2360697,
,25.1,31.8,186,7307,8.39,-90,11.2,11775,0,5,2360397,
,23.9,31.8,186,7306,8.37,-91,11,11774,0,5,2360097,
,28.6,33.4,186,7305,8.34,-90,10.2,11773,0,5,2359797,
,25.2,30.3,188,7304,10.70,-90,10,11772,0,5,2359497,
,23.0,29.1,191,7303,10.55,-91,11,11770,0,5,2359197,
,23.2,28.8,194,7302,10.25,-91,10.5,11768,0,5,2358897,
,24.5,30.6,200,7301,8.37,-90,10.5,11767,0,5,2358597,
,19.8,24.2,196,7300,8.36,-91,10.8,11766,0,5,2358297,
,21.6,26.7,181,7299,8.38,-91,11,11764,0,5,2357997,
,21.7,30.7,182,7298,8.35,-91,10.8,11762,0,5,2357697,
,23.2,28.2,184,7297,8.37,-89,11.2,11760,0,5,2357397,
,25.1,32.2,183,7296,8.35,-90,11,11759,0,5,2357097,
,26.7,33.1,192,7295,8.35,-90,10.2,11758,0,5,2356797,
,28.0,33.6,193,7294,8.35,-90,11,11756,0,5,2356497,
,24.4,29.5,193,7293,10.86,-92,11,11754,0,5,2356197,
,26.6,30.7,191,7292,10.76,-90,10.2,11753,0,5,2355897,
,23.7,27.6,192,7291,8.33,-90,10.5,11752,0,5,2355597,
,22.4,28.5,195,7290,8.36,-90,10.5,11751,0,5,2355297,
,23.2,29.6,190,7289,8.37,-90,10.8,11749,0,5,2354997,
,25.6,30.3,194,7288,8.36,-90,10.8,11747,0,5,2354697,
,24.0,29.3,195,7287,8.36,-90,10.8,11745,0,5,2354397,
,25.9,29.5,195,7286,8.36,-90,10.2,11744,0,5,2354097,
,24.6,29.4,192,7285,8.34,-91,10.8,11743,0,5,2353797,
,25.1,29.1,197,7284,8.34,-90,10.2,11741,0,5,2353497,
,22.1,27.9,195,7283,10.86,-91,11.2,11740,0,5,2353197,
,20.1,25.4,194,7282,10.73,-90,10.5,11739,0,5,2352897,
,22.8,25.7,200,7281,8.35,-90,11,11737,0,5,2352597,
,21.1,27.7,197,7280,8.35,-90,11,11735,0,5,2352297,
,19.7,24.1,200,7279,8.35,-90,10.2,11733,0,5,2351997,
,18.5,22.6,204,7278,8.35,-91,10.8,11731,0,5,2351697,
,21.1,26.6,205,7277,8.35,-91,11.5,11729,0,5,2351397,
,24.1,28.4,209,7276,11.01,-91,10.5,11728,0,5,2351097,
,23.4,27.2,206,7275,8.37,-89,11.2,11727,0,5,2350797,
,20.7,23.6,210,7274,10.35,-91,10.2,11726,0,5,2350497,
,20.8,25.0,211,7273,8.36,-91,10.8,11724,0,5,2350197,
,20.3,26.4,208,7272,8.34,-90,10.5,11722,0,5,2349897,
,22.3,27.1,210,7271,8.34,-90,11.2,11721,0,5,2349597,
,18.5,26.4,207,7270,8.35,-90,10.5,11720,0,5,2349297,
,20.4,23.9,205,7269,8.35,-91,11.2,11718,0,5,2348997,
,18.3,24.9,208,7268,8.35,-90,10.8,11716,0,5,2348697,
,18.2,22.6,208,7267,8.35,-91,10.5,11714,0,5,2348397,
,20.0,23.9,203,7266,8.35,-90,10.5,11712,0,5,2348097,
,23.4,26.6,202,7265,8.34,-90,11.2,11711,0,5,2347797,
,22.6,25.6,209,7264,8.36,-90,10.5,11709,0,5,2347497,
,18.4,23.5,206,7263,11.23,-90,10.8,11707,0,5,2347197,
,19.5,23.1,206,7262,8.38,-90,10.8,11705,0,5,2346897,
,18.5,23.0,208,7261,8.37,-90,10.5,11703,0,5,2346597,
,19.7,23.4,214,7260,8.38,-90,10.8,11701,0,5,2346297,
,18.6,24.0,210,7259,11.29,-89,11,11699,0,5,2345997,
,20.3,24.9,214,7258,11.28,-90,10.2,11697,0,5,2345697,
,20.8,25.0,212,7257,8.38,-90,10.2,11695,0,5,2345397,
,21.2,25.7,212,7256,11.10,-90,10.2,11693,0,5,2345097,
,23.2,26.8,216,7255,8.49,-90,10.8,11692,0,5,2344797,
,22.1,26.4,215,7254,10.91,-89,10.8,11691,0,5,2344497,
,20.1,26.0,216,7253,8.88,-90,10.8,11689,0,5,2344197,
,17.9,23.2,220,7252,8.45,-90,10.5,11687,0,5,2343897,
,19.2,27.3,217,7251,8.43,-90,10.5,11686,0,5,2343597,
,22.6,25.5,213,7250,8.46,-89,10.5,11685,0,5,2343297,
,22.6,26.8,215,7249,8.45,-88,11,11684,0,5,2342997,
,18.3,25.7,217,7248,8.43,-90,10.8,11683,0,5,2342697,
,21.4,25.2,220,7247,8.46,-90,10.8,11681,0,5,2342397,
,20.9,25.8,218,7246,8.53,-89,10.8,11679,0,5,2342097,
,17.0,20.0,219,7245,10.88,-90,10.2,11677,0,5,2341797,
,13.9,16.9,211,7244,10.58,-90,10.8,11675,0,5,2341497,
,18.4,23.0,215,7243,10.41,-91,9.8,11673,0,5,2341197,
,22.0,25.0,216,7242,9.27,-91,10.5,11671,0,5,2340897,
,21.7,24.3,219,7241,8.67,-89,10.5,11669,0,5,2340597,
,19.7,24.7,214,7240,8.72,-90,10.5,11667,0,5,2340297,
,18.2,27.6,216,7239,8.65,-91,10.5,11665,0,5,2339997,
,21.6,27.1,216,7238,11.68,-90,10.2,11663,0,5,2339697,
,13.9,17.9,210,7237,12.13,-90,10.8,11661,0,5,2339397,
,11.1,13.5,215,7236,11.97,-90,10.5,11660,0,5,2339097,
,9.6,11.1,217,7235,12.20,-90,10.5,11658,0,5,2338797,
,10.4,15.4,215,7234,12.23,-91,10.2,11656,0,5,2338497,
,14.2,25.2,215,7233,11.87,-90,10.2,11654,0,5,2338197,
,23.4,30.3,224,7232,12.01,-91,11.2,11652,0,5,2337897,
,21.0,24.5,220,7231,12.00,-89,10.8,11651,0,5,2337597,
,17.9,21.7,222,7230,12.16,-90,10.5,11650,0,5,2337297,
,16.0,22.5,222,7229,12.20,-89,10.8,11648,0,5,2336997,
,19.9,22.6,229,7228,12.18,-90,10.2,11646,0,5,2336697,
,21.7,25.6,218,7227,12.23,-90,10.5,11644,0,5,2336397,
,18.3,25.7,221,7226,12.23,-89,11,11643,0,5,2336097,
,16.6,26.3,228,7225,12.20,-89,10.8,11641,0,5,2335797,
,19.2,24.3,219,7224,12.23,-89,10.5,11640,0,5,2335497,
,20.7,23.8,218,7223,12.23,-89,10.2,11638,0,5,2335197,
,20.1,23.8,228,7222,12.24,-90,10.5,11637,0,5,2334897,
,20.2,26.0,226,7221,12.24,-89,10.8,11635,0,5,2334597,
,21.3,25.8,234,7220,12.20,-90,10.2,11634,0,5,2334297,
,19.8,28.2,230,7219,12.22,-90,10.2,11632,0,5,2333997,
,24.6,28.4,230,7218,12.23,-90,10.5,11631,0,5,2333697,
,20.1,28.8,230,7217,12.23,-90,10.2,11630,0,5,2333397,
,23.0,28.7,223,7216,12.23,-89,10.8,11629,0,5,2333097,
,20.7,28.4,225,7215,12.23,-90,10.5,11628,0,5,2332797,
,23.6,27.5,223,7214,12.23,-90,10.2,11626,0,5,2332497,
,21.1,25.7,228,7213,12.21,-90,10.5,11625,0,5,2332197,
,19.3,25.2,220,7212,12.19,-90,10.8,11624,0,5,2331897,
,20.4,26.1,219,7211,12.23,-89,10.5,11623,0,5,2331597,
,23.4,27.1,222,7210,12.24,-90,10.2,11622,0,5,2331297,
,22.1,27.8,222,7209,12.23,-90,10.5,11621,0,5,2330997,
,23.5,27.8,224,7208,12.25,-90,10.2,11620,0,5,2330697,
,21.3,27.1,223,7207,12.22,-91,10.5,11619,0,5,2330397,
,24.7,28.8,216,7206,12.20,-89,10.8,11617,0,5,2330097,
,22.9,27.3,218,7205,12.24,-90,10.8,11616,0,5,2329797,
,22.2,29.0,216,7204,12.25,-89,10.8,11615,0,5,2329497,
,21.0,26.9,215,7203,12.23,-89,10.5,11613,0,5,2329197,
,24.1,27.7,225,7202,12.25,-90,10.5,11612,0,5,2328897,
,23.7,28.2,225,7201,12.24,-89,10.8,11611,0,5,2328597,
,22.1,28.3,225,7200,12.23,-89,11,11610,0,5,2328297,
,22.9,28.5,220,7199,12.21,-89,10.5,11609,0,5,2327997,
,23.1,28.6,220,7198,12.23,-90,11,11608,0,5,2327697,
,21.3,28.5,218,7197,12.23,-90,10.5,11607,0,5,2327397,
,22.0,27.2,208,7196,12.22,-89,10.8,11606,0,5,2327097,
,22.5,26.0,211,7195,12.20,-90,11,11604,0,5,2326797,
,24.2,28.4,214,7194,12.17,-90,10.5,11602,0,5,2326497,
,19.5,26.7,219,7193,12.18,-89,10.8,11600,0,5,2326197,
,23.8,27.5,212,7192,12.18,-90,10.8,11598,0,5,2325897,
,20.7,26.1,213,7191,12.16,-90,10.8,11597,0,5,2325597,
,23.5,27.6,212,7190,12.21,-89,10.8,11596,0,5,2325297,
,20.4,26.5,219,7189,12.22,-90,10.2,11595,0,5,2324997,
,22.1,29.6,219,7188,12.19,-90,10.2,11594,0,5,2324697,
,20.4,27.3,215,7187,12.18,-90,10.2,11593,0,5,2324397,
,22.2,26.0,212,7186,12.18,-90,10.5,11592,0,5,2324097,
,23.6,27.8,217,7185,12.18,-90,10.5,11591,0,5,2323797,
,19.3,28.1,223,7184,12.16,-91,10,11589,0,5,2323497,
,23.9,28.2,227,7183,12.13,-90,10.2,11587,0,5,2323197,
,19.6,26.7,220,7182,12.17,-90,11,11585,0,5,2322897,
,20.7,26.7,224,7181,12.09,-90,10,11584,0,5,2322597,
,18.4,23.7,223,7180,12.14,-90,10,11582,0,5,2322297,
,17.3,23.9,221,7179,12.11,-91,10.2,11581,0,5,2321997,
,20.8,24.1,227,7178,12.10,-90,10.2,11580,0,5,2321697,
,17.3,20.6,224,7177,12.06,-90,10.5,11579,0,5,2321397,
,13.3,18.2,219,7176,12.04,-91,10.2,11578,0,5,2321097,
,16.5,20.3,216,7175,11.99,-91,10.5,11577,0,5,2320797,
,15.7,19.8,224,7174,11.90,-91,10,11576,0,5,2320497,
,19.1,22.1,224,7173,11.82,-91,11,11574,0,5,2320197,
,16.4,20.5,222,7172,11.85,-91,10.8,11572,0,5,2319897,
,17.5,21.1,224,7171,9.51,-90,10.8,11571,0,5,2319597,
,14.7,18.2,223,7170,9.75,-91,11.2,11570,0,5,2319297,
,15.8,19.5,215,7169,9.53,-91,10.5,11568,0,5,2318997,
,15.2,17.4,226,7168,9.43,-91,10.8,11567,0,5,2318697,
,13.6,17.5,226,7167,9.42,-91,10.5,11565,0,5,2318397,
,10.8,12.8,226,7166,9.42,-91,11.2,11563,0,5,2318097,
,9.7,14.9,235,7165,9.38,-91,10.8,11562,0,5,2317797,
,13.4,16.2,234,7164,9.32,-92,10.5,11560,0,5,2317497,
,13.5,16.4,237,7163,9.19,-91,11,11559,0,5,2317197,
,15.9,19.3,244,7162,9.15,-91,11.2,11558,0,5,2316897,
,15.2,20.4,251,7161,9.19,-91,10.8,11556,0,5,2316597,
,15.4,18.3,248,7160,9.04,-91,10.5,11554,0,5,2316297,
,12.7,16.0,247,7159,9.18,-91,11,11552,0,5,2315997,
,13.5,16.9,245,7158,9.07,-91,11,11550,0,5,2315697,
,14.8,17.0,247,7157,9.09,-92,10.5,11548,0,5,2315397,
,14.4,16.8,246,7156,9.12,-91,11.2,11546,0,5,2315097,
,14.8,18.1,251,7155,9.02,-91,11.2,11544,0,5,2314797,
,14.8,17.3,253,7154,8.91,-91,10.2,11543,0,5,2314497,
,15.8,19.5,258,7153,8.96,-91,10.8,11541,0,5,2314197,
,16.6,21.4,263,7152,8.99,-91,11,11540,0,5,2313897,
,18.3,23.8,261,7151,8.97,-91,11.2,11539,0,5,2313597,
,22.6,26.2,259,7150,8.99,-90,10.5,11538,0,5,2313297,
,19.9,22.8,239,7149,8.95,-91,10.8,11536,0,5,2312997,
,19.7,22.4,227,7148,8.96,-90,10.5,11534,0,5,2312697,
,16.1,22.9,231,7147,8.94,-91,10.5,11533,0,5,2312397,
,14.4,20.2,233,7146,8.96,-91,10.8,11531,0,5,2312097,
,18.9,22.0,226,7145,8.96,-91,11,11530,0,5,2311797,
,15.7,20.8,222,7144,8.95,-91,10.8,11528,0,5,2311497,
,20.2,24.8,229,7143,8.82,-90,10.2,11527,0,5,2311197,
,16.7,21.7,228,7142,8.74,-91,10.8,11526,0,5,2310897,
,17.5,21.1,229,7141,8.73,-91,11,11525,0,5,2310597,
,19.9,24.2,231,7140,8.73,-90,10.2,11524,0,5,2310297,
,17.2,20.7,233,7139,8.77,-91,10.8,11522,0,5,2309997,
,16.6,20.2,231,7138,9.03,-90,10.2,11520,0,5,2309697,
,17.5,21.4,229,7137,8.81,-91,11.8,11519,0,5,2309397,
,17.5,21.4,229,7137,8.81,-91,11.8,11519,0,5,2309397,
,18.4,22.6,234,7136,8.86,-92,11,11518,0,5,2309097,
,17.2,21.8,228,7135,8.72,-91,9.8,11517,0,5,2308797,
,18.4,21.3,234,7134,8.79,-90,10.5,11516,0,5,2308497,
,17.9,21.6,224,7133,8.96,-91,11.2,11515,0,5,2308197,
,17.0,22.0,225,7132,8.80,-91,10.8,11514,0,5,2307897,
,19.5,22.5,216,7131,8.73,-91,10.8,11513,0,5,2307597,
,19.7,24.9,221,7130,8.70,-90,10.8,11512,0,5,2307297,
,20.3,24.5,217,7129,9.14,-90,10.8,11511,0,5,2306997,
,18.1,20.8,216,7128,8.56,-91,10.8,11510,0,5,2306697,
,17.8,19.5,221,7127,8.50,-91,10.8,11509,0,5,2306397,
,19.8,23.7,217,7126,8.57,-91,10.8,11507,0,5,2306097,
,16.3,24.4,217,7125,8.50,-91,11,11506,0,5,2305797,
,19.9,23.6,214,7124,8.48,-90,10.8,11505,0,5,2305497,
,19.9,22.9,219,7123,8.49,-90,11,11504,0,5,2305197,
,19.5,23.3,223,7122,8.50,-90,10.8,11502,0,5,2304897,
,15.9,22.7,226,7121,8.51,-91,11,11500,0,5,2304597,
,21.5,23.5,230,7120,8.46,-90,11.2,11498,0,5,2304297,
,21.5,23.9,216,7119,8.54,-90,10.8,11496,0,5,2303997,
,15.8,23.6,217,7118,8.55,-90,10.5,11494,0,5,2303697,
,19.3,23.9,223,7117,10.96,-90,10.5,11493,0,5,2303397,
,19.4,22.1,216,7116,8.45,-90,11.2,11492,0,5,2303097,
,21.0,24.6,217,7115,10.49,-90,10.8,11491,0,5,2302797,
,19.9,23.4,226,7114,8.46,-90,10.5,11489,0,5,2302497,
,18.3,23.1,228,7113,10.58,-90,10.2,11488,0,5,2302197,
,17.4,23.4,226,7112,8.47,-91,11.5,11487,0,5,2301897,
,16.5,22.3,228,7111,8.43,-90,10.5,11486,0,5,2301597,
,16.9,20.6,225,7110,8.42,-90,10.2,11484,0,5,2301297,
,17.9,22.2,231,7109,11.48,-91,11.2,11483,0,5,2300997,
,18.6,22.9,231,7108,11.09,-90,10.5,11481,0,5,2300697,
,18.7,23.3,233,7107,8.48,-90,10.5,11480,0,5,2300397,
,19.4,23.2,230,7106,8.99,-90,11,11479,0,5,2300097,
,22.2,25.8,222,7105,8.47,-90,10.2,11478,0,5,2299797,
,21.8,25.3,229,7104,8.46,-89,11.2,11476,0,5,2299497,
,19.5,25.9,219,7103,8.44,-91,11,11474,0,5,2299197,
,20.8,26.7,221,7102,8.40,-90,10.5,11473,0,5,2298897,
,23.0,26.4,224,7101,8.40,-90,10.5,11472,0,5,2298597,
,21.1,24.9,228,7100,8.42,-90,10.8,11471,0,5,2298297,
,20.4,23.7,225,7099,8.42,-90,10.5,11470,0,5,2297997,
,18.1,20.4,221,7098,11.52,-90,10.5,11469,0,5,2297697,
,16.1,20.4,222,7097,11.51,-90,10.5,11467,0,5,2297397,
,17.0,22.3,231,7096,11.46,-90,10.5,11465,0,5,2297097,
,17.4,21.4,227,7095,11.38,-90,10.8,11464,0,5,2296797,
,17.0,20.8,229,7094,11.39,-90,10.5,11463,0,5,2296497,
,17.8,21.9,228,7093,11.05,-90,10.8,11461,0,5,2296197,
,16.6,22.8,230,7092,8.46,-90,10.8,11460,0,5,2295897,
,18.0,22.4,228,7091,8.52,-90,10.5,11458,0,5,2295597,
,18.3,22.3,227,7090,8.54,-90,10.5,11457,0,5,2295297,
,16.3,22.6,226,7089,8.49,-90,11.2,11456,0,5,2294997,
,17.4,22.3,225,7088,8.57,-90,10.5,11455,0,5,2294697,
,20.9,23.8,220,7087,11.46,-90,10.5,11454,0,5,2294397,
,18.1,21.6,219,7086,11.02,-90,10.5,11452,0,5,2294097,
,18.7,22.4,225,7085,8.77,-90,10.5,11451,0,5,2293797,
,18.3,22.3,223,7084,10.74,-91,10.5,11450,0,5,2293497,
,18.0,21.3,218,7083,10.72,-91,11.5,11449,0,5,2293198,
,17.7,20.8,219,7082,8.39,-90,10.2,11448,0,5,2292897,
,18.1,22.7,220,7081,8.36,-90,10.8,11447,0,5,2292597,
,18.1,21.0,219,7080,10.80,-90,10.2,11446,0,5,2292297,
,16.6,20.3,217,7079,8.36,-90,11,11445,0,5,2291997,
,16.9,19.5,222,7078,8.39,-90,10.5,11444,0,5,2291697,
,17.4,19.3,219,7077,8.35,-90,11.2,11443,0,5,2291397,
,18.1,21.0,216,7076,10.56,-89,11,11441,0,5,2291097,
,16.5,19.9,216,7075,11.22,-89,11.2,11440,0,5,2290797,
,17.2,20.0,214,7074,11.31,-90,10.5,11439,0,5,2290497,
,16.3,20.6,217,7073,11.30,-90,10.5,11438,0,5,2290197,
,15.8,18.3,217,7072,11.29,-90,11.2,11436,0,5,2289897,
,16.2,21.1,216,7071,11.24,-90,10,11435,0,5,2289597,
,16.1,19.4,217,7070,11.23,-90,11,11434,0,5,2289298,
,14.9,20.0,223,7069,11.19,-91,10.8,11433,0,5,2288997,
,16.4,19.2,219,7068,11.16,-90,11,11431,0,5,2288697,
,16.0,19.3,221,7067,11.11,-90,11,11430,0,5,2288397,
,14.2,18.4,224,7066,11.13,-90,10.5,11429,0,5,2288097,
,16.4,18.7,222,7065,8.71,-90,10.8,11428,0,5,2287797,
,15.6,19.2,228,7064,8.59,-90,11.2,11427,0,5,2287497,
,16.5,19.5,230,7063,10.50,-90,10.8,11426,0,5,2287197,
,16.1,19.9,221,7062,8.54,-90,10.2,11425,0,5,2286897,
,16.2,18.9,227,7061,9.60,-90,10.5,11423,0,5,2286597,
,13.5,19.3,225,7060,8.58,-91,10.2,11422,0,5,2286297,
,17.0,20.8,225,7059,8.63,-90,10.2,11420,0,5,2285997,
,15.4,21.0,225,7058,8.47,-90,10.5,11419,0,5,2285697,
,16.5,20.0,221,7057,8.43,-91,11,11417,0,5,2285398,
,16.5,19.4,226,7056,8.42,-90,10.8,11415,0,5,2285097,
,13.7,18.0,227,7055,8.39,-91,11,11414,0,5,2284797,
,14.7,17.9,230,7054,8.41,-91,10.5,11412,0,5,2284497,
,15.7,19.0,226,7053,8.39,-91,12,11410,0,5,2284197,
,17.0,21.3,225,7052,10.41,-91,10.8,11408,0,5,2283897,
,16.8,21.0,230,7051,11.00,-91,11,11406,0,5,2283597,
,14.1,17.5,228,7050,10.99,-90,10.5,11405,0,5,2283298,
,13.5,17.6,225,7049,8.45,-90,10.5,11404,0,5,2282997,
,15.6,18.6,227,7048,9.48,-90,10.5,11402,0,5,2282697,
,14.8,17.0,231,7047,8.44,-91,11,11401,0,5,2282397,
,16.7,19.5,225,7046,9.05,-91,11.5,11399,0,5,2282097,
,15.3,16.9,229,7045,8.54,-91,11.2,11397,0,5,2281797,
,15.5,18.4,231,7044,8.53,-90,10.8,11396,0,5,2281498,
,13.8,16.1,232,7043,8.46,-91,10.8,11395,0,5,2281197,
,14.5,16.0,220,7042,8.41,-91,11.5,11393,0,5,2280897,
,13.1,16.3,227,7041,8.38,-91,10.8,11392,0,5,2280597,
,12.2,16.4,229,7040,8.44,-90,10.2,11390,0,5,2280297,
,13.5,17.2,218,7039,11.31,-90,11,11388,0,5,2279997,
,13.0,15.8,222,7038,11.12,-91,11,11387,0,5,2279697,
,13.8,17.5,222,7037,8.72,-91,11.5,11385,0,5,2279398,
,11.0,14.0,221,7036,9.10,-91,11.5,11383,0,5,2279097,
,12.4,14.0,228,7035,9.01,-91,11.8,11381,0,5,2278797,
,11.2,14.1,233,7034,8.90,-91,11,11380,0,5,2278497,
,13.7,15.6,225,7033,8.89,-91,10.5,11378,0,5,2278197,
,13.6,17.1,228,7032,8.57,-91,10.8,11377,0,5,2277897,
,13.7,16.5,228,7031,8.52,-91,11.5,11375,0,5,2277598,
,13.1,15.0,226,7030,8.52,-91,11.5,11373,0,5,2277297,
,13.1,14.9,224,7029,8.51,-91,11,11372,0,5,2276997,
,12.6,15.4,228,7028,8.59,-91,11.5,11370,0,5,2276697,
,14.8,16.6,228,7027,8.51,-91,11.5,11369,0,5,2276397,
,14.0,18.0,223,7026,10.51,-90,10.5,11367,0,5,2276097,
,13.2,17.8,226,7025,10.77,-91,11,11366,0,5,2275797,
,13.5,15.6,233,7024,8.46,-91,11.2,11364,0,5,2275498,
,13.9,16.5,235,7023,8.65,-91,11.8,11363,0,5,2275197,
,14.4,16.3,230,7022,10.42,-91,10.8,11361,0,5,2274897,
,13.3,15.6,235,7021,8.73,-90,11.5,11359,0,5,2274597,
,13.4,15.7,220,7020,8.44,-92,11.5,11358,0,5,2274297,
,14.7,17.4,231,7019,8.41,-91,11,11356,0,5,2273997,
,11.2,13.5,229,7018,10.73,-91,10.8,11355,0,5,2273698,
,13.0,15.8,228,7017,9.04,-91,11,11354,0,5,2273398,
,13.4,16.4,218,7016,8.95,-91,10.8,11353,0,5,2273097,
,10.6,11.8,227,7015,8.52,-90,10.2,11352,0,5,2272797,
,10.6,13.6,236,7014,8.44,-91,11,11351,0,5,2272497,
,11.3,14.4,232,7013,8.42,-91,11.2,11350,0,5,2272197,
,13.3,14.8,235,7012,10.52,-91,10.5,11349,0,5,2271897,
,11.7,14.0,235,7011,8.87,-91,11.5,11348,0,5,2271598,
,11.4,13.6,231,7010,8.50,-91,11,11347,0,5,2271297,
,11.2,13.7,234,7009,8.90,-91,10.5,11345,0,5,2270997,
,11.7,13.9,234,7008,9.03,-91,10.5,11343,0,5,2270697,
,13.0,16.8,233,7007,8.98,-91,11,11342,0,5,2270397,
,12.7,15.2,232,7006,9.07,-91,11,11341,0,5,2270097,
,11.6,15.0,232,7005,8.99,-91,11,11339,0,5,2269798,
,13.3,15.5,231,7004,8.61,-91,10.8,11338,0,5,2269498,
,14.8,16.6,234,7003,8.87,-91,11,11336,0,5,2269197,
,12.6,14.4,240,7002,8.50,-91,11,11334,0,5,2268897,
,10.9,13.2,234,7001,8.52,-90,11,11332,0,5,2268597,
,12.4,16.4,237,7000,8.44,-90,11,11331,0,5,2268297,
,15.0,16.8,228,6999,10.73,-90,10.2,11330,0,5,2267997,
,11.1,14.2,239,6998,8.64,-90,10.8,11329,0,5,2267698,
,12.1,14.0,234,6997,8.45,-90,10.8,11328,0,5,2267398,
,13.7,16.9,238,6996,8.42,-91,11,11326,0,5,2267097,
,13.5,15.6,240,6995,8.43,-91,11.2,11325,0,5,2266797,
,12.9,18.5,245,6994,8.43,-90,11.2,11323,0,5,2266497,
,16.3,19.0,245,6993,10.22,-91,10.5,11321,0,5,2266197,
,15.0,18.1,239,6992,9.03,-91,11,11319,0,5,2265898,
,14.4,16.8,245,6991,8.42,-90,10.5,11318,0,5,2265598,
,13.0,19.0,237,6990,10.88,-90,11,11317,0,5,2265297,
,14.7,17.8,232,6989,11.08,-90,11,11315,0,5,2264997,
,14.0,17.8,235,6988,9.00,-90,10.5,11314,0,5,2264697,
,15.7,19.9,242,6987,8.96,-90,10.2,11313,0,5,2264397,
,14.0,16.2,240,6986,9.10,-91,10.8,11312,0,5,2264097,
,14.0,15.7,251,6985,9.08,-91,10.5,11310,0,5,2263798,
,13.5,19.2,252,6984,8.88,-91,10.8,11309,0,5,2263498,
,13.1,15.7,240,6983,9.05,-90,10.8,11308,0,5,2263197,
,14.5,16.4,253,6982,9.02,-91,10.5,11307,0,5,2262897,
,13.6,18.1,256,6981,9.04,-91,11.2,11306,0,5,2262597,
,16.1,19.2,253,6980,8.99,-90,10.5,11305,0,5,2262298,
,13.4,20.2,255,6979,9.09,-90,10,11303,0,5,2261998,
,14.4,16.1,249,6978,10.65,-90,10.8,11302,0,5,2261698,
,13.4,18.0,256,6977,9.03,-90,10.5,11301,0,5,2261398,
,13.2,17.2,253,6976,8.54,-91,10.2,11300,0,5,2261098,
,13.8,16.4,263,6975,8.44,-90,10.8,11299,0,5,2260798,
,15.0,17.6,263,6974,8.46,-91,10.2,11298,0,5,2260498,
,14.7,18.3,252,6973,8.47,-90,10.5,11297,0,5,2260198,
,14.0,17.9,251,6972,8.43,-91,11,11295,0,5,2259898,
,13.1,17.3,259,6971,8.40,-90,10.8,11294,0,5,2259598,
,13.6,16.4,260,6970,8.40,-90,10.5,11293,0,5,2259298,
,12.6,15.8,256,6969,8.40,-90,10.5,11292,0,5,2258998,
,15.2,18.5,255,6968,8.38,-90,10.8,11290,0,5,2258698,
,14.3,19.0,252,6967,10.38,-89,10.8,11288,0,5,2258398,
,14.7,16.7,252,6966,11.37,-90,10.2,11287,0,5,2258098,
,15.3,17.3,247,6965,11.49,-90,10,11286,0,5,2257798,
,16.1,19.0,248,6964,11.38,-90,10.2,11285,0,5,2257498,
,16.0,19.6,255,6963,11.45,-90,10.2,11284,0,5,2257198,
,18.8,22.0,248,6962,11.39,-90,10.5,11282,0,5,2256898,
,16.9,20.3,247,6961,10.87,-90,10.5,11280,0,5,2256598,
,15.0,19.0,249,6960,10.93,-90,10.5,11278,0,5,2256298,
,17.5,20.2,241,6959,8.84,-90,10.8,11276,0,5,2255998,
,15.4,21.1,243,6958,8.76,-90,10.8,11274,0,5,2255698,
,15.6,20.1,244,6957,8.62,-90,10.5,11272,0,5,2255398,
,16.1,20.4,241,6956,8.58,-90,10.5,11270,0,5,2255098,
,15.6,20.3,250,6955,8.60,-89,10.8,11268,0,5,2254798,
,16.3,18.8,249,6954,8.73,-90,10.5,11266,0,5,2254498,
,17.4,20.2,246,6953,8.98,-90,10.5,11264,0,5,2254198,
,16.9,22.4,249,6952,8.65,-90,10.8,11262,0,5,2253898,
,18.6,22.4,242,6951,8.66,-90,10.8,11260,0,5,2253598,
,14.2,20.0,248,6950,8.71,-89,10.8,11258,0,5,2253298,
,17.9,20.1,252,6949,8.70,-89,11,11257,0,5,2252998,
,14.8,21.6,250,6948,11.83,-90,11,11256,0,5,2252698,
,18.5,20.1,248,6947,11.96,-90,10.5,11254,0,5,2252398,
,16.4,18.6,253,6946,11.93,-90,10.2,11252,0,5,2252098,
,15.9,19.4,248,6945,11.78,-90,10.5,11250,0,5,2251798,
,16.2,20.1,243,6944,11.40,-90,10.2,11248,0,5,2251498,
,13.9,16.6,240,6943,9.44,-91,10.8,11246,0,5,2251198,
,15.9,20.7,249,6942,9.42,-90,10.5,11244,0,5,2250898,
,17.0,21.2,242,6941,9.44,-89,10.8,11242,0,5,2250598,
,17.2,18.9,253,6940,9.44,-90,11,11241,0,5,2250298,
,15.8,19.7,253,6939,9.41,-90,10.8,11240,0,5,2249998,
,16.6,20.2,252,6938,9.43,-90,10.2,11238,0,5,2249698,
,14.4,17.4,252,6937,9.43,-90,10.2,11236,0,5,2249398,
,16.5,19.1,250,6936,9.42,-90,10.8,11235,0,5,2249098,
,16.3,18.8,250,6935,9.41,-90,10.2,11234,0,5,2248798,
,16.3,19.9,246,6934,9.41,-90,10.5,11233,0,5,2248498,
,17.5,21.4,246,6933,9.37,-90,10.8,11231,0,5,2248198,
,16.1,18.6,245,6932,9.35,-90,10.2,11229,0,5,2247898,
,16.2,23.2,243,6931,9.44,-90,10.5,11227,0,5,2247598,
,16.9,21.8,241,6930,9.44,-90,10.5,11226,0,5,2247298,
,17.6,22.5,244,6929,9.44,-90,10.5,11225,0,5,2246998,
,17.4,21.4,243,6928,8.93,-90,11,11224,0,5,2246698,
,18.9,23.1,244,6927,8.86,-90,10.8,11223,0,5,2246398,
,19.8,23.4,246,6926,9.00,-90,11,11222,0,5,2246098,
,21.0,24.5,243,6925,8.88,-90,10.5,11221,0,5,2245798,
,20.4,23.9,246,6924,8.86,-90,11,11220,0,5,2245498,
,19.0,23.4,240,6923,11.77,-90,10.5,11219,0,5,2245198,
,18.3,22.3,242,6922,8.94,-89,11.2,11218,0,5,2244898,
,17.5,22.1,244,6921,11.31,-90,10.2,11217,0,5,2244598,
,17.5,22.1,244,6921,11.31,-90,10.2,11217,0,5,2244598,
,16.1,20.2,230,6920,9.50,-90,10.5,11216,0,5,2244298,
,17.8,22.8,242,6919,9.54,-90,10.5,11215,0,5,2243998,
,17.9,20.2,240,6918,9.50,-89,10.8,11214,0,5,2243698,
,17.3,20.9,246,6917,9.51,-91,11.5,11213,0,5,2243398,
,15.0,18.8,247,6916,9.55,-90,10.2,11211,0,5,2243098,
,17.8,21.0,249,6915,9.55,-90,10.8,11210,0,5,2242798,
,18.9,21.7,239,6914,9.58,-90,10.2,11209,0,5,2242498,
,16.8,20.3,244,6913,9.50,-91,10.2,11207,0,5,2242198,
,17.2,18.8,242,6912,9.48,-90,10.8,11206,0,5,2241898,
,15.0,18.1,238,6911,9.48,-90,10.5,11205,0,5,2241598,
,15.3,19.2,233,6910,9.47,-91,10.5,11204,0,5,2241298,
,14.4,17.7,235,6909,9.46,-90,10.5,11203,0,5,2240998,
,14.8,17.7,249,6908,9.46,-91,10.5,11202,0,5,2240698,
,14.1,18.1,231,6907,9.48,-90,10.5,11201,0,5,2240398,
,15.3,18.8,239,6906,9.46,-90,10.2,11200,0,5,2240098,
,14.1,18.4,249,6905,9.49,-90,10.8,11198,0,5,2239798,
,15.3,18.9,239,6904,9.49,-90,10.2,11197,0,5,2239498,
,15.6,18.9,239,6903,9.48,-90,10.8,11196,0,5,2239198,
,16.7,19.5,238,6902,9.49,-91,10.5,11195,0,5,2238898,
,15.8,18.3,243,6901,9.49,-90,10.2,11194,0,5,2238598,
,15.7,18.6,241,6900,9.49,-90,10.5,11193,0,5,2238298,
,15.1,17.4,244,6899,9.49,-91,10.2,11192,0,5,2237998,
,14.4,18.0,244,6898,9.49,-90,10.2,11191,0,5,2237698,
,14.8,18.2,246,6897,9.52,-90,10.8,11189,0,5,2237398,
,15.0,17.1,255,6896,9.56,-90,10.8,11188,0,5,2237098,
,12.4,16.5,246,6895,9.52,-91,10.8,11187,0,5,2236798,
,14.4,17.1,254,6894,9.48,-90,10.8,11186,0,5,2236498,
,13.1,15.2,254,6893,9.49,-91,10.8,11185,0,5,2236198,
,13.2,16.2,233,6892,9.49,-91,11.2,11184,0,5,2235898,
,12.8,16.9,236,6891,9.54,-91,10.8,11183,0,5,2235598,
,14.5,17.8,243,6890,9.48,-91,11.2,11182,0,5,2235298,
,13.6,16.4,242,6889,9.48,-91,10.5,11181,0,5,2234998,
,12.0,16.4,246,6888,9.48,-91,12,11180,0,5,2234698,
,14.4,17.0,240,6887,9.48,-91,11.5,11179,0,5,2234398,
,12.7,16.5,254,6886,9.52,-91,10.8,11178,0,5,2234098,
,13.3,17.2,257,6885,9.58,-90,10.2,11177,0,5,2233798,
,14.4,16.4,250,6884,9.53,-91,11.5,11176,0,5,2233498,
,12.6,14.2,246,6883,9.58,-91,11.2,11175,0,5,2233198,
,8.1,11.8,252,6882,9.50,-90,10.2,11174,0,5,2232898,
,9.1,13.1,257,6881,9.49,-91,10.5,11173,0,5,2232598,
,7.0,9.5,259,6880,9.44,-91,11,11172,0,5,2232298,
,9.1,11.7,247,6879,9.44,-91,11,11171,0,5,2231998,
,9.3,11.5,251,6878,9.45,-91,10.8,11170,0,5,2231698,
,10.0,11.4,258,6877,9.44,-91,10.5,11169,0,5,2231398,
,8.1,11.0,258,6876,9.46,-91,10.8,11168,0,5,2231098,
,6.4,9.8,262,6875,9.50,-91,10.8,11167,0,5,2230798,
,8.3,10.1,251,6874,9.53,-91,10.2,11166,0,5,2230498,
,8.2,9.7,259,6873,9.56,-91,11.2,11165,0,5,2230198,
,8.0,10.9,259,6872,9.53,-91,10,11164,0,5,2229898,
,9.4,11.5,258,6871,9.51,-91,10.5,11163,0,5,2229598,
,10.2,12.2,264,6870,9.50,-91,11.2,11162,0,5,2229298,
,8.9,11.8,262,6869,9.33,-90,10.2,11161,0,5,2228998,
,8.5,11.3,281,6868,9.27,-92,10.5,11160,0,5,2228698,
,9.3,13.1,282,6867,9.19,-91,11,11159,0,5,2228398,
,11.3,14.1,285,6866,9.19,-91,11.2,11158,0,5,2228098,
,11.5,13.2,293,6865,9.20,-91,11.5,11157,0,5,2227798,
,13.1,15.6,293,6864,9.14,-91,12,11156,0,5,2227498,
,11.4,15.1,284,6863,9.22,-91,10.5,11155,0,5,2227198,
,13.7,16.9,288,6862,9.13,-91,10.5,11154,0,5,2226898,
,14.4,17.8,288,6861,9.24,-90,10.8,11153,0,5,2226598,
,14.9,19.1,288,6860,8.72,-91,10.5,11152,0,5,2226298,
,15.1,18.7,273,6859,10.63,-91,10.8,11151,0,5,2225998,
,13.1,15.1,270,6858,9.17,-90,10.5,11150,0,5,2225698,
,13.3,15.7,266,6857,9.15,-91,11.2,11149,0,5,2225398,
,9.6,13.5,265,6856,9.15,-91,11,11148,0,5,2225098,
,10.4,13.0,255,6855,9.17,-91,10.8,11147,0,5,2224798,
,11.9,13.8,249,6854,9.09,-91,11,11146,0,5,2224498,
,8.6,10.8,230,6853,9.11,-91,10.8,11145,0,5,2224198,
,9.8,11.3,236,6852,9.15,-91,11.2,11143,0,5,2223898,
,10.0,11.6,234,6851,9.16,-91,10.2,11142,0,5,2223598,
,8.0,10.1,234,6850,9.11,-91,10.5,11140,0,5,2223298,
,9.6,11.1,241,6849,9.14,-91,10.2,11139,0,5,2222998,
,7.8,9.1,238,6848,9.09,-92,10.8,11138,0,5,2222698,
,5.4,7.2,227,6847,9.03,-91,11.2,11137,0,5,2222398,
,6.7,8.1,217,6846,9.94,-91,10.8,11136,0,5,2222098,
,6.9,8.6,223,6845,10.44,-91,11.2,11135,0,5,2221798,
,8.2,10.1,233,6844,9.02,-91,10.5,11134,0,5,2221498,
,10.4,12.2,236,6843,9.02,-91,11.2,11133,0,5,2221198,
,11.5,15.0,239,6842,8.99,-91,10,11132,0,5,2220898,
,13.1,14.9,247,6841,8.99,-91,10,11131,0,5,2220598,
,12.9,16.1,245,6840,9.01,-91,12,11130,0,5,2220298,
,10.6,13.3,259,6839,9.01,-91,11.5,11129,0,5,2219998,
,10.3,13.8,248,6838,9.00,-90,10.8,11128,0,5,2219698,
,11.6,13.2,242,6837,8.99,-90,11.2,11127,0,5,2219398,
,12.2,13.7,248,6836,8.98,-91,11,11126,0,5,2219098,
,13.3,15.1,262,6835,9.01,-91,11,11125,0,5,2218798,
,14.5,16.1,258,6834,8.99,-91,10.5,11124,0,5,2218498,
,14.4,17.5,250,6833,9.01,-90,11.2,11122,0,5,2218198,
,14.7,19.2,247,6832,8.99,-90,11,11121,0,5,2217898,
,16.3,20.4,259,6831,8.98,-90,11.2,11120,0,5,2217598,
,10.7,15.9,261,6830,8.98,-90,10.8,11119,0,5,2217298,
,10.3,12.5,264,6829,8.95,-90,10.8,11118,0,5,2216998,
,11.2,12.9,273,6828,8.96,-91,11,11116,0,5,2216698,
,11.1,14.0,273,6827,8.96,-90,11.2,11115,0,5,2216398,
,7.9,12.3,299,6826,8.97,-90,10.2,11114,0,5,2216098,
,13.4,15.7,305,6825,8.96,-91,10.8,11113,0,5,2215798,
,8.3,13.7,316,6824,8.97,-91,11,11112,0,5,2215498,
,10.9,17.1,321,6823,8.95,-90,10.5,11110,0,5,2215198,
,14.5,18.4,314,6822,8.92,-91,10.8,11109,0,5,2214898,
,13.0,17.3,295,6821,8.91,-91,10.5,11108,0,5,2214598,
,13.3,18.9,295,6820,8.93,-91,10.5,11107,0,5,2214298,
,10.2,15.2,318,6819,8.94,-90,10.8,11106,0,5,2213998,
,14.6,17.4,304,6818,8.95,-90,10.5,11105,0,5,2213698,
,11.4,16.3,308,6817,8.93,-90,10.8,11104,0,5,2213398,
,14.2,17.0,308,6816,8.92,-90,10.8,11102,0,5,2213098,
,10.2,14.3,296,6815,8.92,-90,10.8,11101,0,5,2212798,
,12.0,15.6,295,6814,8.92,-90,10.2,11100,0,5,2212498,
,10.5,15.4,288,6813,8.92,-91,10.5,11099,0,5,2212198,
,10.0,11.9,306,6812,8.91,-90,10.5,11098,0,5,2211898,
,10.1,14.0,309,6811,8.90,-90,10.2,11097,0,5,2211598,
,13.4,18.1,304,6810,8.93,-90,11,11096,0,5,2211298,
,15.6,19.0,308,6809,8.90,-90,10.5,11095,0,5,2210998,
,14.6,17.9,308,6808,8.89,-90,11.2,11094,0,5,2210698,
,13.1,15.1,288,6807,8.89,-90,10.2,11093,0,5,2210398,
,10.7,13.2,293,6806,8.88,-90,10.5,11092,0,5,2210098,
,9.9,11.5,287,6805,8.86,-90,10.2,11091,0,5,2209798,
,10.1,11.8,286,6804,8.91,-90,10.8,11090,0,5,2209498,
,8.3,10.1,286,6803,8.85,-90,10.8,11089,0,5,2209198,
,8.2,9.6,280,6802,8.84,-90,10.5,11088,0,5,2208898,
,7.7,9.7,277,6801,8.86,-90,10.5,11086,0,5,2208598,
,7.9,10.7,268,6800,8.87,-90,10.2,11085,0,5,2208298,
,8.5,11.4,296,6799,8.87,-90,10.8,11084,0,5,2207998,
,9.2,10.7,297,6798,8.91,-90,10.5,11083,0,5,2207698,
,6.4,10.5,313,6797,8.85,-91,10.5,11082,0,5,2207398,
,8.7,11.4,307,6796,8.83,-90,10.8,11081,0,5,2207098,
,10.6,16.5,292,6795,8.83,-90,10.5,11080,0,5,2206798,
,14.4,17.6,301,6794,8.85,-90,10.5,11078,0,5,2206498,
,10.8,12.6,293,6793,8.83,-90,10.5,11077,0,5,2206198,
,10.9,13.7,281,6792,8.89,-89,10.8,11076,0,5,2205898,
,9.3,11.3,283,6791,8.85,-90,10.5,11075,0,5,2205598,
,10.0,11.5,294,6790,8.88,-90,10.5,11073,0,5,2205298,
,9.9,11.4,284,6789,8.84,-90,10.5,11072,0,5,2204998,
,8.4,9.6,291,6788,8.83,-90,10.8,11070,0,5,2204698,
,7.6,9.1,288,6787,8.84,-90,10.5,11069,0,5,2204398,
,8.1,9.4,268,6786,8.85,-90,10.2,11068,0,5,2204098,
,8.4,9.7,269,6785,8.82,-90,10.2,11067,0,5,2203798,
,7.7,9.3,274,6784,8.82,-90,10.5,11066,0,5,2203498,
,9.4,12.8,268,6783,8.82,-90,10.8,11065,0,5,2203198,
,11.0,12.9,265,6782,8.82,-90,10.8,11063,0,5,2202898,
,9.4,10.7,264,6781,8.85,-90,10.5,11062,0,5,2202598,
,7.7,10.4,267,6780,8.85,-90,10.5,11061,0,5,2202298,
,8.8,11.3,288,6779,8.85,-90,10.2,11060,0,5,2201998,
,8.6,12.1,293,6778,8.83,-90,10.5,11059,0,5,2201698,
,9.0,12.2,293,6777,8.83,-90,10.5,11058,0,5,2201398,
,10.6,11.8,290,6776,8.82,-90,11,11057,0,5,2201098,
,10.3,14.7,285,6775,8.83,-91,11,11056,0,5,2200798,
,10.3,12.8,292,6774,8.83,-90,10.5,11055,0,5,2200498,
,9.4,12.3,284,6773,8.84,-90,10.5,11054,0,5,2200198,
,10.4,12.2,293,6772,8.86,-90,10.5,11053,0,5,2199898,
,9.1,11.1,281,6771,8.87,-90,10.5,11051,0,5,2199598,
,9.7,13.0,282,6770,8.81,-90,10.2,11050,0,5,2199298,
,10.4,14.0,299,6769,8.85,-90,10.5,11049,0,5,2198998,
,11.7,13.6,301,6768,8.83,-91,11.2,11048,0,5,2198698,
,9.6,15.6,289,6767,8.87,-91,10.5,11047,0,5,2198398,
,10.1,12.0,285,6766,8.84,-90,11,11046,0,5,2198098,
,9.3,14.4,283,6765,8.85,-90,10.8,11045,0,5,2197798,
,9.9,14.4,273,6764,8.83,-90,10.2,11043,0,5,2197498,
,12.5,14.2,272,6763,8.83,-90,11,11042,0,5,2197198,
,9.9,11.8,271,6762,8.82,-90,10.8,11041,0,5,2196898,
,8.2,10.0,275,6761,8.84,-90,10.5,11040,0,5,2196598,
,8.6,11.0,282,6760,8.82,-90,10.8,11039,0,5,2196298,
,11.2,13.0,278,6759,8.83,-91,10.8,11038,0,5,2195998,
,8.8,10.4,274,6758,8.83,-91,10.8,11037,0,5,2195698,
,7.0,9.1,280,6757,8.83,-90,10.5,11036,0,5,2195398,
,8.7,10.3,293,6756,8.83,-91,10.8,11035,0,5,2195098,
,8.4,10.4,292,6755,8.82,-90,10.8,11034,0,5,2194798,
,10.7,12.9,278,6754,8.85,-90,10.8,11033,0,5,2194498,
,10.7,11.7,285,6753,8.86,-90,10.8,11032,0,5,2194198,
,8.2,11.9,302,6752,8.88,-90,10.5,11031,0,5,2193898,
,10.0,12.3,292,6751,8.81,-91,10.8,11030,0,5,2193598,
,7.2,9.8,322,6750,8.82,-91,11,11029,0,5,2193298,
,5.9,8.6,311,6749,8.82,-90,10.5,11028,0,5,2192998,
,7.6,10.7,326,6748,8.82,-91,11.2,11027,0,5,2192698,
,6.9,10.1,317,6747,8.83,-90,11,11026,0,5,2192398,
,9.0,11.4,327,6746,8.82,-90,10.5,11025,0,5,2192098,
,7.8,12.7,312,6745,8.83,-90,10.8,11024,0,5,2191798,
,7.8,12.1,316,6744,8.79,-91,10.2,11023,0,5,2191498,
,8.7,10.6,312,6743,8.81,-90,10.2,11022,0,5,2191198,
,9.9,12.4,300,6742,8.83,-91,10.5,11021,0,5,2190898,
,7.6,10.1,314,6741,8.82,-90,10.8,11020,0,5,2190598,
,8.8,11.2,300,6740,8.81,-90,10.8,11018,0,5,2190298,
,8.7,10.8,309,6739,8.82,-91,10.5,11016,0,5,2189998,
,8.1,11.6,318,6738,8.80,-90,10.5,11015,0,5,2189698,
,7.4,13.4,317,6737,8.82,-90,11,11014,0,5,2189398,
,10.9,15.2,308,6736,8.76,-90,10.2,11013,0,5,2189098,
,11.5,15.5,327,6735,8.43,-91,11,11012,0,5,2188798,
,9.0,12.4,312,6734,8.88,-91,10.8,11011,0,5,2188498,
,8.4,12.1,316,6733,8.89,-90,10.5,11010,0,5,2188198,
,10.1,14.6,305,6732,8.89,-91,11,11009,0,5,2187898,
,11.9,15.0,300,6731,8.87,-90,10.5,11008,0,5,2187598,
,11.7,15.8,304,6730,8.87,-90,10.5,11007,0,5,2187298,
,11.8,14.2,301,6729,8.87,-90,10.8,11006,0,5,2186998,
,12.8,16.7,291,6728,8.89,-91,10,11005,0,5,2186698,
,11.2,14.9,301,6727,8.88,-90,11.2,11004,0,5,2186398,
,11.1,13.8,297,6726,8.89,-90,10.5,11003,0,5,2186098,
,11.3,16.0,308,6725,8.87,-91,11.2,11002,0,5,2185798,
,12.2,16.2,306,6724,8.87,-91,11.2,11001,0,5,2185498,
,15.1,18.5,294,6723,8.87,-90,11,10999,0,5,2185198,
,13.5,18.1,303,6722,8.87,-90,11,10998,0,5,2184898,
,15.2,18.9,304,6721,8.88,-91,10.8,10997,0,5,2184598,
,16.4,19.8,304,6720,8.90,-90,10.8,10995,0,5,2184298,
,12.9,18.2,309,6719,8.89,-90,10.5,10993,0,5,2183998,
,14.1,19.6,300,6718,8.88,-91,10.8,10992,0,5,2183698,
,12.7,15.3,306,6717,8.89,-91,10.8,10991,0,5,2183398,
,14.9,18.2,305,6716,8.91,-90,10.8,10990,0,5,2183098,
,13.0,16.2,301,6715,8.89,-90,10.5,10989,0,5,2182798,
,14.5,17.7,309,6714,8.90,-91,10.5,10988,0,5,2182498,
,12.3,15.9,315,6713,8.88,-90,10.2,10987,0,5,2182198,
,10.6,18.4,314,6712,8.87,-90,10.5,10986,0,5,2181898,
,15.3,20.2,294,6711,8.86,-90,11,10984,0,5,2181598,
,16.0,18.6,304,6710,8.86,-90,10.2,10982,0,5,2181298,
,15.7,19.5,304,6709,8.88,-91,10.2,10980,0,5,2180998,
,14.3,17.2,304,6708,8.88,-90,10.8,10979,0,5,2180698,
,11.5,15.3,323,6707,8.89,-91,11,10978,0,5,2180398,
,11.6,16.8,318,6706,8.90,-91,11,10977,0,5,2180098,
,11.6,18.3,317,6705,8.88,-91,11,10976,0,5,2179798,
,13.0,19.4,318,6704,8.87,-91,10.5,10974,0,5,2179498,
,11.0,15.8,323,6703,8.88,-91,11.2,10972,0,5,2179198,
,12.9,16.3,326,6702,8.87,-90,10.2,10971,0,5,2178898,
,11.1,16.7,318,6701,8.87,-91,10.8,10970,0,5,2178598,
,10.9,16.9,324,6700,8.87,-91,10.8,10968,0,5,2178298,
,15.0,18.3,302,6699,8.87,-91,11.2,10967,0,5,2177998,
,14.1,17.6,313,6698,8.86,-90,10.2,10966,0,5,2177698,
,13.5,15.7,306,6697,8.87,-90,10.5,10965,0,5,2177398,
,10.7,15.1,322,6696,8.87,-90,10.8,10964,0,5,2177098,
,12.3,17.4,308,6695,8.88,-90,10.8,10963,0,5,2176798,
,14.1,19.2,312,6694,8.89,-91,10.5,10961,0,5,2176498,
,15.8,22.9,309,6693,8.88,-90,10.5,10960,0,5,2176198,
,14.3,17.7,313,6692,8.85,-90,11,10959,0,5,2175898,
,13.8,19.7,318,6691,8.86,-90,10.5,10958,0,5,2175598,
,15.4,19.4,322,6690,8.86,-90,10.8,10956,0,5,2175298,
,16.5,21.3,311,6689,8.87,-90,10.5,10954,0,5,2174998,
,14.8,21.1,318,6688,8.86,-90,10.5,10953,0,5,2174698,
,14.7,22.0,317,6687,8.86,-91,10.8,10952,0,5,2174398,
,18.6,24.2,331,6686,8.84,-90,10.5,10951,0,5,2174098,
,16.2,23.9,326,6685,8.76,-91,10.5,10950,0,5,2173798,
,20.5,24.2,337,6684,8.74,-89,10.8,10949,0,5,2173498,
,16.3,22.5,318,6683,8.75,-90,10.5,10947,0,5,2173198,
,14.9,21.5,319,6682,8.74,-90,10.8,10946,0,5,2172898,
,16.0,18.9,329,6681,8.73,-91,10.8,10945,0,5,2172598,
,17.0,21.3,310,6680,8.73,-90,10.8,10943,0,5,2172298,
,19.2,21.5,299,6679,8.69,-90,10.8,10942,0,5,2171998,
,13.8,20.3,318,6678,8.71,-90,10.2,10941,0,5,2171698,
,14.5,19.1,322,6677,8.70,-90,10.8,10940,0,5,2171398,
,13.5,20.7,316,6676,8.69,-90,10.5,10938,0,5,2171098,
,15.2,19.1,311,6675,8.98,-90,10.5,10936,0,5,2170798,
,17.0,22.7,304,6674,8.91,-90,10.5,10935,0,5,2170498,
,12.8,20.1,314,6673,8.47,-89,10.5,10933,0,5,2170198,
,18.4,21.6,302,6672,8.46,-90,10.8,10932,0,5,2169898,
,18.1,22.7,304,6671,8.50,-90,10.5,10931,0,5,2169598,
,15.1,19.7,332,6670,8.73,-90,11.2,10929,0,5,2169298,
,17.2,20.8,342,6669,8.55,-89,10.8,10928,0,5,2168998,
,17.2,24.8,310,6668,8.59,-90,10,10926,0,5,2168698,
,15.5,22.0,314,6667,10.68,-90,10.2,10925,0,5,2168398,
,15.6,21.1,313,6666,9.10,-90,10.5,10923,0,5,2168098,
,18.5,24.4,308,6665,9.15,-89,10.8,10922,0,5,2167798,
,15.4,19.8,312,6664,9.20,-90,10.5,10920,0,5,2167498,
,14.5,20.0,311,6663,8.74,-90,10.8,10919,0,5,2167198,
,15.0,21.3,319,6662,10.97,-89,11,10918,0,5,2166898,
,15.2,20.9,314,6661,9.38,-89,11,10917,0,5,2166598,
,19.6,22.3,301,6660,9.35,-90,10.5,10916,0,5,2166298,
,19.0,21.9,298,6659,9.04,-90,10.8,10915,0,5,2165998,
,17.6,20.9,297,6658,8.92,-90,10.8,10914,0,5,2165698,
,17.2,25.9,319,6657,8.90,-89,10.5,10913,0,5,2165398,
,15.4,24.7,341,6656,9.46,-90,10.2,10912,0,5,2165098,
,20.7,26.5,325,6655,9.26,-90,8.5,10911,0,5,2164798,
,21.0,24.3,305,6654,8.87,-90,10.5,10910,0,5,2164498,
,19.7,22.9,298,6653,8.86,-89,11.5,10908,0,5,2164198,
,13.8,18.4,313,6652,8.89,-89,10.8,10907,0,5,2163898,
,12.9,18.6,313,6651,8.83,-90,10.5,10906,0,5,2163598,
,14.0,20.0,313,6650,9.32,-89,10.5,10904,0,5,2163298,
,15.4,21.1,311,6649,9.32,-90,10.8,10902,0,5,2162998,
,17.4,21.3,307,6648,9.33,-89,10.8,10901,0,5,2162698,
,17.7,25.5,312,6647,9.33,-90,11,10900,0,5,2162398,
,16.8,22.4,322,6646,9.32,-90,10.2,10899,0,5,2162098,
,17.4,21.7,322,6645,9.18,-90,10.8,10898,0,5,2161798,
,17.9,24.8,315,6644,9.40,-90,10.8,10896,0,5,2161498,
,18.4,25.5,316,6643,9.43,-89,10.5,10895,0,5,2161198,
,20.8,26.6,313,6642,9.43,-89,11,10894,0,5,2160898,
,24.8,29.9,305,6641,9.39,-89,10.5,10893,0,5,2160598,
,21.4,25.8,308,6640,9.37,-89,10.5,10892,0,5,2160298,
,16.7,23.1,318,6639,9.38,-90,11.2,10891,0,5,2159998,
,16.0,20.9,321,6638,9.36,-89,10.8,10890,0,5,2159698,
,22.8,27.5,306,6637,9.38,-89,10.5,10889,0,5,2159398,
,14.8,24.5,316,6636,9.37,-90,10.8,10888,0,5,2159098,
,15.7,21.4,311,6635,9.35,-90,10.5,10887,0,5,2158798,
,15.4,21.6,315,6634,9.32,-90,10.8,10886,0,5,2158498,
,15.6,18.9,312,6633,9.08,-88,11.2,10885,0,5,2158198,
,16.4,22.4,305,6632,8.97,-90,10.8,10884,0,5,2157898,
,19.4,23.0,302,6631,8.93,-90,10.8,10883,0,5,2157598,
,19.4,23.2,305,6630,8.89,-89,10.8,10882,0,5,2157298,
,19.5,23.7,304,6629,8.98,-90,10.5,10881,0,5,2156998,
,18.6,21.7,304,6628,8.96,-90,11,10880,0,5,2156698,
,15.3,22.9,317,6627,8.94,-90,10.8,10878,0,5,2156398,
,18.7,23.1,304,6626,8.95,-90,11,10877,0,5,2156098,
,16.8,24.6,314,6625,9.02,-89,10.5,10875,0,5,2155798,
,18.9,25.8,311,6624,9.03,-90,10.5,10874,0,5,2155498,
,18.6,24.8,310,6623,8.98,-89,10.8,10873,0,5,2155198,
,20.0,25.2,304,6622,8.99,-90,10.5,10872,0,5,2154898,
,17.9,22.5,315,6621,8.96,-89,11,10871,0,5,2154599,
,16.3,20.9,312,6620,8.96,-89,10.8,10870,0,5,2154298,
,17.7,23.6,312,6619,8.93,-91,11,10868,0,5,2153998,
,15.1,21.4,314,6618,8.99,-90,10.5,10867,0,5,2153698,
,15.5,23.0,313,6617,8.93,-90,11,10866,0,5,2153398,
,15.1,21.7,318,6616,8.95,-90,10.5,10865,0,5,2153098,
,17.6,23.5,316,6615,8.95,-90,10.5,10864,0,5,2152798,
,15.8,21.6,320,6614,8.97,-90,12.2,10863,0,5,2152498,
,16.7,22.2,320,6613,8.94,-90,10.8,10861,0,5,2152198,
,16.8,23.0,321,6612,8.96,-90,10.8,10860,0,5,2151898,
,19.8,24.8,327,6611,8.97,-89,10.8,10859,0,5,2151598,
,15.5,19.3,321,6610,9.03,-90,10.2,10858,0,5,2151298,
,14.5,19.9,323,6609,9.00,-90,10.5,10857,0,5,2150998,
,14.9,20.9,316,6608,8.95,-90,11.2,10856,0,5,2150699,
,13.8,20.3,320,6607,8.96,-90,10.5,10855,0,5,2150398,
,15.9,21.3,325,6606,8.96,-90,10.8,10854,0,5,2150098,
,15.3,22.8,318,6605,8.99,-90,10.8,10853,0,5,2149798,
,19.1,22.2,308,6604,8.97,-90,10.5,10852,0,5,2149498,
,19.7,22.4,301,6603,8.96,-90,10.8,10850,0,5,2149198,
,17.2,22.7,309,6602,8.98,-89,11,10849,0,5,2148898,
,16.1,21.1,313,6601,8.90,-90,10.5,10848,0,5,2148599,
,12.0,20.3,315,6600,8.95,-90,10.5,10847,0,5,2148298,
,13.8,21.7,323,6599,8.95,-90,10.2,10846,0,5,2147998,
,12.9,20.1,324,6598,8.98,-90,11.5,10845,0,5,2147698,
,13.5,22.5,321,6597,8.96,-90,10.2,10844,0,5,2147398,
,20.1,24.8,332,6596,8.96,-90,10.5,10843,0,5,2147098,
,17.5,23.3,313,6595,8.95,-91,10.5,10842,0,5,2146799,
,14.7,19.9,320,6594,8.96,-91,12,10841,0,5,2146498,
,16.7,22.2,314,6593,8.97,-90,10.8,10840,0,5,2146198,
,17.8,25.1,320,6592,8.94,-91,10.5,10839,0,5,2145898,
,19.1,25.0,312,6591,8.95,-90,10.8,10838,0,5,2145598,
,19.6,24.0,310,6590,8.96,-90,10.5,10837,0,5,2145298,
,18.5,22.7,302,6589,8.96,-91,11,10836,0,5,2144998,
,17.8,22.2,311,6588,8.97,-90,10.5,10835,0,5,2144699,
,18.2,22.0,309,6587,8.91,-90,11,10834,0,5,2144398,
,19.1,23.5,310,6586,8.96,-91,11.2,10833,0,5,2144098,
,18.0,23.2,307,6585,8.97,-90,10.5,10832,0,5,2143798,
,15.1,21.2,313,6584,8.97,-90,10.5,10831,0,5,2143498,
,23.7,29.1,302,6583,9.02,-90,10,10830,0,5,2143198,
,21.4,25.2,303,6582,8.98,-90,11.2,10829,0,5,2142899,
,19.9,29.5,304,6581,8.97,-90,10.5,10828,0,5,2142598,
,20.4,25.0,303,6580,9.02,-90,10.8,10827,0,5,2142298,
,18.9,24.0,295,6579,8.98,-90,10.2,10826,0,5,2141998,
,18.1,23.2,306,6578,9.01,-91,11.8,10825,0,5,2141698,
,17.5,23.3,311,6577,8.99,-90,11,10824,0,5,2141398,
,16.2,21.4,309,6576,8.94,-90,10.8,10823,0,5,2141098,
,19.4,23.2,305,6575,8.93,-90,10.5,10822,0,5,2140799,
,15.2,19.9,318,6574,8.91,-90,10.2,10821,0,5,2140498,
,18.4,24.2,326,6573,8.92,-90,10.5,10820,0,5,2140198,
,19.4,24.3,326,6572,8.92,-91,11,10819,0,5,2139898,
,17.3,25.2,319,6571,8.92,-91,10,10818,0,5,2139598,
,20.9,28.7,322,6570,8.91,-89,10.5,10817,0,5,2139298,
,21.3,30.1,314,6569,8.88,-90,10.5,10816,0,5,2138999,
,23.6,31.1,312,6568,8.75,-90,10.8,10815,0,5,2138698,
,29.3,34.4,304,6567,8.61,-90,11.2,10814,0,5,2138398,
,23.3,30.9,299,6566,8.61,-90,10.5,10813,0,5,2138098,
,20.7,31.7,305,6565,8.71,-91,10.8,10812,0,5,2137798,
,16.7,21.3,303,6564,8.72,-91,10.8,10811,0,5,2137498,
,13.0,23.9,317,6563,8.65,-90,10.2,10810,0,5,2137198,
,21.5,27.1,300,6562,8.60,-90,10.5,10809,0,5,2136899,
,23.6,27.0,294,6561,8.70,-90,10.8,10808,0,5,2136598,
,23.2,26.8,296,6560,8.66,-91,11,10807,0,5,2136298,
,22.1,26.9,309,6559,8.65,-90,11,10806,0,5,2135998,
,22.1,26.9,309,6559,8.65,-90,11,10806,0,5,2135998,
,22.5,26.7,307,6558,8.69,-90,10.5,10805,0,5,2135698,
,22.5,29.8,307,6557,8.67,-90,10.8,10804,0,5,2135398,
,18.9,25.5,322,6556,8.65,-90,10.8,10803,0,5,2135099,
,20.4,28.3,317,6555,8.65,-91,11.2,10802,0,5,2134799,
,18.5,23.6,314,6554,8.63,-91,10.2,10801,0,5,2134498,
,16.6,24.3,321,6553,8.66,-90,10.8,10800,0,5,2134198,
,18.5,26.9,318,6552,8.81,-91,11.5,10799,0,5,2133898,
,23.3,29.5,314,6551,8.60,-90,10.8,10798,0,5,2133598,
,24.3,31.6,312,6550,8.65,-90,10.5,10797,0,5,2133298,
,27.0,34.5,313,6549,8.60,-90,10.5,10796,0,5,2132999,
,21.3,27.9,301,6548,8.55,-91,11,10794,0,5,2132698,
,21.4,26.5,291,6547,8.57,-90,10.5,10793,0,5,2132398,
,19.7,28.1,297,6546,8.54,-90,10.8,10792,0,5,2132098,
,21.8,28.7,296,6545,8.48,-91,11,10791,0,5,2131798,
,18.9,23.3,308,6544,8.47,-91,11,10790,0,5,2131498,
,18.3,27.1,301,6543,8.52,-90,10.5,10789,0,5,2131199,
,20.6,24.5,297,6542,8.53,-90,10.5,10788,0,5,2130899,
,20.4,30.8,287,6541,8.47,-91,10.5,10787,0,5,2130598,
,23.1,28.5,287,6540,8.48,-90,10.8,10785,0,5,2130298,
,21.0,26.3,288,6539,8.44,-91,11,10784,0,5,2129998,
,18.9,24.7,318,6538,8.49,-91,10.2,10783,0,5,2129698,
,21.4,29.6,309,6537,8.44,-88,11.2,10782,0,5,2129398,
,22.5,27.6,308,6536,8.47,-89,10.8,10780,0,5,2129099,
,17.7,29.8,316,6535,8.55,-89,11,10779,0,5,2128798,
,25.8,31.4,304,6534,8.50,-90,10.5,10778,0,5,2128498,
,19.6,24.8,315,6533,8.53,-88,11,10776,0,5,2128198,
,21.5,28.4,317,6532,8.45,-90,10.5,10775,0,5,2127898,
,19.9,24.6,315,6531,8.57,-90,11,10773,0,5,2127598,
,19.2,27.3,320,6530,8.52,-90,10.5,10772,0,5,2127299,
,21.1,25.6,316,6529,8.58,-90,10.8,10770,0,5,2126999,
,22.5,27.8,312,6528,8.66,-90,10.5,10769,0,5,2126698,
,23.5,31.2,312,6527,8.83,-89,11,10767,0,5,2126398,
,20.5,33.3,316,6526,8.66,-88,10.8,10766,0,5,2126098,
,24.1,28.8,302,6525,8.49,-89,10.2,10765,0,5,2125798,
,23.2,29.4,306,6524,8.46,-89,10.8,10764,0,5,2125498,
,22.5,29.3,304,6523,8.42,-89,11,10763,0,5,2125199,
,22.4,27.5,300,6522,8.40,-89,10.8,10762,0,5,2124899,
,25.6,30.2,298,6521,8.41,-88,10.8,10760,0,5,2124598,
,20.8,30.1,310,6520,8.55,-88,11.2,10759,0,5,2124298,
,24.6,31.5,308,6519,8.45,-89,10.8,10757,0,5,2123998,
,24.7,30.9,307,6518,8.41,-90,10.8,10756,0,5,2123698,
,22.3,33.3,307,6517,8.39,-89,10.8,10755,0,5,2123399,
,24.4,31.0,299,6516,8.39,-89,11.5,10754,0,5,2123099,
,25.7,30.9,296,6515,8.40,-89,11,10753,0,5,2122798,
,24.3,29.8,294,6514,8.45,-90,10.8,10752,0,5,2122498,
,25.7,30.5,294,6513,8.45,-89,11.5,10751,0,5,2122198,
,24.5,33.9,302,6512,8.40,-89,11,10749,0,5,2121898,
,26.9,32.9,309,6511,8.39,-88,11,10748,0,5,2121598,
,21.2,27.6,309,6510,8.44,-89,10.5,10746,0,5,2121299,
,25.5,32.3,309,6509,8.38,-89,10.8,10745,0,5,2120999,
,22.6,28.6,293,6508,8.41,-88,11.2,10744,0,5,2120698,
,25.3,30.7,296,6507,8.43,-88,11,10743,0,5,2120399,
,24.6,31.2,287,6506,8.38,-88,11,10741,0,5,2120098,
,25.4,34.0,290,6505,8.38,-89,11.2,10740,0,5,2119799,
,24.4,36.0,293,6504,8.39,-89,11,10738,0,5,2119499,
,25.9,36.7,296,6503,8.42,-88,11.5,10737,0,5,2119199,
,25.3,28.7,295,6502,8.42,-89,10.5,10736,0,5,2118899,
,22.1,32.6,293,6501,8.42,-90,11,10735,0,5,2118599,
,24.6,30.0,287,6500,8.42,-89,11,10734,0,5,2118299,
,21.5,31.7,294,6499,8.43,-88,10.8,10733,0,5,2117999,
,26.6,34.2,305,6498,8.44,-88,10.5,10732,0,5,2117699,
,23.2,35.0,313,6497,8.54,-89,11,10731,0,5,2117399,
,28.0,36.3,301,6496,8.41,-88,11.5,10730,0,5,2117099,
,27.3,34.4,302,6495,8.40,-89,10.2,10729,0,5,2116799,
,30.9,36.0,306,6494,8.39,-88,10.8,10728,0,5,2116499,
,26.5,31.3,297,6493,8.40,-89,11.2,10727,0,5,2116199,
,23.2,32.5,309,6492,8.49,-88,11.2,10725,0,5,2115899,
,25.9,31.8,303,6491,8.38,-88,11.2,10724,0,5,2115599,
,28.8,34.9,303,6490,8.37,-88,11.2,10723,0,5,2115299,
,23.7,30.9,295,6489,8.43,-88,10.5,10722,0,5,2114999,
,24.9,33.6,291,6488,8.38,-88,10.8,10721,0,5,2114699,
,27.5,33.5,301,6487,8.38,-88,11,10720,0,5,2114399,
,29.9,35.6,306,6486,8.37,-88,10.5,10718,0,5,2114099,
,25.4,30.4,305,6485,8.37,-87,10.8,10717,0,5,2113799,
,27.3,31.5,295,6484,8.38,-88,11,10716,0,5,2113499,
,19.3,27.6,299,6483,8.37,-89,10.8,10714,0,5,2113199,
,22.4,29.8,290,6482,8.38,-88,11.2,10713,0,5,2112899,
,25.1,35.2,301,6481,8.36,-88,10.5,10712,0,5,2112599,
,30.0,33.7,300,6480,8.41,-88,10.5,10711,0,5,2112299,
,30.0,38.4,303,6479,8.40,-88,10.5,10710,0,5,2111999,
,34.2,41.2,296,6478,8.36,-88,10.8,10709,0,5,2111699,
,26.8,31.3,290,6477,8.37,-88,11.2,10708,0,5,2111399,
,21.6,28.0,289,6476,8.36,-89,11,10707,0,5,2111099,
,21.5,28.1,306,6475,8.37,-88,11,10706,0,5,2110799,
,24.9,29.2,308,6474,8.35,-88,10.5,10705,0,5,2110499,
,24.1,31.4,290,6473,8.36,-89,10.8,10704,0,5,2110199,
,24.9,35.3,303,6472,8.36,-89,11.2,10703,0,5,2109899,
,28.8,37.0,303,6471,8.34,-89,10.8,10702,0,5,2109599,
,26.6,31.9,304,6470,8.34,-89,10.8,10700,0,5,2109299,
,25.6,32.6,305,6469,8.36,-88,11,10699,0,5,2108999,
,24.1,29.8,310,6468,8.37,-89,11,10697,0,5,2108699,
,23.5,31.6,306,6467,8.39,-88,11.2,10696,0,5,2108399,
,27.5,34.8,301,6466,8.36,-88,11.5,10695,0,5,2108099,
,21.5,33.3,311,6465,8.37,-89,10.8,10693,0,5,2107799,
,28.7,33.6,302,6464,8.37,-88,11.2,10692,0,5,2107499,
,22.2,31.5,291,6463,8.37,-88,11.5,10691,0,5,2107199,
,27.1,34.6,296,6462,8.38,-88,10.8,10690,0,5,2106899,
,22.2,32.2,292,6461,8.38,-89,11,10689,0,5,2106599,
,28.0,33.8,294,6460,8.41,-88,11.2,10687,0,5,2106299,
,24.8,30.5,289,6459,8.39,-88,11.2,10685,0,5,2105999,
,24.1,30.1,299,6458,8.38,-89,10.5,10684,0,5,2105699,
,26.2,31.0,300,6457,8.38,-89,11.2,10683,0,5,2105399,
,23.9,34.9,298,6456,8.40,-88,11.2,10681,0,5,2105099,
,27.2,33.1,303,6455,8.42,-90,11,10680,0,5,2104799,
,25.2,29.8,298,6454,8.41,-89,11.2,10679,0,5,2104499,
,24.9,31.6,292,6453,8.42,-89,10.8,10678,0,5,2104199,
,19.4,30.1,286,6452,8.54,-89,10.8,10677,0,5,2103899,
,25.7,34.1,287,6451,8.40,-89,11,10676,0,5,2103599,
,25.6,34.6,296,6450,8.43,-88,10.8,10674,0,5,2103299,
,28.3,34.1,293,6449,8.44,-90,10.8,10673,0,5,2102999,
,25.5,33.0,270,6448,8.43,-88,10.8,10672,0,5,2102699,
,24.7,34.3,260,6447,8.44,-89,10.8,10671,0,5,2102399,
,17.1,23.5,279,6446,8.43,-89,10.8,10670,0,5,2102099,
,16.4,22.2,289,6445,8.45,-90,10.5,10669,0,5,2101799,
,19.7,23.6,290,6444,8.41,-90,10.5,10667,0,5,2101499,
,25.5,38.5,294,6443,8.39,-89,11,10665,0,5,2101199,
,28.2,38.9,285,6442,8.38,-90,10.5,10664,0,5,2100899,
,23.5,31.7,280,6441,8.36,-89,11,10663,0,5,2100599,
,23.6,33.0,274,6440,8.34,-90,11,10662,0,5,2100299,
,28.2,35.3,276,6439,8.75,-88,11,10661,0,5,2099999,
,24.9,34.0,287,6438,8.43,-88,11.8,10660,0,5,2099699,
,25.1,36.7,291,6437,8.49,-90,10.8,10658,0,5,2099399,
,25.6,32.4,289,6436,8.48,-90,10.8,10657,0,5,2099099,
,24.6,31.5,285,6435,8.45,-88,11,10656,0,5,2098799,
,22.3,32.0,293,6434,8.45,-89,11,10655,0,5,2098499,
,25.2,34.0,293,6433,8.47,-90,10.5,10653,0,5,2098199,
,29.7,35.0,291,6432,8.48,-89,10.8,10652,0,5,2097899,
,30.0,37.2,289,6431,8.49,-90,10.5,10651,0,5,2097599,
,31.3,38.0,287,6430,8.55,-89,10.8,10649,0,5,2097299,
,22.7,32.2,285,6429,8.62,-89,11,10647,0,5,2096999,
,29.3,35.3,276,6428,8.75,-90,10.5,10646,0,5,2096699,
,30.3,38.1,284,6427,8.58,-89,10.8,10645,0,5,2096399,
,29.0,35.2,286,6426,8.47,-90,11,10644,0,5,2096099,
,26.1,32.2,279,6425,8.44,-90,10.8,10643,0,5,2095799,
,26.2,31.4,288,6424,8.42,-90,10.5,10642,0,5,2095499,
,23.3,31.7,280,6423,8.40,-90,10.8,10640,0,5,2095199,
,24.0,31.9,284,6422,8.39,-88,11.2,10639,0,5,2094899,
,19.6,27.8,283,6421,8.39,-90,10.8,10638,0,5,2094599,
,20.8,37.4,283,6420,8.39,-89,11,10637,0,5,2094299,
,32.0,42.1,300,6419,8.40,-90,10.2,10636,0,5,2093999,
,35.3,44.1,296,6418,8.41,-89,11,10635,0,5,2093699,
,33.3,44.7,297,6417,8.40,-89,11,10634,0,5,2093399,
,40.3,48.3,277,6416,8.42,-88,11,10633,0,5,2093099,
,23.5,32.1,283,6415,8.41,-89,11.2,10632,0,5,2092799,
,27.2,31.7,290,6414,8.41,-89,10.8,10631,0,5,2092499,
,24.9,32.7,291,6413,8.39,-90,10.8,10630,0,5,2092199,
,27.4,40.1,287,6412,8.40,-88,11.5,10629,0,5,2091899,
,24.3,34.0,289,6411,8.42,-90,10.5,10627,0,5,2091599,
,27.3,33.5,275,6410,8.41,-90,11,10625,0,5,2091299,
,30.2,35.5,268,6409,8.41,-91,11,10623,0,5,2090999,
,24.4,30.9,282,6408,8.42,-89,10.8,10622,0,5,2090699,
,26.6,32.9,286,6407,8.39,-90,10.8,10621,0,5,2090399,
,29.2,36.4,285,6406,8.40,-90,10.5,10620,0,5,2090099,
,25.2,32.9,285,6405,8.42,-90,10.5,10619,0,5,2089799,
,26.9,33.0,278,6404,8.43,-90,10.8,10618,0,5,2089499,
,26.9,36.4,287,6403,8.41,-89,10.8,10617,0,5,2089199,
,31.0,37.3,290,6402,8.41,-90,10.2,10616,0,5,2088899,
,27.2,38.0,283,6401,8.42,-89,11.2,10615,0,5,2088599,
,26.7,33.2,282,6400,8.41,-90,10.8,10614,0,5,2088299,
,29.3,35.5,284,6399,8.41,-90,10.5,10612,0,5,2087999,
,25.8,33.8,275,6398,8.41,-90,11,10610,0,5,2087699,
,28.0,34.8,278,6397,8.40,-90,10.8,10609,0,5,2087399,
,29.4,35.4,276,6396,8.41,-89,10.8,10607,0,5,2087099,
,27.8,33.6,286,6395,8.46,-90,10.8,10606,0,5,2086799,
,22.3,32.0,281,6394,8.42,-90,10.8,10605,0,5,2086499,
,20.8,28.0,285,6393,8.43,-91,10.8,10604,0,5,2086199,
,28.4,41.6,293,6392,8.43,-90,10.8,10602,0,5,2085899,
,26.6,31.8,285,6391,8.42,-89,11,10600,0,5,2085599,
,22.7,31.6,279,6390,8.43,-88,10.8,10598,0,5,2085299,
,25.1,31.6,279,6389,8.42,-90,10.5,10597,0,5,2084999,
,25.7,31.1,277,6388,8.45,-90,10.5,10596,0,5,2084699,
,24.0,27.7,277,6387,8.47,-91,10.5,10594,0,5,2084399,
,26.1,32.3,279,6386,8.49,-88,10.2,10593,0,5,2084099,
,23.3,28.5,287,6385,8.46,-89,11,10592,0,5,2083799,
,23.7,31.7,278,6384,8.49,-88,10.8,10590,0,5,2083499,
,27.3,33.0,275,6383,8.54,-90,10.5,10589,0,5,2083199,
,27.3,33.8,274,6382,8.52,-90,10.5,10588,0,5,2082899,
,20.6,30.4,275,6381,8.51,-89,10.8,10587,0,5,2082599,
,23.2,29.6,273,6380,8.53,-90,10.5,10586,0,5,2082299,
,25.0,29.8,275,6379,8.56,-89,10.8,10585,0,5,2081999,
,23.8,28.8,281,6378,8.60,-89,10.8,10583,0,5,2081699,
,23.5,29.3,280,6377,8.65,-89,10.5,10581,0,5,2081399,
,22.8,32.0,290,6376,8.69,-90,10.5,10579,0,5,2081099,
,28.2,38.3,288,6375,8.73,-89,11,10578,0,5,2080799,
,29.9,38.9,283,6374,8.74,-89,10.5,10577,0,5,2080499,
,26.4,37.1,283,6373,8.81,-89,11,10576,0,5,2080199,
,26.0,31.3,275,6372,8.83,-88,11.2,10574,0,5,2079899,
,23.2,33.5,294,6371,8.76,-90,10.8,10573,0,5,2079599,
,23.4,31.2,276,6370,8.73,-90,10.5,10572,0,5,2079299,
,23.3,31.2,280,6369,8.73,-89,11,10571,0,5,2078999,
,23.4,27.4,287,6368,8.74,-89,10.8,10569,0,5,2078699,
,22.3,27.6,278,6367,8.81,-90,10.8,10567,0,5,2078399,
,18.3,27.1,287,6366,8.81,-90,10.2,10566,0,5,2078099,
,18.6,22.8,279,6365,8.82,-89,11.2,10565,0,5,2077799,
,21.5,27.1,275,6364,8.82,-90,10.8,10564,0,5,2077499,
,21.3,28.8,280,6363,8.81,-90,10.8,10563,0,5,2077199,
,23.6,33.9,282,6362,8.81,-88,11,10562,0,5,2076899,
,21.5,31.6,279,6361,8.80,-89,10.8,10561,0,5,2076599,
,30.2,41.2,295,6360,8.80,-89,10.8,10560,0,5,2076299,
,30.0,45.4,278,6359,8.82,-88,11.5,10559,0,5,2075999,
,24.9,30.3,276,6358,8.82,-90,10.8,10558,0,5,2075699,
,25.0,32.7,280,6357,8.82,-88,11,10556,0,5,2075399,
,21.7,28.8,278,6356,8.82,-89,10.5,10555,0,5,2075099,
,23.2,29.6,277,6355,8.81,-90,10.8,10554,0,5,2074799,
,15.2,20.5,283,6354,8.81,-90,10.5,10552,0,5,2074499,
,22.8,35.6,289,6353,8.81,-90,10.8,10551,0,5,2074199,
,30.4,39.0,284,6352,8.82,-88,11,10550,0,5,2073899,
,20.6,24.7,281,6351,8.82,-88,11.5,10549,0,5,2073599,
,21.8,26.6,279,6350,8.83,-89,10.8,10547,0,5,2073299,
,23.7,29.2,277,6349,8.83,-90,10.5,10546,0,5,2072999,
,25.0,29.9,275,6348,8.82,-89,10.8,10545,0,5,2072699,
,21.4,29.3,284,6347,8.82,-89,10.5,10543,0,5,2072399,
,23.8,31.0,289,6346,8.83,-88,10.8,10542,0,5,2072099,
,25.1,32.2,282,6345,8.85,-89,10.5,10541,0,5,2071799,
,27.4,31.9,272,6344,8.83,-90,10.8,10539,0,5,2071499,
,25.8,31.7,280,6343,8.83,-88,10.8,10538,0,5,2071199,
,23.4,30.0,278,6342,8.81,-89,10.8,10537,0,5,2070899,
,21.4,29.9,271,6341,8.82,-89,10.8,10536,0,5,2070599,
,25.3,33.4,273,6340,8.82,-90,10.8,10535,0,5,2070299,
,24.6,32.2,269,6339,8.82,-90,10.5,10534,0,5,2069999,
,25.6,30.1,269,6338,8.83,-89,10.5,10533,0,5,2069699,
,22.2,31.3,267,6337,8.82,-90,10.5,10531,0,5,2069399,
,23.6,32.0,271,6336,8.82,-90,10.5,10529,0,5,2069099,
,25.8,30.0,276,6335,8.80,-89,10.8,10528,0,5,2068799,
,24.9,31.8,285,6334,8.80,-90,10.5,10527,0,5,2068499,
,27.0,38.4,280,6333,8.81,-89,10.8,10526,0,5,2068199,
,30.6,36.4,275,6332,8.81,-89,11,10524,0,5,2067899,
,25.6,30.2,270,6331,8.79,-90,10.5,10523,0,5,2067599,
,23.3,30.6,280,6330,8.85,-90,10.8,10521,0,5,2067299,
,30.1,35.7,273,6329,8.80,-90,11.2,10520,0,5,2066999,
,34.8,45.3,250,6328,8.75,-91,10.5,10518,0,5,2066699,
,19.8,27.5,225,6327,8.78,-90,10.5,10517,0,5,2066399,
,22.6,27.3,228,6326,8.82,-90,11.2,10515,0,5,2066099,
,19.7,26.9,236,6325,8.85,-90,10.5,10514,0,5,2065799,
,24.9,32.1,252,6324,8.88,-90,10.2,10513,0,5,2065499,
,22.7,29.5,263,6323,8.89,-90,10.8,10511,0,5,2065199,
,24.6,28.6,263,6322,8.90,-90,10.8,10510,0,5,2064899,
,26.1,31.7,253,6321,8.91,-89,11.2,10509,0,5,2064599,
,25.0,32.2,268,6320,8.94,-90,11,10508,0,5,2064299,
,22.4,29.2,281,6319,8.92,-90,10.5,10507,0,5,2063999,
,23.8,32.1,283,6318,8.93,-89,11.5,10506,0,5,2063699,
,25.3,29.8,273,6317,8.92,-90,10.8,10505,0,5,2063399,
,22.5,29.6,272,6316,8.90,-90,10.5,10503,0,5,2063099,
,25.2,29.4,273,6315,8.89,-89,10.8,10502,0,5,2062799,
,24.1,33.5,277,6314,8.91,-89,10.5,10501,0,5,2062499,
,27.5,34.0,281,6313,8.91,-90,10.5,10500,0,5,2062199,
,28.1,32.0,274,6312,8.89,-90,10.5,10499,0,5,2061899,
,21.5,29.1,273,6311,8.89,-89,11,10497,0,5,2061599,
,24.4,30.6,269,6310,8.91,-90,10.5,10496,0,5,2061299,
,18.6,26.1,267,6309,8.89,-90,10.5,10495,0,5,2060999,
,24.8,29.5,273,6308,8.91,-90,10.2,10494,0,5,2060699,
,22.4,26.7,271,6307,8.90,-90,10.2,10493,0,5,2060399,
,20.4,26.4,276,6306,8.89,-90,11,10492,0,5,2060099,
,20.5,24.7,267,6305,8.90,-90,10.8,10491,0,5,2059799,
,21.0,27.1,269,6304,8.86,-90,10.8,10490,0,5,2059499,
,19.5,26.6,274,6303,8.85,-90,11.2,10489,0,5,2059199,
,20.3,25.7,275,6302,8.85,-90,10.2,10487,0,5,2058899,
,21.1,27.9,281,6301,8.87,-90,10.8,10486,0,5,2058599,
,22.4,27.5,278,6300,8.89,-90,10.2,10485,0,5,2058299,
,23.3,27.1,278,6299,8.91,-90,10.5,10483,0,5,2057999,
,21.3,28.6,284,6298,8.90,-90,10.2,10482,0,5,2057699,
,23.5,30.2,280,6297,8.89,-90,11,10481,0,5,2057399,
,24.4,30.3,291,6296,8.88,-90,10.2,10480,0,5,2057099,
,25.2,29.3,286,6295,8.89,-90,10.5,10479,0,5,2056799,
,24.0,28.9,283,6294,8.86,-91,11.5,10478,0,5,2056499,
,11.0,17.3,271,6293,8.90,-90,11,10477,0,5,2056199,
,15.4,19.3,252,6292,8.95,-90,11,10476,0,5,2055899,
,18.7,25.3,274,6291,8.95,-91,11.2,10475,0,5,2055599,
,20.0,28.9,275,6290,8.91,-92,10.8,10474,0,5,2055299,
,17.7,21.7,261,6289,8.98,-90,10.2,10473,0,5,2054999,
,18.9,29.3,264,6288,8.93,-91,10.2,10472,0,5,2054699,
,29.5,33.9,255,6287,8.96,-91,10.8,10471,0,5,2054399,
,20.9,26.7,278,6286,8.98,-90,10.5,10470,0,5,2054099,
,22.3,28.0,275,6285,9.02,-90,10.5,10469,0,5,2053799,
,19.9,23.0,279,6284,8.98,-90,10.8,10468,0,5,2053499,
,17.6,23.3,276,6283,8.99,-90,11,10467,0,5,2053199,
,19.2,27.1,282,6282,9.02,-90,10.5,10466,0,5,2052899,
,22.5,28.6,283,6281,9.01,-90,11,10465,0,5,2052599,
,20.8,26.1,273,6280,9.17,-90,10.8,10464,0,5,2052299,
,20.2,25.2,274,6279,9.43,-90,10.2,10463,0,5,2051999,
,21.1,24.9,270,6278,9.19,-91,10.5,10462,0,5,2051699,
,23.8,28.2,272,6277,12.18,-90,10.5,10461,0,5,2051399,
,21.1,29.5,284,6276,8.96,-90,10.2,10460,0,5,2051099,
,18.9,24.2,280,6275,9.15,-90,10.8,10459,0,5,2050799,
,23.2,29.6,283,6274,8.91,-90,10.8,10458,0,5,2050499,
,22.6,31.2,287,6273,8.89,-90,11,10457,0,5,2050199,
,26.4,32.2,285,6272,11.84,-91,10.2,10456,0,5,2049899,
,25.1,32.8,301,6271,11.86,-90,10.5,10455,0,5,2049599,
,25.2,34.9,295,6270,11.82,-89,10.8,10454,0,5,2049299,
,27.0,32.5,289,6269,11.72,-90,10.5,10453,0,5,2048999,
,23.2,27.3,289,6268,11.84,-90,9.8,10452,0,5,2048699,
,19.9,26.3,278,6267,11.84,-90,10.2,10450,0,5,2048399,
,20.1,27.3,281,6266,11.83,-90,10.2,10448,0,5,2048099,
,23.2,30.0,287,6265,11.80,-90,10.8,10446,0,5,2047799,
,18.9,29.1,285,6264,11.66,-90,11,10444,0,5,2047499,
,19.3,25.3,285,6263,11.74,-90,10.5,10443,0,5,2047199,
,20.8,30.8,284,6262,11.77,-90,10.8,10442,0,5,2046899,
,21.2,27.0,286,6261,11.67,-90,10.2,10441,0,5,2046599,
,25.5,31.5,291,6260,11.68,-90,10.8,10439,0,5,2046299,
,24.9,30.2,288,6259,11.75,-90,10.5,10438,0,5,2045999,
,23.8,28.2,289,6258,11.73,-90,10.5,10436,0,5,2045699,
,22.7,29.5,285,6257,11.66,-90,10.8,10435,0,5,2045399,
,23.4,31.6,284,6256,11.61,-90,10.5,10434,0,5,2045099,
,26.4,31.5,289,6255,11.61,-90,10.8,10433,0,5,2044799,
,20.1,30.5,288,6254,11.60,-90,10.8,10431,0,5,2044499,
,21.5,26.0,292,6253,11.58,-90,10.8,10430,0,5,2044199,
,18.0,24.1,296,6252,11.57,-90,10.5,10428,0,5,2043899,
,16.0,25.3,309,6251,11.54,-90,10.5,10426,0,5,2043599,
,24.0,35.8,296,6250,11.53,-90,10.2,10425,0,5,2043299,
,29.6,40.4,284,6249,11.55,-90,10.8,10423,0,5,2042999,
,22.5,28.9,284,6248,11.56,-90,10.8,10421,0,5,2042699,
,20.5,28.4,290,6247,11.55,-90,10.2,10420,0,5,2042399,
,22.7,29.5,288,6246,11.54,-90,10.5,10419,0,5,2042099,
,27.4,33.8,290,6245,11.55,-90,11,10417,0,5,2041799,
,29.1,34.3,293,6244,11.54,-89,10.8,10415,0,5,2041499,
,32.3,39.5,290,6243,11.52,-90,10.2,10414,0,5,2041199,
,22.0,27.4,279,6242,11.54,-88,11,10413,0,5,2040899,
,16.6,19.5,291,6241,11.54,-91,11.2,10412,0,5,2040599,
,20.5,26.5,297,6240,11.56,-90,10.5,10411,0,5,2040299,
,23.0,26.1,286,6239,11.55,-91,10.5,10410,0,5,2039999,
,20.7,26.8,286,6238,11.54,-91,10.2,10409,0,5,2039699,
,19.5,26.1,286,6237,11.54,-90,10.8,10407,0,5,2039399,
,22.6,34.2,285,6236,11.54,-90,10.8,10406,0,5,2039099,
,28.4,36.0,288,6235,11.54,-90,10.2,10405,0,5,2038799,
,28.3,35.5,301,6234,11.54,-89,10.5,10404,0,5,2038499,
,23.2,29.2,302,6233,11.55,-90,10.2,10403,0,5,2038199,
,17.9,24.8,285,6232,11.54,-90,11,10401,0,5,2037899,
,21.6,26.8,288,6231,11.55,-90,10,10400,0,5,2037599,
,21.1,27.0,299,6230,11.55,-90,10.5,10399,0,5,2037299,
,20.4,28.0,290,6229,11.57,-90,10.5,10397,0,5,2036999,
,23.3,30.0,304,6228,11.57,-90,10.2,10396,0,5,2036699,
,24.1,27.8,290,6227,11.53,-90,10.2,10394,0,5,2036399,
,22.2,25.7,276,6226,11.56,-89,10.8,10393,0,5,2036099,
,20.4,30.3,279,6225,11.55,-90,10.8,10392,0,5,2035799,
,25.1,38.0,280,6224,11.55,-90,10.5,10391,0,5,2035499,
,34.5,40.4,273,6223,11.57,-90,10.8,10390,0,5,2035199,
,24.9,31.8,278,6222,11.58,-90,10.5,10389,0,5,2034899,
,23.4,31.2,276,6221,11.56,-89,11,10388,0,5,2034599,
,22.9,28.5,283,6220,11.54,-90,10,10386,0,5,2034299,
,22.6,31.2,275,6219,11.57,-90,10.2,10385,0,5,2033999,
,29.8,36.4,276,6218,11.53,-89,10.8,10384,0,5,2033699,
,26.4,32.4,294,6217,11.57,-89,11,10383,0,5,2033399,
,21.7,27.5,287,6216,11.57,-89,10.8,10382,0,5,2033099,
,26.5,33.0,285,6215,11.56,-88,11.2,10381,0,5,2032799,
,21.0,29.0,275,6214,11.58,-90,11,10380,0,5,2032499,
,22.8,30.8,267,6213,11.58,-90,10.2,10379,0,5,2032199,
,23.5,29.5,264,6212,11.58,-90,10.5,10378,0,5,2031899,
,31.5,37.3,265,6211,11.55,-90,10.2,10376,0,5,2031599,
,23.5,30.8,273,6210,11.56,-89,11,10375,0,5,2031299,
,25.3,28.6,270,6209,11.58,-89,10.8,10374,0,5,2030999,
,24.2,28.9,272,6208,11.56,-88,11,10373,0,5,2030699,
,25.9,34.9,278,6207,11.58,-89,11,10372,0,5,2030399,
,35.5,41.9,275,6206,11.56,-88,10.2,10371,0,5,2030099,
,29.2,34.2,272,6205,11.57,-88,11.2,10370,0,5,2029799,
,25.1,34.3,279,6204,11.56,-88,10.5,10369,0,5,2029499,
,17.9,35.5,277,6203,11.59,-89,10.8,10368,0,5,2029199,
,30.3,36.4,261,6202,11.58,-90,10.5,10367,0,5,2028899,
,24.0,33.8,266,6201,11.58,-88,10.2,10365,0,5,2028599,
,28.5,34.0,266,6200,11.59,-88,11,10364,0,5,2028299,
,31.2,39.8,274,6199,11.56,-89,11.2,10363,0,5,2027999,
,27.6,38.7,279,6198,11.56,-89,11.5,10361,0,5,2027699,
,28.6,32.8,273,6197,11.57,-89,10.5,10360,0,5,2027399,
,28.1,36.0,275,6196,11.58,-89,10.8,10359,0,5,2027099,
,29.1,37.1,268,6195,11.59,-88,11.2,10358,0,5,2026799,
,32.2,38.5,270,6194,11.59,-87,10.8,10357,0,5,2026499,
,32.3,40.1,265,6193,11.59,-88,10.8,10355,0,5,2026199,
,28.1,33.9,275,6192,11.58,-89,11.2,10354,0,5,2025899,
,32.2,42.7,264,6191,11.57,-89,10.8,10353,0,5,2025599,
,30.4,41.2,266,6190,11.58,-88,11.5,10352,0,5,2025299,
,32.8,37.9,272,6189,11.58,-89,10.8,10351,0,5,2024999,
,31.1,42.0,285,6188,11.59,-90,10.5,10350,0,5,2024699,
,26.5,33.1,268,6187,11.54,-88,10.5,10348,0,5,2024399,
,28.1,34.7,272,6186,11.54,-89,10.8,10347,0,5,2024099,
,30.9,38.9,283,6185,11.57,-89,10.8,10346,0,5,2023799,
,31.4,38.2,278,6184,11.58,-90,10.5,10345,0,5,2023499,
,29.4,39.7,256,6183,11.59,-88,11,10344,0,5,2023199,
,33.3,38.4,254,6182,11.57,-88,11.2,10342,0,5,2022899,
,31.0,39.9,277,6181,11.58,-88,11.2,10340,0,5,2022599,
,31.1,37.1,278,6180,11.58,-88,10.8,10338,0,5,2022299,
,28.1,40.6,283,6179,11.54,-88,10.2,10337,0,5,2021999,
,33.4,42.3,260,6178,11.58,-89,10.5,10336,0,5,2021699,
,33.5,40.4,263,6177,11.58,-89,10.8,10335,0,5,2021399,
,25.2,31.6,264,6176,11.58,-88,10.2,10334,0,5,2021099,
,25.4,31.8,269,6175,11.57,-89,10.5,10333,0,5,2020799,
,27.3,35.0,282,6174,11.57,-89,10.5,10332,0,5,2020499,
,26.1,34.0,284,6173,11.56,-89,11.2,10330,0,5,2020200,
,32.0,38.1,277,6172,11.55,-89,10.8,10328,0,5,2019899,
,30.6,41.8,270,6171,11.56,-91,10.5,10326,0,5,2019599,
,30.1,35.9,267,6170,11.56,-89,11,10325,0,5,2019299,
,30.2,38.3,272,6169,11.58,-90,10.8,10324,0,5,2018999,
,32.3,43.5,272,6168,11.58,-89,10.8,10323,0,5,2018699,
,32.9,44.7,268,6167,11.57,-89,11,10322,0,5,2018399,
,29.0,36.5,269,6166,11.56,-90,10.5,10320,0,5,2018099,
,29.5,37.5,277,6165,11.55,-90,10.5,10318,0,5,2017799,
,28.5,41.4,273,6164,11.59,-89,10.8,10316,0,5,2017499,
,32.1,41.7,283,6163,11.58,-89,10.8,10314,0,5,2017199,
,28.1,34.1,272,6162,11.58,-89,10.5,10313,0,5,2016899,
,24.6,32.1,267,6161,11.59,-89,10.8,10312,0,5,2016599,
,28.6,40.5,250,6160,11.56,-89,10.5,10310,0,5,2016300,
,32.2,40.4,239,6159,11.57,-90,10.8,10308,0,5,2015999,
,34.0,41.2,255,6158,11.56,-89,10.8,10307,0,5,2015699,
,35.9,43.4,265,6157,11.59,-89,10.5,10305,0,5,2015399,
,36.8,45.6,260,6156,11.58,-88,10.8,10303,0,5,2015099,
,32.3,39.6,262,6155,11.57,-89,11,10301,0,5,2014799,
,31.7,39.8,262,6154,11.58,-87,11.2,10299,0,5,2014499,
,32.3,43.2,267,6153,11.56,-89,10.8,10298,0,5,2014199,
,34.0,38.4,264,6152,11.55,-88,10.5,10297,0,5,2013899,
,31.3,42.7,267,6151,11.58,-89,10.5,10295,0,5,2013599,
,33.4,43.5,268,6150,11.57,-89,11.5,10294,0,5,2013299,
,36.5,43.3,269,6149,11.58,-88,11,10293,0,5,2012999,
,34.2,42.2,272,6148,11.58,-88,11,10291,0,5,2012699,
,37.2,47.1,267,6147,11.54,-89,10.8,10289,0,5,2012400,
,39.0,47.4,264,6146,11.57,-89,11.8,10287,0,5,2012099,
,39.3,48.9,267,6145,11.58,-89,10.5,10285,0,5,2011799,
,38.7,46.6,260,6144,11.60,-90,11,10284,0,5,2011499,
,37.5,45.0,267,6143,11.57,-89,11,10283,0,5,2011199,
,38.5,45.4,262,6142,11.58,-89,10.8,10282,0,5,2010899,
,35.1,45.1,264,6141,11.59,-89,11,10281,0,5,2010599,
,34.9,50.2,263,6140,11.55,-90,10.8,10280,0,5,2010299,
,37.1,45.3,267,6139,11.58,-89,10.8,10278,0,5,2009999,
,37.4,46.9,262,6138,11.59,-90,10.8,10276,0,5,2009699,
,43.9,53.4,260,6137,11.58,-88,11.2,10275,0,5,2009399,
,38.2,48.0,254,6136,11.57,-88,10.5,10273,0,5,2009099,
,34.5,44.6,257,6135,11.57,-90,10.2,10271,0,5,2008799,
,34.6,44.0,253,6134,11.57,-89,10.8,10270,0,5,2008500,
,34.9,45.3,255,6133,11.58,-89,10.8,10269,0,5,2008199,
,41.7,51.4,264,6132,11.57,-90,10.5,10268,0,5,2007899,
,37.8,46.5,267,6131,11.58,-88,10.8,10266,0,5,2007599,
,26.5,40.5,264,6130,11.59,-90,10.5,10264,0,5,2007299,
,38.1,48.9,265,6129,11.59,-90,10.8,10262,0,5,2006999,
,35.5,41.8,256,6128,11.58,-89,10.8,10261,0,5,2006699,
,37.6,46.0,257,6127,11.58,-90,11,10259,0,5,2006400,
,34.9,44.9,254,6126,11.57,-90,10.5,10258,0,5,2006099,
,38.9,49.5,244,6125,11.58,-90,10.5,10257,0,5,2005799,
,39.5,48.4,248,6124,11.58,-90,10.5,10255,0,5,2005499,
,38.4,48.9,249,6123,11.58,-90,10.5,10254,0,5,2005199,
,39.7,47.0,251,6122,11.57,-90,10.5,10253,0,5,2004899,
,35.7,46.6,254,6121,11.56,-90,10.2,10251,0,5,2004600,
,42.1,50.9,248,6120,11.57,-90,10.5,10249,0,5,2004299,
,42.7,54.2,248,6119,11.55,-90,10.5,10248,0,5,2003999,
,39.3,47.2,252,6118,11.57,-89,10.8,10247,0,5,2003699,
,41.5,50.2,241,6117,11.58,-89,10.8,10245,0,5,2003399,
,35.6,48.7,253,6116,11.56,-89,11,10243,0,5,2003099,
,44.7,55.8,253,6115,11.57,-89,10.8,10242,0,5,2002799,
,42.2,50.5,253,6114,11.56,-90,10.5,10240,0,5,2002500,
,41.6,50.1,253,6113,11.57,-90,10.5,10238,0,5,2002199,
,40.1,49.8,251,6112,11.56,-90,10.5,10236,0,5,2001899,
,42.2,52.7,248,6111,11.58,-90,10.5,10234,0,5,2001599,
,39.9,49.4,253,6110,11.58,-90,10.5,10232,0,5,2001299,
,38.9,51.9,255,6109,11.55,-88,11.5,10230,0,5,2000999,
,41.5,52.5,258,6108,11.56,-90,10.2,10228,0,5,2000700,
,43.4,52.5,242,6107,11.56,-89,11,10226,0,5,2000399,
,45.2,55.4,246,6106,11.55,-90,10.5,10224,0,5,2000099,
,45.6,56.9,248,6105,11.56,-89,11,10222,0,5,1999799,
,39.6,50.2,239,6104,11.58,-90,10.8,10220,0,5,1999499,
,39.0,50.7,241,6103,11.58,-88,11,10219,0,5,1999199,
,43.5,52.6,239,6102,11.57,-90,10.5,10218,0,5,1998899,
,41.2,55.6,237,6101,11.55,-90,10.5,10216,0,5,1998600,
,37.2,47.4,252,6100,11.55,-90,10.5,10214,0,5,1998299,
,44.5,53.3,245,6099,11.52,-90,10.5,10213,0,5,1997999,
,42.4,55.4,247,6098,11.55,-91,10.5,10211,0,5,1997699,
,44.5,54.8,249,6097,11.48,-90,10.2,10209,0,5,1997399,
,48.4,57.1,249,6096,11.49,-89,10.8,10207,0,5,1997099,
,45.2,53.4,251,6095,11.38,-90,10.8,10205,0,5,1996800,
,45.1,54.8,241,6094,11.45,-89,10.2,10204,0,5,1996500,
,45.3,55.1,250,6093,11.52,-89,11,10202,0,5,1996199,
,42.7,57.6,248,6092,11.50,-90,10.5,10200,0,5,1995899,
,45.3,61.2,240,6091,11.49,-88,10.8,10198,0,5,1995599,
,46.7,57.7,250,6090,11.17,-89,10.8,10196,0,5,1995299,
,47.0,56.2,244,6089,9.13,-89,10.8,10194,0,5,1994999,
,42.0,54.5,249,6088,9.10,-88,10.8,10192,0,5,1994700,
,48.8,65.3,247,6087,9.11,-89,10.8,10190,0,5,1994399,
,46.4,58.7,244,6086,9.13,-89,11,10188,0,5,1994099,
,39.9,55.9,245,6085,9.16,-89,10.8,10186,0,5,1993799,
,49.2,63.7,243,6084,8.75,-90,10.2,10185,0,5,1993499,
,45.3,58.3,244,6083,9.25,-91,10.5,10183,0,5,1993199,
,44.2,55.9,245,6082,9.27,-89,11.2,10181,0,5,1992900,
,42.5,58.3,242,6081,9.30,-90,10.8,10179,0,5,1992600,
,46.5,60.1,247,6080,9.31,-90,10.2,10177,0,5,1992299,
,42.5,55.2,240,6079,9.23,-90,10.2,10175,0,5,1991999,
,46.2,57.6,248,6078,9.25,-90,10.5,10173,0,5,1991699,
,41.5,50.0,246,6077,9.27,-90,10.8,10171,0,5,1991399,
,39.0,54.6,237,6076,9.30,-89,11,10169,0,5,1991099,
,46.0,59.6,238,6075,9.29,-89,10.8,10167,0,5,1990800,
,45.9,58.2,241,6074,9.27,-89,10.8,10165,0,5,1990499,
,42.7,57.0,243,6073,9.28,-89,11,10163,0,5,1990199,
,45.8,58.6,242,6072,9.27,-90,10.8,10161,0,5,1989899,
,41.2,53.6,237,6071,9.27,-89,11.2,10159,0,5,1989599,
,44.8,55.1,237,6070,9.27,-89,10.8,10157,0,5,1989299,
,43.0,56.0,235,6069,9.26,-89,10.8,10155,0,5,1989000,
,44.9,61.6,247,6068,9.25,-90,10.2,10153,0,5,1988700,
,45.7,56.3,250,6067,9.27,-89,10.8,10151,0,5,1988399,
,48.4,56.6,241,6066,9.27,-90,10.5,10149,0,5,1988099,
,44.4,57.7,240,6065,9.28,-89,11.2,10147,0,5,1987799,
,46.4,66.0,237,6064,9.27,-90,10.5,10145,0,5,1987499,
,47.0,60.7,234,6063,9.28,-89,10.8,10144,0,5,1987199,
,45.3,64.0,237,6062,9.36,-88,10.8,10143,0,5,1986900,
,46.8,62.2,236,6061,9.35,-88,10.8,10141,0,5,1986600,
,43.6,58.7,236,6060,9.37,-87,11.2,10139,0,5,1986299,
,47.4,57.9,246,6059,9.36,-90,10.8,10137,0,5,1985999,
,45.1,55.9,240,6058,9.38,-89,10.8,10135,0,5,1985699,
,43.6,58.7,249,6057,9.37,-89,10.5,10133,0,5,1985400,
,47.3,60.8,245,6056,9.40,-90,10.8,10132,0,5,1985100,
,46.5,60.4,239,6055,9.44,-90,10.5,10130,0,5,1984800,
,48.6,60.3,243,6054,9.46,-89,11.2,10128,0,5,1984500,
,44.2,56.0,235,6053,9.43,-89,11.2,10126,0,5,1984200,
,50.9,64.2,243,6052,9.43,-89,10.8,10124,0,5,1983900,
,44.7,56.1,238,6051,9.45,-89,11.5,10122,0,5,1983600,
,42.0,52.3,232,6050,9.44,-89,10.8,10120,0,5,1983300,
,41.3,49.6,234,6049,9.46,-90,10.5,10118,0,5,1983000,
,42.9,51.7,231,6048,8.98,-89,10.8,10116,0,5,1982700,
,44.3,55.0,231,6047,9.32,-88,10.5,10114,0,5,1982400,
,42.6,57.1,234,6046,9.06,-90,10.5,10113,0,5,1982100,
,42.1,52.9,236,6045,9.11,-90,10.5,10112,0,5,1981800,
,40.0,55.2,233,6044,9.04,-89,11,10110,0,5,1981500,
,45.5,59.6,235,6043,9.28,-88,11.5,10108,0,5,1981200,
,48.8,58.3,234,6042,8.97,-89,11.2,10107,0,5,1980900,
,46.3,56.9,235,6041,8.97,-89,10.8,10105,0,5,1980600,
,44.2,53.0,239,6040,8.92,-90,10.5,10103,0,5,1980300,
,38.6,50.6,237,6039,8.94,-89,11,10102,0,5,1980000,
,45.3,55.1,232,6038,9.39,-90,10.5,10101,0,5,1979700,
,44.6,52.7,233,6037,8.85,-90,11,10100,0,5,1979400,
,40.8,57.1,234,6036,8.88,-89,10.8,10098,0,5,1979100,
,46.9,56.7,232,6035,8.86,-91,10.5,10096,0,5,1978800,
,41.8,56.5,236,6034,8.83,-89,10.8,10094,0,5,1978500,
,44.3,53.0,242,6033,8.79,-88,10.8,10092,0,5,1978200,
,46.2,58.6,236,6032,9.01,-88,10.8,10090,0,5,1977900,
,43.6,54.4,243,6031,8.77,-90,10.8,10088,0,5,1977600,
,41.8,55.9,232,6030,8.85,-92,10.5,10086,0,5,1977300,
,50.2,63.8,236,6029,8.87,-91,11,10084,0,5,1977000,
,40.6,57.0,240,6028,9.00,-89,10.8,10082,0,5,1976700,
,29.4,33.9,206,5958,11.63,-90,10.2,9958,0,5,1955700,
,31.2,38.7,204,5957,11.62,-91,11,9957,0,5,1955400,
,27.4,33.6,205,5956,11.65,-92,10.5,9955,0,5,1955100,
,30.7,36.5,210,5955,11.66,-90,10.5,9953,0,5,1954800,
,29.1,36.1,211,5954,11.64,-91,11.2,9951,0,5,1954500,
,29.1,35.7,210,5953,11.66,-90,10.8,9949,0,5,1954200,
,29.6,35.2,208,5952,11.66,-91,10.2,9947,0,5,1953900,
,29.9,34.5,208,5951,11.65,-91,10.8,9945,0,5,1953600,
,28.7,35.3,207,5950,11.64,-91,10.5,9943,0,5,1953300,
,30.3,37.2,209,5949,11.66,-91,11,9941,0,5,1953000,
,25.6,32.9,209,5948,11.66,-92,10.5,9939,0,5,1952700,
,26.1,34.7,212,5947,11.66,-92,11,9937,0,5,1952400,
,27.4,35.8,216,5946,11.65,-91,10,9936,0,5,1952100,
,26.6,31.8,215,5945,11.61,-92,11,9934,0,5,1951800,
,31.6,34.8,219,5944,11.57,-91,10.8,9932,0,5,1951500,
,24.2,30.8,215,5943,11.57,-90,10.5,9931,0,5,1951200,
,28.4,33.8,213,5942,11.57,-90,10.2,9929,0,5,1950900,
,27.2,33.0,215,5941,11.58,-91,10,9927,0,5,1950600,
,29.1,35.5,215,5940,11.61,-92,11,9925,0,5,1950300,
,25.1,30.5,218,5939,11.61,-90,10.5,9923,0,5,1950000,
,22.1,31.0,220,5938,11.57,-91,11.5,9921,0,5,1949700,
,27.7,34.5,220,5937,8.87,-91,10,9919,0,5,1949400,
,28.7,35.4,219,5936,8.46,-90,10.5,9917,0,5,1949100,
,28.4,33.1,218,5935,10.76,-92,10.2,9915,0,5,1948800,
,28.0,36.5,219,5934,8.50,-91,11,9913,0,5,1948500,
,27.7,33.7,222,5933,11.29,-90,10,9911,0,5,1948200,
,27.2,34.2,222,5932,8.44,-90,10,9910,0,5,1947900,
,26.0,34.1,223,5931,8.45,-92,10.5,9909,0,5,1947600,
,25.8,31.8,223,5930,8.60,-91,10.8,9907,0,5,1947300,
,28.2,34.0,221,5929,8.47,-90,10.5,9906,0,5,1947000,
,23.5,27.4,218,5928,8.45,-91,10.5,9904,0,5,1946700,
,26.1,29.6,225,5927,8.49,-91,11.5,9902,0,5,1946400,
,25.5,34.1,225,5926,8.46,-91,10.5,9900,0,5,1946100,
,27.0,31.2,231,5925,11.26,-90,11,9899,0,5,1945800,
,27.1,35.0,229,5924,11.09,-90,10.5,9898,0,5,1945500,
,25.6,32.4,231,5923,8.52,-91,10.8,9896,0,5,1945200,
,28.1,35.5,226,5922,8.46,-89,11.8,9894,0,5,1944900,
,28.1,33.3,228,5921,10.92,-90,10,9892,0,5,1944600,
,24.6,33.6,230,5920,8.48,-90,10.5,9891,0,5,1944300,
,25.2,34.2,231,5919,8.46,-90,10.5,9889,0,5,1944000,
,27.9,35.4,231,5918,11.42,-90,10,9887,0,5,1943700,
,28.9,34.8,233,5917,11.05,-90,10.2,9885,0,5,1943400,
,29.3,33.9,234,5916,8.75,-90,11,9883,0,5,1943100,
,26.7,36.0,235,5915,8.56,-91,11.2,9881,0,5,1942800,
,27.6,35.3,236,5914,8.45,-90,10.2,9879,0,5,1942500,
,30.7,38.1,241,5913,8.49,-90,10.5,9877,0,5,1942200,
,30.1,38.5,238,5912,10.50,-90,10.5,9875,0,5,1941900,
,28.7,37.3,240,5911,11.08,-90,10.5,9873,0,5,1941600,
,31.2,40.7,240,5910,8.46,-89,11.2,9871,0,5,1941300,
,34.0,38.8,243,5909,8.46,-90,10.2,9869,0,5,1941000,
,31.5,40.3,246,5908,11.04,-90,10.5,9867,0,5,1940700,
,34.0,40.8,239,5907,8.50,-90,10.5,9866,0,5,1940400,
,30.4,36.7,243,5906,8.46,-90,10.8,9864,0,5,1940100,
,29.3,38.7,246,5905,8.45,-90,10.2,9862,0,5,1939800,
,31.2,38.1,247,5904,8.46,-90,10.5,9861,0,5,1939500,
,28.9,41.6,246,5903,11.35,-89,11,9860,0,5,1939200,
,31.3,40.1,245,5902,11.52,-90,10.2,9858,0,5,1938900,
,31.4,38.0,245,5901,11.04,-90,10.5,9857,0,5,1938600,
,33.3,41.7,246,5900,8.50,-90,10.5,9856,0,5,1938300,
,35.4,42.1,241,5899,8.44,-90,10.5,9855,0,5,1938000,
,29.5,38.5,243,5898,11.02,-89,10.5,9853,0,5,1937700,
,31.8,39.9,239,5897,8.66,-90,10.5,9851,0,5,1937400,
,31.7,43.0,245,5896,9.09,-89,11.2,9849,0,5,1937100,
,32.7,40.5,240,5895,8.81,-89,10.5,9847,0,5,1936800,
,34.6,43.6,248,5894,8.75,-90,10.5,9845,0,5,1936500,
,29.6,40.0,245,5893,8.46,-90,11,9843,0,5,1936200,
,33.5,39.7,243,5892,8.44,-89,10.5,9841,0,5,1935900,
,31.3,40.0,248,5891,8.44,-90,10.5,9839,0,5,1935600,
,31.3,37.9,236,5890,8.45,-89,10.8,9837,0,5,1935300,
,28.0,37.6,232,5889,11.01,-89,10.8,9835,0,5,1935000,
,29.8,38.2,234,5888,8.81,-90,10.5,9833,0,5,1934700,
,28.1,38.0,233,5887,8.48,-90,10.8,9831,0,5,1934400,
,31.1,37.8,239,5886,10.92,-90,10.5,9829,0,5,1934100,
,30.4,39.9,239,5885,8.43,-90,10.5,9827,0,5,1933800,
,33.1,44.3,244,5884,8.44,-90,10.5,9825,0,5,1933500,
,30.1,40.3,243,5883,8.44,-90,10.2,9824,0,5,1933200,
,37.2,45.2,243,5882,8.48,-91,10.5,9823,0,5,1932900,
,36.4,47.5,245,5881,8.63,-90,10.8,9821,0,5,1932600,
,40.5,49.2,244,5880,8.51,-90,10.5,9820,0,5,1932300,
,38.9,58.6,246,5879,8.43,-89,10.8,9819,0,5,1932000,
,48.6,60.0,248,5878,10.96,-89,10.8,9818,0,5,1931700,
,40.3,53.5,237,5877,9.02,-89,10.8,9816,0,5,1931400,
,42.8,54.0,220,5876,8.45,-91,9.8,9814,0,5,1931100,
,39.7,53.4,215,5875,8.80,-91,11,9812,0,5,1930800,
,42.4,56.3,212,5874,8.93,-91,10.5,9810,0,5,1930500,
,40.7,54.7,209,5873,8.43,-91,10,9808,0,5,1930200,
,44.1,51.1,205,5872,8.42,-89,10.8,9806,0,5,1929900,
,43.0,51.4,196,5871,10.35,-89,10.8,9804,0,5,1929600,
,40.7,53.8,195,5870,10.87,-89,11,9802,0,5,1929300,
,42.5,57.6,190,5869,8.47,-90,11,9801,0,5,1929000,
,46.9,55.3,185,5868,8.45,-92,10.8,9799,0,5,1928700,
,41.8,54.3,181,5867,8.44,-92,11.2,9797,0,5,1928400,
,40.9,53.6,172,5866,8.49,-90,10.5,9795,0,5,1928100,
,39.4,56.6,165,5865,10.77,-91,10.5,9793,0,5,1927800,
,39.8,51.7,161,5864,8.45,-89,10.8,9792,0,5,1927500,
,38.6,53.3,170,5863,8.43,-92,10.8,9791,0,5,1927200,
,38.7,50.9,166,5862,8.94,-87,10.8,9789,0,5,1926900,
,38.9,48.9,155,5861,8.43,-90,10.5,9787,0,5,1926600,
,35.3,52.4,147,5860,8.41,-90,10.5,9786,0,5,1926300,
,38.2,49.8,148,5859,10.83,-90,10.8,9785,0,5,1926000,
,36.4,44.9,141,5858,8.52,-87,10.2,9784,0,5,1925700,
,30.5,50.8,129,5857,8.44,-90,10.5,9782,0,5,1925400,
,36.3,45.0,125,5856,8.43,-91,10.8,9780,0,5,1925100,
,36.3,51.5,121,5855,8.41,-90,11,9778,0,5,1924800,
,32.3,42.9,121,5854,8.40,-89,11,9776,0,5,1924500,
,28.3,38.8,121,5853,8.39,-90,10.8,9775,0,5,1924200,
,27.6,39.5,120,5852,8.40,-88,11,9773,0,5,1923900,
,26.5,38.0,123,5851,8.41,-90,10.8,9771,0,5,1923600,
,29.6,43.0,126,5850,10.63,-90,10.5,9769,0,5,1923300,
,30.2,48.0,126,5849,9.04,-91,10.5,9767,0,5,1923000,
,33.3,42.0,125,5848,10.67,-91,10.2,9766,0,5,1922700,
,32.5,45.4,125,5847,8.40,-90,10.8,9764,0,5,1922400,
,32.5,45.4,128,5846,8.39,-90,10.5,9762,0,5,1922100,
,34.8,43.3,127,5845,10.53,-90,10.5,9760,0,5,1921800,
,32.3,39.9,127,5844,11.02,-90,10.5,9758,0,5,1921500,
,37.2,48.5,125,5843,8.44,-90,11,9756,0,5,1921200,
,32.0,46.0,127,5842,8.48,-90,10.5,9754,0,5,1920900,
,29.1,44.3,127,5841,8.42,-90,10.8,9752,0,5,1920600,
,34.2,43.0,130,5840,8.39,-90,10.2,9750,0,5,1920300,
,35.8,45.1,128,5839,11.25,-90,10.5,9748,0,5,1920000,
,31.1,45.6,133,5838,10.74,-90,10.2,9746,0,5,1919700,
,33.9,41.7,133,5837,8.42,-91,10.8,9745,0,5,1919400,
,32.4,43.9,132,5836,8.40,-90,10.8,9743,0,5,1919100,
,32.5,42.8,125,5835,8.41,-91,10.5,9742,0,5,1918800,
,31.0,42.1,129,5834,8.41,-88,10.2,9740,0,5,1918500,
,31.8,43.8,134,5833,8.48,-92,10.5,9738,0,5,1918200,
,30.4,42.9,131,5832,8.46,-91,10.8,9736,0,5,1917900,
,34.1,43.2,130,5831,11.04,-90,10.2,9734,0,5,1917600,
,32.4,49.1,133,5830,11.18,-90,10.8,9733,0,5,1917300,
,32.4,42.5,130,5829,10.74,-88,11,9732,0,5,1917000,
,36.1,52.0,133,5828,10.01,-90,10,9730,0,5,1916700,
,35.9,44.0,129,5827,8.60,-90,10.8,9728,0,5,1916400,
,34.5,42.4,133,5826,8.77,-90,10.5,9727,0,5,1916100,
,31.1,39.1,129,5825,10.65,-90,10.5,9725,0,5,1915800,
,34.0,43.3,130,5824,8.59,-90,10.5,9724,0,5,1915500,
,29.2,36.3,125,5823,8.66,-89,11.2,9722,0,5,1915200,
,32.2,40.7,127,5822,8.87,-89,10.2,9720,0,5,1914900,
,32.0,42.3,128,5821,10.61,-90,10.5,9718,0,5,1914600,
,32.3,40.1,126,5820,8.79,-90,10.5,9717,0,5,1914300,
,31.6,38.1,130,5819,10.80,-90,10.8,9715,0,5,1914000,
,36.8,45.5,127,5818,8.56,-90,10.8,9713,0,5,1913700,
,30.7,40.5,127,5817,10.58,-91,10.5,9711,0,5,1913400,
,33.8,41.2,127,5816,8.59,-90,10.8,9709,0,5,1913100,
,30.9,39.5,128,5815,8.54,-88,10.5,9707,0,5,1912800,
,29.8,35.5,127,5814,8.60,-90,10.5,9706,0,5,1912500,
,29.3,39.1,131,5813,8.54,-91,10,9704,0,5,1912200,
,30.2,40.0,128,5812,8.55,-91,10.5,9702,0,5,1911900,
,29.6,35.6,126,5811,10.73,-90,10.8,9700,0,5,1911600,
,27.8,36.5,128,5810,10.59,-90,10.5,9699,0,5,1911300,
,29.0,36.9,128,5809,8.55,-89,11.2,9698,0,5,1911000,
,27.3,39.1,127,5808,8.53,-91,11.2,9697,0,5,1910700,
,29.0,36.9,129,5807,8.94,-91,10.2,9695,0,5,1910400,
,28.4,36.8,129,5806,8.48,-87,10.5,9694,0,5,1910100,
,27.5,37.7,132,5805,8.52,-88,11,9692,0,5,1909800,
,27.1,33.8,129,5804,8.54,-90,10.5,9691,0,5,1909500,
,28.4,34.4,130,5803,8.54,-90,10.8,9690,0,5,1909200,
,26.4,36.8,130,5802,8.52,-90,11.2,9689,0,5,1908900,
,26.9,35.3,134,5801,8.50,-91,11.5,9687,0,5,1908600,
,28.3,35.5,133,5800,10.98,-90,10.5,9685,0,5,1908300,
,25.4,31.2,129,5799,9.04,-90,10.2,9683,0,5,1908000,
,26.8,35.6,128,5798,10.71,-89,10.5,9682,0,5,1907700,
,28.1,35.6,124,5797,8.57,-90,10.5,9681,0,5,1907400,
,26.0,31.0,125,5796,10.45,-89,10.8,9679,0,5,1907100,
,24.0,35.0,126,5795,9.02,-89,11,9678,0,5,1906800,
,24.5,31.0,124,5794,8.53,-90,10.8,9677,0,5,1906500,
,19.7,32.3,127,5793,8.63,-90,10.8,9676,0,5,1906200,
,24.3,31.5,130,5792,9.82,-89,10.8,9674,0,5,1905900,
,26.7,32.6,123,5791,11.15,-90,10.2,9673,0,5,1905600,
,23.1,34.3,123,5790,9.13,-88,11,9671,0,5,1905300,
,21.6,28.1,127,5789,8.65,-89,11,9669,0,5,1905000,
,21.7,31.0,132,5788,8.65,-88,10.8,9667,0,5,1904700,
,20.9,28.7,129,5787,8.68,-90,10.8,9665,0,5,1904400,
,25.1,30.3,122,5786,8.71,-89,10.8,9663,0,5,1904100,
,21.7,27.0,127,5785,11.18,-89,10.8,9661,0,5,1903800,
,20.5,25.7,126,5784,11.21,-89,11.2,9659,0,5,1903500,
,21.3,27.6,128,5783,8.72,-88,11.2,9657,0,5,1903200,
,24.5,28.3,131,5782,11.85,-89,10.8,9655,0,5,1902900,
,20.5,27.9,128,5781,9.22,-89,10.8,9654,0,5,1902600,
,21.4,27.9,127,5780,9.32,-89,10.8,9653,0,5,1902300,
,22.4,28.8,123,5779,8.75,-88,11,9651,0,5,1902000,
,18.2,22.7,126,5778,8.78,-89,10.8,9649,0,5,1901700,
,19.5,24.7,128,5777,11.80,-89,10.8,9647,0,5,1901400,
,17.2,20.0,124,5776,9.28,-89,11,9646,0,5,1901100,
,15.7,19.1,121,5775,9.28,-88,11.2,9644,0,5,1900800,
,15.6,21.3,123,5774,9.31,-90,10.5,9643,0,5,1900500,
,16.0,20.7,122,5773,9.16,-89,11.5,9641,0,5,1900200,
,17.5,21.9,127,5772,9.44,-88,11,9640,0,5,1899900,
,16.8,21.0,128,5771,8.93,-89,10.5,9638,0,5,1899600,
,18.9,22.2,137,5770,11.05,-90,10.5,9636,0,5,1899300,
,17.1,23.7,142,5769,8.99,-89,11,9634,0,5,1899000,
,16.6,23.2,141,5768,9.11,-88,10.8,9633,0,5,1898700,
,18.0,21.8,140,5767,9.22,-88,10.8,9631,0,5,1898400,
,18.5,22.6,138,5766,8.91,-88,11.8,9629,0,5,1898100,
,19.3,24.0,136,5765,8.93,-88,11.5,9628,0,5,1897800,
,19.8,23.3,147,5764,9.05,-88,11.2,9626,0,5,1897500,
,16.3,22.7,136,5763,12.10,-89,11.2,9625,0,5,1897200,
,17.8,22.5,139,5762,9.44,-88,11,9623,0,5,1896900,
,16.0,20.7,133,5761,8.85,-89,11,9621,0,5,1896600,
,17.8,23.2,130,5760,8.90,-88,10.5,9620,0,5,1896300,
,18.1,23.1,134,5759,12.07,-90,10.5,9618,0,5,1896000,
,16.8,20.8,132,5758,12.02,-88,10.5,9616,0,5,1895700,
,18.1,23.1,128,5757,9.47,-89,11,9614,0,5,1895400,
,15.3,19.4,149,5756,9.44,-90,10.5,9613,0,5,1895100,
,16.2,20.9,140,5755,9.11,-89,10.8,9611,0,5,1894800,
,14.9,19.7,122,5754,9.60,-90,10.5,9609,0,5,1894500,
,12.8,17.4,122,5753,11.78,-89,11,9608,0,5,1894200,
,11.9,20.6,124,5752,9.33,-89,11,9606,0,5,1893900,
,13.7,20.5,128,5751,9.41,-89,11.2,9604,0,5,1893600,
,15.3,18.7,123,5750,9.57,-89,11,9603,0,5,1893300,
,13.6,17.6,124,5749,9.29,-89,10.8,9601,0,5,1893000,
,15.5,18.9,122,5748,9.63,-89,11,9600,0,5,1892700,
,13.7,18.9,133,5747,9.21,-89,11,9598,0,5,1892400,
,12.6,15.7,129,5746,11.50,-88,10.5,9596,0,5,1892100,
,11.2,14.5,127,5745,10.79,-89,10.8,9595,0,5,1891800,
,9.4,14.9,123,5744,9.52,-90,10.2,9594,0,5,1891500,
,10.3,14.3,100,5743,11.43,-90,10.8,9593,0,5,1891200,
,9.8,13.1,96,5742,9.38,-90,10.2,9591,0,5,1890900,
,10.6,11.9,90,5741,11.52,-90,10.8,9589,0,5,1890600,
,10.5,13.8,105,5740,8.94,-89,11,9587,0,5,1890300,
,13.4,18.2,102,5739,9.05,-90,10.5,9586,0,5,1890000,
,14.7,17.8,103,5738,8.97,-90,10.8,9584,0,5,1889700,
,12.6,15.4,105,5737,11.02,-89,11,9582,0,5,1889400,
,10.4,12.6,104,5736,8.98,-90,10.5,9581,0,5,1889100,
,9.8,12.1,101,5735,9.14,-90,10.5,9579,0,5,1888800,
,10.0,11.1,94,5734,9.10,-90,10.5,9578,0,5,1888500,
,8.6,10.1,82,5733,9.40,-90,11,9577,0,5,1888200,
,6.6,7.7,87,5732,9.14,-90,10.8,9575,0,5,1887900,
,6.1,8.0,111,5731,9.18,-90,10.5,9574,0,5,1887600,
,6.0,7.4,100,5730,9.02,-91,10.5,9573,0,5,1887301,
,4.8,6.4,108,5729,8.97,-90,10.8,9571,0,5,1887000,
,5.8,7.2,129,5728,9.03,-90,10.5,9570,0,5,1886700,
,6.6,8.2,108,5727,8.99,-91,10.5,9569,0,5,1886400,
,6.2,7.0,107,5726,8.98,-90,10.2,9567,0,5,1886100,
,6.4,8.0,122,5725,8.99,-90,10.2,9565,0,5,1885800,
,6.3,8.3,109,5724,9.04,-90,10.2,9563,0,5,1885500,
,8.3,9.8,110,5723,9.02,-90,10.2,9561,0,5,1885200,
,6.8,9.0,127,5722,9.04,-91,11.2,9559,0,5,1884900,
,5.3,7.6,117,5721,9.01,-91,10.5,9557,0,5,1884600,
,6.7,9.1,121,5720,9.02,-90,10.8,9555,0,5,1884300,
,5.5,7.8,131,5719,11.82,-91,10.5,9553,0,5,1884000,
,6.5,9.0,123,5718,11.84,-91,10.8,9551,0,5,1883700,
,8.5,9.4,126,5717,8.98,-91,11.8,9549,0,5,1883401,
,6.7,8.7,124,5716,9.10,-90,10.5,9548,0,5,1883100,
,7.2,9.6,124,5715,9.24,-91,11.5,9546,0,5,1882800,
,7.0,10.4,121,5714,8.95,-90,10.2,9545,0,5,1882500,
,8.6,10.6,129,5713,8.88,-90,11,9543,0,5,1882200,
,6.8,9.9,133,5712,8.79,-90,10.8,9542,0,5,1881900,
,8.7,10.7,124,5711,11.36,-90,10.5,9541,0,5,1881600,
,9.2,11.0,143,5710,8.76,-91,10.5,9540,0,5,1881300,
,9.5,11.0,146,5709,11.40,-91,11.2,9539,0,5,1881000,
,8.5,11.6,132,5708,8.80,-90,10.5,9537,0,5,1880700,
,9.8,13.1,148,5707,8.84,-90,10.5,9536,0,5,1880400,
,9.1,11.9,123,5706,8.82,-90,10.5,9534,0,5,1880100,
,9.2,12.5,110,5705,11.36,-91,11,9532,0,5,1879800,
,10.8,12.8,123,5704,8.75,-91,10.5,9530,0,5,1879501,
,9.0,10.2,113,5703,8.76,-91,11.2,9529,0,5,1879200,
,8.8,10.0,87,5702,8.84,-91,11,9527,0,5,1878900,
,8.7,11.0,74,5701,8.71,-91,11,9525,0,5,1878600,
,8.1,10.3,75,5700,8.72,-91,10.8,9523,0,5,1878300,
,8.9,10.9,79,5699,8.82,-91,10.8,9522,0,5,1878000,
,9.5,11.9,83,5698,11.53,-91,11.5,9521,0,5,1877700,
,9.4,10.2,72,5697,10.81,-90,11,9519,0,5,1877400,
,8.8,10.0,73,5696,8.88,-91,11,9518,0,5,1877100,
,6.8,8.0,70,5695,8.78,-91,10.8,9516,0,5,1876800,
,7.0,9.1,72,5694,8.82,-91,11.2,9514,0,5,1876500,
,8.0,9.3,66,5693,11.45,-91,11.5,9512,0,5,1876200,
,7.0,8.7,64,5692,9.28,-91,10.8,9511,0,5,1875900,
,8.1,8.9,66,5691,8.84,-91,10.2,9509,0,5,1875600,
,6.9,8.2,60,5690,8.88,-91,10.8,9507,0,5,1875300,
,6.3,7.7,63,5689,8.89,-91,10,9505,0,5,1875000,
,6.5,7.6,65,5688,8.93,-91,10.8,9503,0,5,1874700,
,6.4,7.4,61,5687,8.83,-91,10.8,9502,0,5,1874400,
,6.6,7.6,68,5686,10.42,-92,11,9500,0,5,1874100,
,6.9,7.5,70,5685,11.36,-92,10.8,9498,0,5,1873800,
,6.1,7.1,69,5684,11.05,-92,10.5,9496,0,5,1873501,
,6.2,6.6,66,5683,8.70,-92,10.5,9494,0,5,1873200,
,5.6,6.1,67,5682,11.48,-91,10.8,9492,0,5,1872900,
,5.1,5.7,64,5681,8.75,-91,10.2,9491,0,5,1872600,
,5.0,6.0,72,5680,11.51,-92,10.8,9490,0,5,1872300,
,5.9,6.9,88,5679,9.05,-91,10.8,9488,0,5,1872000,
,5.2,6.7,90,5678,8.68,-91,10.5,9486,0,5,1871700,
,6.4,7.4,86,5677,8.60,-91,11.5,9484,0,5,1871400,
,7.1,7.8,82,5676,8.64,-91,11.2,9482,0,5,1871100,
,6.0,7.2,90,5675,8.69,-91,10.8,9480,0,5,1870800,
,5.9,6.6,89,5674,11.52,-91,11.2,9479,0,5,1870500,
,5.7,6.9,81,5673,8.56,-92,10,9478,0,5,1870200,
,6.0,6.7,79,5672,8.62,-91,10.5,9477,0,5,1869900,
,6.4,7.2,80,5671,9.49,-92,10.5,9475,0,5,1869601,
,5.2,6.0,69,5670,11.50,-92,10.8,9473,0,5,1869300,
,4.2,5.2,66,5669,8.54,-91,10.5,9471,0,5,1869000,
,3.8,4.5,68,5668,8.59,-91,10.5,9469,0,5,1868700,
,3.5,4.4,78,5667,8.58,-91,10.8,9467,0,5,1868400,
,3.2,4.2,76,5666,11.57,-91,10.8,9465,0,5,1868100,
,3.4,3.8,78,5665,8.62,-91,10.2,9464,0,5,1867800,
,3.3,3.6,83,5664,8.60,-91,10.8,9462,0,5,1867500,
,3.0,3.8,111,5663,11.57,-91,11.5,9460,0,5,1867200,
,3.8,4.7,121,5662,11.56,-91,11,9458,0,5,1866900,
,4.9,6.2,121,5661,8.62,-91,11,9457,0,5,1866600,
,5.3,6.2,124,5660,8.69,-91,11,9455,0,5,1866300,
,5.8,7.9,115,5659,8.55,-91,11.5,9453,0,5,1866000,
,5.5,6.8,96,5658,8.59,-91,10.5,9451,0,5,1865701,
,3.5,5.6,58,5657,11.57,-92,10.8,9450,0,5,1865400,
,3.1,3.8,72,5656,8.56,-91,10.5,9449,0,5,1865100,
,3.4,4.1,65,5655,8.75,-91,10,9448,0,5,1864800,
,2.3,3.2,342,5654,11.55,-91,10.2,9447,0,5,1864500,
,1.9,3.4,347,5653,8.65,-92,10.5,9445,0,5,1864200,
,1.5,2.7,48,5652,8.70,-91,10.8,9444,0,5,1863900,
,3.3,4.9,40,5651,8.74,-91,11,9443,0,5,1863601,
,3.6,4.6,55,5650,8.52,-91,11.2,9441,0,5,1863300,
,3.5,5.0,35,5649,11.58,-91,11,9440,0,5,1863000,
,4.6,7.7,38,5648,8.89,-91,10.8,9438,0,5,1862700,
,3.8,6.3,6,5647,8.53,-91,10.5,9437,0,5,1862400,
,4.9,6.6,8,5646,8.55,-91,10.5,9435,0,5,1862100,
,4.1,7.7,352,5645,11.57,-91,11.5,9434,0,5,1861801,
,4.5,7.9,4,5644,11.57,-91,11,9432,0,5,1861500,
,6.5,8.0,353,5643,8.65,-91,11,9430,0,5,1861200,
,7.2,8.5,338,5642,8.58,-91,10.8,9429,0,5,1860900,
,5.1,6.7,328,5641,8.61,-91,11.5,9427,0,5,1860600,
,5.9,8.4,306,5640,11.53,-91,11.2,9425,0,5,1860300,
,5.4,6.9,302,5639,8.79,-91,11,9423,0,5,1860001,
,4.8,6.1,308,5638,11.54,-91,11.8,9421,0,5,1859701,
,5.3,6.9,300,5637,8.47,-91,11.2,9419,0,5,1859400,
,5.3,5.9,288,5636,8.51,-91,11.2,9417,0,5,1859100,
,5.4,7.8,290,5635,8.66,-91,11,9415,0,5,1858800,
,6.8,8.9,292,5634,8.58,-90,11.5,9413,0,5,1858500,
,7.6,8.5,304,5633,10.36,-91,11,9411,0,5,1858200,
,8.2,9.6,295,5632,8.58,-91,10.5,9410,0,5,1857901,
,6.9,8.6,310,5631,11.35,-91,10.2,9409,0,5,1857600,
,5.9,8.5,317,5630,11.58,-90,10.5,9407,0,5,1857300,
,6.7,8.1,290,5629,11.58,-91,11,9405,0,5,1857000,
,2.9,4.2,256,5628,11.58,-91,11.2,9403,0,5,1856700,
,3.1,4.3,270,5627,8.53,-91,11.2,9401,0,5,1856400,
,3.8,5.4,255,5626,8.64,-91,11.5,9399,0,5,1856101,
,5.0,6.8,264,5625,11.58,-90,11,9397,0,5,1855801,
,6.7,9.3,283,5624,11.57,-90,11,9395,0,5,1855500,
,6.8,9.1,280,5623,8.60,-90,10.5,9393,0,5,1855200,
,7.2,8.4,279,5622,8.57,-91,11,9391,0,5,1854900,
,6.7,8.6,267,5621,8.52,-91,10.5,9390,0,5,1854600,
,7.4,8.9,259,5620,8.73,-91,10.8,9388,0,5,1854300,
,7.8,9.3,251,5619,8.58,-91,10.8,9386,0,5,1854001,
,8.3,9.7,261,5618,11.23,-91,11,9384,0,5,1853701,
,6.2,7.9,269,5617,8.59,-91,10.8,9382,0,5,1853400,
,6.9,9.1,284,5616,8.52,-90,10.8,9380,0,5,1853100,
,7.0,8.1,286,5615,8.47,-91,11,9379,0,5,1852800,
,6.8,9.7,278,5614,11.11,-91,10.8,9377,0,5,1852500,
,6.3,9.1,292,5613,11.58,-91,10,9375,0,5,1852201,
,6.8,8.1,289,5612,11.57,-91,11.2,9374,0,5,1851901,
,6.8,8.1,302,5611,10.96,-90,10.8,9372,0,5,1851600,
,7.6,9.6,301,5610,8.78,-91,10.5,9370,0,5,1851300,
,8.0,9.7,290,5609,11.43,-91,11,9368,0,5,1851000,
,7.9,9.9,301,5608,8.61,-90,10.5,9366,0,5,1850700,
,8.8,11.3,305,5607,8.48,-91,11.2,9364,0,5,1850400,
,8.5,9.8,305,5606,11.53,-91,10.2,9363,0,5,1850104,
,8.7,11.3,296,5605,11.57,-90,11,9362,0,5,1849801,
,9.3,11.8,295,5604,11.59,-90,10.2,9361,0,5,1849500,
,10.3,12.3,304,5603,8.73,-91,11,9359,0,5,1849200,
,11.0,14.4,304,5602,8.55,-90,11.5,9357,0,5,1848900,
,12.7,14.5,303,5601,8.50,-90,11.2,9355,0,5,1848600,
,7.9,15.1,315,5600,11.28,-91,11.5,9353,0,5,1848301,
,11.0,14.2,300,5599,8.63,-90,10.5,9351,0,5,1848001,
,11.6,14.2,302,5598,8.52,-90,10.8,9349,0,5,1847701,
,14.0,18.1,310,5597,8.45,-90,10.5,9347,0,5,1847401,
,16.7,19.3,301,5596,8.65,-90,10.8,9345,0,5,1847101,
,16.9,19.9,304,5595,8.56,-90,10.8,9344,0,5,1846801,
,13.4,15.7,293,5594,8.58,-90,10.5,9342,0,5,1846501,
,13.4,16.7,289,5593,8.59,-91,11,9340,0,5,1846201,
,13.0,16.9,283,5592,8.61,-90,10.2,9338,0,5,1845901,
,12.2,14.9,279,5591,8.63,-90,10.5,9337,0,5,1845601,
,11.2,14.7,283,5590,11.23,-90,10.5,9335,0,5,1845301,
,9.5,11.0,288,5589,8.61,-90,10.2,9334,0,5,1845001,
,8.7,11.1,281,5588,8.52,-91,10.2,9332,0,5,1844701,
,9.3,11.1,282,5587,8.51,-91,10.5,9330,0,5,1844401,
,9.8,11.2,281,5586,8.50,-91,10.2,9328,0,5,1844101,
,9.9,13.2,284,5585,11.06,-91,10.5,9326,0,5,1843801,
,10.8,12.4,290,5584,8.48,-90,10.8,9324,0,5,1843501,
,10.0,12.0,288,5583,8.52,-91,10.8,9323,0,5,1843201,
,10.6,13.3,293,5582,11.14,-90,10.5,9321,0,5,1842901,
,11.6,14.9,293,5581,8.58,-90,10.5,9320,0,5,1842601,
,14.1,16.1,293,5580,8.52,-90,10.2,9318,0,5,1842301,
,13.0,15.0,296,5579,8.56,-90,11,9317,0,5,1842001,
,11.0,15.5,285,5578,8.51,-91,10.2,9315,0,5,1841701,
,13.2,15.1,269,5577,11.01,-91,11.2,9314,0,5,1841401,
,9.6,14.3,275,5576,10.35,-91,11,9313,0,5,1841101,
,11.2,15.6,289,5575,8.46,-90,10.5,9311,0,5,1840801,
,12.4,14.4,285,5574,8.41,-91,10.5,9309,0,5,1840501,
,11.7,16.3,287,5573,10.67,-90,10.2,9307,0,5,1840201,
,15.2,20.6,284,5572,8.41,-90,10.8,9305,0,5,1839901,
,16.9,21.3,280,5571,10.60,-90,10.8,9304,0,5,1839601,
,18.1,21.3,277,5570,8.42,-90,11.2,9302,0,5,1839301,
,17.4,23.4,283,5569,8.66,-91,10.8,9300,0,5,1839001,
,15.1,19.1,293,5568,8.76,-90,10.5,9298,0,5,1838701,
,16.0,19.3,282,5567,8.63,-90,11,9297,0,5,1838401,
,13.7,17.0,290,5566,8.43,-89,10.8,9295,0,5,1838101,
,13.3,17.0,297,5565,11.17,-90,10.5,9293,0,5,1837801,
,15.0,20.0,296,5564,8.45,-90,10.2,9292,0,5,1837501,
,16.3,19.3,300,5563,10.62,-90,10.5,9290,0,5,1837201,
,16.7,21.0,293,5562,8.53,-90,10.8,9288,0,5,1836901,
,18.3,23.4,300,5561,8.41,-90,10.8,9287,0,5,1836601,
,16.2,22.9,297,5560,8.41,-90,10.8,9286,0,5,1836301,
,14.6,16.7,292,5559,8.40,-90,10.5,9285,0,5,1836001,
,15.3,17.8,288,5558,8.43,-90,11,9283,0,5,1835701,
,14.6,17.3,290,5557,11.21,-90,11,9281,0,5,1835401,
,14.5,17.9,288,5556,8.44,-90,10.8,9280,0,5,1835101,
,13.4,18.0,283,5555,10.51,-90,10.5,9278,0,5,1834801,
,16.3,18.6,290,5554,8.40,-90,10.5,9277,0,5,1834501,
,16.6,19.4,283,5553,8.39,-90,10.2,9276,0,5,1834201,
,15.6,19.5,285,5552,8.42,-90,10.8,9275,0,5,1833901,
,16.8,21.6,284,5551,8.46,-90,10.5,9273,0,5,1833601,
,17.8,22.7,294,5550,8.59,-90,10.2,9272,0,5,1833301,
,19.0,23.9,291,5549,8.53,-90,10.5,9270,0,5,1833001,
,19.6,23.6,280,5548,11.17,-90,10.8,9268,0,5,1832701,
,15.2,21.0,288,5547,8.68,-90,10.2,9266,0,5,1832401,
,16.0,19.7,289,5546,8.50,-91,11.5,9264,0,5,1832101,
,18.2,22.3,285,5545,11.25,-90,10.5,9263,0,5,1831801,
,14.5,16.2,293,5544,8.67,-90,10.5,9261,0,5,1831501,
,13.1,17.1,293,5543,8.55,-90,10.8,9259,0,5,1831201,
,14.5,18.9,290,5542,8.52,-91,10.2,9257,0,5,1830901,
,11.5,14.2,289,5541,8.59,-90,10.5,9256,0,5,1830601,
,10.3,12.8,287,5540,8.53,-91,11.2,9254,0,5,1830301,
,11.7,14.6,302,5539,8.56,-91,11.5,9252,0,5,1830001,
,12.5,17.7,312,5538,8.50,-90,10.5,9250,0,5,1829701,
,16.0,19.8,305,5537,10.35,-90,10.2,9248,0,5,1829401,
,14.4,17.5,294,5536,8.53,-90,10,9247,0,5,1829101,
,12.6,17.3,288,5535,10.39,-90,10.8,9246,0,5,1828801,
,12.3,18.9,292,5534,11.26,-90,10.2,9245,0,5,1828501,
,15.2,19.4,303,5533,8.55,-91,11,9244,0,5,1828201,
,18.4,23.4,306,5532,8.59,-90,10.5,9242,0,5,1827901,
,16.7,24.3,314,5531,9.97,-90,10.5,9241,0,5,1827601,
,19.2,26.1,312,5530,8.54,-91,11.5,9239,0,5,1827301,
,17.2,19.6,282,5529,8.47,-91,12,9237,0,5,1827001,
,14.4,17.3,285,5528,11.32,-90,10.8,9235,0,5,1826701,
,13.5,16.3,281,5527,8.57,-91,11.2,9233,0,5,1826401,
,14.6,18.4,284,5526,8.45,-90,10.5,9231,0,5,1826101,
,15.0,17.7,287,5525,8.42,-91,10.8,9229,0,5,1825801,
,15.8,18.1,291,5524,8.45,-91,11,9228,0,5,1825501,
,15.7,24.0,298,5523,11.32,-90,10.2,9226,0,5,1825201,
,20.3,25.3,283,5522,11.07,-90,10.2,9224,0,5,1824901,
,12.8,18.4,294,5521,8.42,-90,10.8,9222,0,5,1824601,
,14.9,18.0,305,5520,8.58,-91,10.2,9221,0,5,1824301,
,14.5,17.0,297,5519,11.30,-91,11.2,9219,0,5,1824001,
,14.8,19.2,303,5518,11.30,-91,11,9217,0,5,1823701,
,18.3,21.9,299,5517,8.69,-91,11.5,9215,0,5,1823401,
,15.4,17.6,304,5516,8.51,-90,10.8,9213,0,5,1823101,
,18.1,20.6,301,5515,8.53,-90,10.8,9211,0,5,1822801,
,14.3,20.5,302,5514,8.53,-90,10.8,9210,0,5,1822501,
,17.2,23.0,294,5513,8.59,-90,10.5,9209,0,5,1822201,
,16.4,21.0,282,5512,8.76,-90,10.5,9208,0,5,1821901,
,15.3,20.4,282,5511,8.59,-90,10.5,9206,0,5,1821601,
,15.1,17.4,285,5510,8.61,-90,11,9204,0,5,1821301,
,13.2,15.5,287,5509,8.64,-91,11.2,9202,0,5,1821001,
,13.8,17.5,285,5508,8.66,-91,11.5,9200,0,5,1820701,
,14.6,17.2,276,5507,8.69,-91,11.2,9198,0,5,1820401,
,16.7,22.1,283,5506,8.82,-90,10.5,9197,0,5,1820101,
,23.5,29.0,287,5505,11.29,-90,10.5,9195,0,5,1819801,
,19.3,25.7,278,5504,8.87,-90,10.8,9194,0,5,1819501,
,13.1,18.1,293,5503,8.85,-90,10.8,9192,0,5,1819201,
,15.9,19.7,307,5502,8.86,-90,10.8,9190,0,5,1818901,
,17.2,21.9,304,5501,8.86,-90,10.8,9188,0,5,1818601,
,16.2,19.5,309,5500,11.42,-90,10.8,9186,0,5,1818301,
,14.6,19.3,315,5499,9.04,-90,10.8,9184,0,5,1818001,
,18.1,27.2,297,5498,9.42,-90,10.2,9182,0,5,1817701,
,15.2,18.8,301,5497,8.96,-90,10.5,9180,0,5,1817401,
,13.8,17.3,303,5496,8.98,-91,10.2,9179,0,5,1817101,
,15.0,19.1,289,5495,11.38,-91,12.2,9177,0,5,1816801,
,15.4,18.4,303,5494,8.92,-91,11.2,9176,0,5,1816501,
,15.4,18.7,299,5493,8.96,-91,10.5,9175,0,5,1816201,
,15.5,19.7,287,5492,8.91,-91,11.5,9174,0,5,1815901,
,13.7,17.8,287,5491,11.86,-90,10.8,9173,0,5,1815601,
,16.1,24.0,276,5490,8.94,-91,11.8,9171,0,5,1815301,
,18.3,24.4,269,5489,8.94,-91,11.2,9169,0,5,1815001,
,17.4,20.4,272,5488,8.95,-90,10.5,9167,0,5,1814701,
,16.3,20.4,278,5487,9.14,-90,10.8,9165,0,5,1814401,
,15.4,19.9,286,5486,11.85,-90,10.5,9163,0,5,1814101,
,15.7,18.7,294,5485,9.11,-91,10.8,9162,0,5,1813801,
,16.9,19.8,293,5484,9.08,-91,11,9161,0,5,1813501,
,15.0,20.0,289,5483,9.18,-90,11.2,9159,0,5,1813201,
,15.1,19.7,287,5482,8.97,-91,10.5,9158,0,5,1812901,
,14.5,18.8,287,5481,8.97,-91,10.5,9157,0,5,1812601,
,17.6,19.9,287,5480,9.63,-91,10.8,9155,0,5,1812301,
,15.6,18.0,286,5479,9.03,-90,10.5,9153,0,5,1812001,
,15.7,19.6,281,5478,9.05,-90,10.8,9151,0,5,1811701,
,15.9,18.4,285,5477,8.94,-90,10.5,9150,0,5,1811401,
,16.4,19.9,286,5476,11.79,-91,10.8,9148,0,5,1811101,
,17.3,19.7,289,5475,9.35,-90,10.5,9147,0,5,1810801,
,15.1,20.4,289,5474,8.97,-90,10.2,9145,0,5,1810501,
,14.0,18.0,309,5473,9.08,-90,10.2,9144,0,5,1810201,
,19.5,23.5,298,5472,11.91,-91,11.2,9143,0,5,1809901,
,16.0,21.2,298,5471,9.19,-90,10.8,9141,0,5,1809601,
,17.2,21.2,301,5470,8.91,-90,10.5,9139,0,5,1809301,
,19.4,23.7,301,5469,8.89,-90,10.5,9138,0,5,1809001,
,16.7,19.9,285,5468,9.09,-90,10.2,9137,0,5,1808701,
,17.2,24.5,282,5467,8.95,-90,10.2,9136,0,5,1808401,
,17.9,21.6,292,5466,8.92,-90,10.8,9135,0,5,1808101,
,17.2,21.8,280,5465,9.00,-91,10.5,9133,0,5,1807801,
,16.8,22.1,285,5464,8.91,-90,11,9131,0,5,1807501,
,18.2,22.2,297,5463,8.89,-90,10.5,9130,0,5,1807201,
,16.1,25.8,285,5462,9.62,-90,10.8,9128,0,5,1806901,
,19.5,22.7,274,5461,9.05,-90,10.5,9126,0,5,1806601,
,19.3,23.5,269,5460,9.09,-90,10.2,9124,0,5,1806301,
,16.3,20.1,287,5459,9.53,-90,10.5,9123,0,5,1806001,
,16.9,19.9,291,5458,11.85,-91,10.8,9122,0,5,1805701,
,17.2,20.7,282,5457,11.91,-90,10.2,9121,0,5,1805401,
,16.1,20.0,281,5456,9.23,-90,10.8,9120,0,5,1805101,
,17.9,20.5,275,5455,9.21,-91,11.2,9119,0,5,1804801,
,15.4,18.4,285,5454,9.25,-90,10.5,9118,0,5,1804501,
,18.0,22.7,279,5453,9.21,-90,11,9116,0,5,1804201,
,16.5,25.0,278,5452,9.33,-90,10.5,9115,0,5,1803901,
,23.9,27.2,290,5451,9.22,-90,10.8,9113,0,5,1803601,
,21.0,24.2,284,5450,9.11,-90,10.5,9111,0,5,1803301,
,22.1,27.1,286,5449,9.07,-90,10.5,9109,0,5,1803001,
,15.1,21.3,288,5448,9.14,-90,10.5,9108,0,5,1802701,
,17.3,23.1,297,5447,11.87,-90,10.2,9107,0,5,1802401,
,17.0,21.7,300,5446,11.23,-90,10.8,9106,0,5,1802101,
,19.3,23.0,308,5445,9.12,-90,10.8,9105,0,5,1801801,
,20.8,27.4,309,5444,8.95,-90,10.2,9104,0,5,1801501,
,21.4,25.3,302,5443,8.98,-90,10.5,9103,0,5,1801201,
,18.7,24.2,289,5442,9.04,-89,11,9102,0,5,1800901,
,17.3,22.7,281,5441,8.98,-90,11.2,9101,0,5,1800601,
,17.9,22.3,283,5440,11.84,-90,10.8,9100,0,5,1800301,
,16.6,23.6,282,5439,9.03,-90,10.5,9099,0,5,1800001,
,17.1,23.6,284,5438,8.95,-90,11,9098,0,5,1799701,
,18.5,23.4,293,5437,8.95,-90,10.5,9096,0,5,1799401,
,18.6,21.9,293,5436,8.98,-90,10.5,9094,0,5,1799101,
,14.9,18.7,285,5435,11.79,-91,10.8,9093,0,5,1798801,
,15.2,19.2,294,5434,11.78,-90,10.8,9091,0,5,1798501,
,17.4,21.0,290,5433,9.44,-90,10.5,9090,0,5,1798201,
,18.8,25.8,302,5432,9.45,-90,10.8,9089,0,5,1797901,
,19.3,25.4,290,5431,9.41,-90,10.5,9088,0,5,1797601,
,20.6,23.7,300,5430,9.44,-89,10.5,9087,0,5,1797301,
,21.3,27.3,293,5429,9.33,-90,10.5,9086,0,5,1797001,
,21.5,26.0,297,5428,9.46,-90,10.8,9085,0,5,1796701,
,18.7,24.7,302,5427,9.07,-90,11,9084,0,5,1796401,
,18.6,24.2,295,5426,9.46,-90,10.5,9083,0,5,1796101,
,20.1,25.9,298,5425,9.41,-90,10.5,9081,0,5,1795801,
,21.1,27.0,298,5424,9.42,-90,10.2,9080,0,5,1795501,
,19.2,22.0,307,5423,9.11,-90,10.5,9078,0,5,1795201,
,20.2,23.6,303,5422,8.89,-90,10.2,9077,0,5,1794901,
,18.5,24.4,298,5421,8.85,-90,11,9076,0,5,1794601,
,22.7,26.6,303,5420,8.80,-90,11,9074,0,5,1794301,
,21.0,23.7,287,5419,8.73,-90,11.2,9072,0,5,1794001,
,21.3,24.9,298,5418,8.67,-89,10.8,9070,0,5,1793701,
,20.6,24.5,303,5417,8.64,-89,10.8,9069,0,5,1793401,
,19.8,24.7,305,5416,8.65,-89,11,9068,0,5,1793101,
,17.6,22.0,309,5415,8.68,-90,10.5,9066,0,5,1792801,
,16.0,18.8,298,5414,8.71,-90,10.5,9065,0,5,1792501,
,15.9,21.8,297,5413,8.67,-91,11.2,9063,0,5,1792201,
,19.0,21.9,295,5412,8.66,-91,10.5,9061,0,5,1791901,
,17.4,21.8,297,5411,8.64,-91,11,9060,0,5,1791601,
,18.5,22.9,287,5410,8.62,-90,10.8,9059,0,5,1791301,
,15.5,20.2,289,5409,8.66,-91,10.2,9057,0,5,1791001,
,17.9,23.4,293,5408,8.68,-90,10.5,9055,0,5,1790701,
,18.0,21.8,287,5407,8.66,-90,11,9053,0,5,1790401,
,18.9,24.0,287,5406,8.65,-91,10.5,9052,0,5,1790101,
,18.9,22.6,289,5405,8.52,-91,10.5,9051,0,5,1789801,
,19.9,26.3,299,5404,8.51,-91,10.5,9050,0,5,1789501,
,14.4,20.4,297,5403,8.51,-92,10.5,9048,0,5,1789201,
,11.0,13.3,287,5402,8.51,-91,11,9047,0,5,1788901,
,12.4,17.2,288,5401,8.51,-91,10.8,9045,0,5,1788601,
,16.1,21.2,290,5400,8.51,-90,10.5,9043,0,5,1788301,
,16.2,20.7,287,5399,8.50,-91,11.5,9041,0,5,1788001,
,15.7,18.6,280,5398,8.51,-91,11,9040,0,5,1787701,
,18.7,25.0,290,5397,8.49,-90,10.5,9038,0,5,1787401,
,23.3,31.0,296,5396,8.52,-91,11,9037,0,5,1787101,
,18.9,22.5,304,5395,8.51,-90,10.5,9035,0,5,1786801,
,14.6,19.0,283,5394,8.52,-90,10.2,9033,0,5,1786501,
,18.8,21.5,300,5393,8.49,-90,10.5,9031,0,5,1786201,
,19.7,27.0,299,5392,8.48,-90,11,9029,0,5,1785901,
,19.1,24.9,292,5391,8.48,-90,11.2,9028,0,5,1785601,
,18.4,23.9,296,5390,8.47,-90,11,9027,0,5,1785301,
,18.4,23.9,296,5390,8.47,-90,11,9027,0,5,1785301,
,22.0,25.6,300,5389,8.48,-90,10.5,9026,0,5,1785001,
,19.5,24.0,305,5388,8.48,-91,11,9025,0,5,1784701,
,17.5,24.1,310,5387,8.46,-91,10.2,9024,0,5,1784401,
,15.9,21.1,313,5386,8.47,-90,10.5,9023,0,5,1784101,
,16.7,24.7,313,5385,8.45,-90,10.2,9022,0,5,1783801,
,18.2,22.5,315,5384,8.44,-91,10.5,9021,0,5,1783501,
,15.7,20.2,296,5383,8.46,-91,10.8,9020,0,5,1783201,
,14.5,21.9,307,5382,8.45,-90,10.8,9018,0,5,1782901,
,18.8,24.1,305,5381,8.46,-92,11.2,9017,0,5,1782601,
,18.0,21.8,309,5380,8.46,-91,10.8,9015,0,5,1782301,
,19.0,23.5,293,5379,8.45,-91,10.5,9013,0,5,1782001,
,21.8,26.2,297,5378,8.45,-91,11.5,9011,0,5,1781701,
,22.6,27.4,302,5377,8.46,-91,10.8,9009,0,5,1781401,
,22.2,26.6,295,5376,8.47,-90,10.8,9008,0,5,1781101,
,21.4,26.5,305,5375,8.46,-91,11,9006,0,5,1780801,
,17.9,24.8,294,5374,8.46,-90,10.2,9005,0,5,1780501,
,17.8,23.1,303,5373,8.46,-90,10.2,9004,0,5,1780201,
,16.3,21.0,301,5372,8.44,-90,11.2,9003,0,5,1779901,
,16.7,21.1,309,5371,8.45,-91,11.8,9002,0,5,1779601,
,20.5,25.0,306,5370,8.46,-90,10.8,9001,0,5,1779304,
,18.7,23.2,306,5369,8.45,-91,10.2,8999,0,5,1779001,
,15.7,23.2,296,5368,8.46,-91,10.5,8998,0,5,1778701,
,17.4,22.0,306,5367,8.47,-90,10.5,8997,0,5,1778401,
,21.3,25.9,297,5366,8.45,-90,10.8,8995,0,5,1778101,
,19.9,28.9,303,5365,8.45,-90,10.5,8993,0,5,1777801,
,21.3,24.2,303,5364,8.47,-90,10.5,8992,0,5,1777501,
,18.0,27.6,303,5363,8.50,-90,10.5,8991,0,5,1777201,
,17.0,24.2,312,5362,8.46,-91,11.2,8989,0,5,1776901,
,21.7,27.6,303,5361,8.51,-91,10.8,8988,0,5,1776601,
,22.0,30.1,307,5360,8.48,-90,10.2,8987,0,5,1776301,
,19.9,26.3,308,5359,8.47,-90,10.8,8986,0,5,1776001,
,18.6,26.1,294,5358,8.47,-90,11,8985,0,5,1775701,
,21.9,28.4,295,5357,8.49,-91,11,8983,0,5,1775401,
,20.8,24.0,298,5356,8.48,-90,10.5,8982,0,5,1775101,
,20.7,24.9,296,5355,8.48,-90,11,8981,0,5,1774801,
,20.3,23.9,302,5354,8.49,-90,10.5,8980,0,5,1774501,
,18.6,25.4,297,5353,8.47,-90,10.8,8978,0,5,1774201,
,22.8,27.5,299,5352,8.45,-90,10.5,8977,0,5,1773901,
,19.7,24.0,299,5351,8.48,-90,10.8,8975,0,5,1773601,
,19.1,22.9,301,5350,8.48,-90,10.5,8974,0,5,1773301,
,17.2,23.3,319,5349,8.48,-91,10.8,8972,0,5,1773001,
,18.1,28.3,318,5348,8.48,-89,10.8,8971,0,5,1772701,
,20.1,27.3,312,5347,8.50,-90,10.8,8969,0,5,1772401,
,20.5,27.4,307,5346,8.47,-90,10.5,8968,0,5,1772101,
,20.4,24.9,304,5345,8.47,-91,12,8967,0,5,1771801,
,21.3,26.9,308,5344,8.47,-90,11,8965,0,5,1771501,
,17.0,23.0,316,5343,8.48,-90,10.5,8964,0,5,1771201,
,19.4,25.5,309,5342,8.48,-90,10.5,8963,0,5,1770901,
,14.1,20.3,328,5341,8.47,-90,10.8,8962,0,5,1770601,
,20.6,23.3,303,5340,8.46,-90,10.2,8961,0,5,1770301,
,14.4,24.2,318,5339,8.47,-90,10.8,8960,0,5,1770001,
,20.7,26.7,313,5338,8.48,-90,10.5,8959,0,5,1769701,
,17.5,25.7,320,5337,8.45,-90,10.5,8958,0,5,1769401,
,21.1,25.8,311,5336,8.47,-91,11.2,8957,0,5,1769101,
,20.9,26.8,304,5335,8.47,-90,10.5,8956,0,5,1768801,
,15.0,21.8,313,5334,8.47,-90,10.8,8955,0,5,1768501,
,17.7,27.2,320,5333,8.45,-90,10.2,8953,0,5,1768201,
,19.3,25.1,312,5332,8.46,-90,10.5,8952,0,5,1767901,
,17.1,24.1,306,5331,8.47,-90,11,8950,0,5,1767601,
,19.1,26.9,310,5330,8.47,-91,10.8,8949,0,5,1767301,
,16.8,23.2,317,5329,8.47,-90,10.8,8947,0,5,1767001,
,19.7,25.5,311,5328,8.48,-89,10.8,8946,0,5,1766701,
,16.9,24.5,321,5327,8.49,-89,11,8944,0,5,1766401,
,16.5,25.9,319,5326,8.50,-91,10.8,8943,0,5,1766101,
,17.3,21.2,315,5325,8.50,-90,10.8,8942,0,5,1765801,
,16.2,20.0,309,5324,8.51,-90,10.5,8941,0,5,1765501,
,17.8,26.7,313,5323,8.51,-90,11,8940,0,5,1765201,
,17.4,25.3,316,5322,8.48,-90,10.2,8939,0,5,1764901,
,18.9,25.9,313,5321,8.49,-90,10.5,8937,0,5,1764601,
,18.0,24.2,305,5320,8.48,-90,10.2,8936,0,5,1764301,
,22.5,26.3,308,5319,8.50,-90,10.8,8935,0,5,1764001,
,17.9,23.3,317,5318,8.50,-89,10.8,8934,0,5,1763701,
,16.8,25.2,320,5317,8.52,-89,11,8933,0,5,1763401,
,19.7,26.0,326,5316,8.51,-89,10.8,8932,0,5,1763101,
,18.7,28.2,322,5315,8.51,-90,10.8,8931,0,5,1762801,
,19.9,29.0,321,5314,8.52,-89,11.2,8930,0,5,1762501,
,21.4,25.7,327,5313,8.52,-89,10.8,8928,0,5,1762201,
,18.7,23.3,325,5312,8.52,-89,11.2,8927,0,5,1761901,
,17.6,28.7,319,5311,8.54,-89,10.5,8926,0,5,1761601,
,18.3,22.5,320,5310,8.52,-90,10.5,8924,0,5,1761301,
,18.1,24.0,313,5309,8.56,-90,11,8923,0,5,1761001,
,16.3,24.1,319,5308,8.54,-89,10.8,8922,0,5,1760701,
,16.7,28.7,324,5307,8.52,-90,10.5,8921,0,5,1760401,
,18.6,22.9,326,5306,8.52,-90,10.8,8920,0,5,1760101,
,18.6,25.7,316,5305,8.56,-89,10.8,8919,0,5,1759801,
,19.7,26.4,311,5304,8.61,-90,10.5,8918,0,5,1759501,
,16.8,23.7,317,5303,8.60,-89,10.5,8916,0,5,1759201,
,20.8,26.5,314,5302,8.60,-89,10.8,8915,0,5,1758901,
,20.9,26.5,327,5301,8.59,-88,10.8,8914,0,5,1758601,
,19.3,25.1,325,5300,8.58,-89,10.8,8913,0,5,1758301,
,17.4,24.1,320,5299,8.55,-90,10.5,8911,0,5,1758001,
,20.0,27.6,320,5298,8.62,-89,11,8910,0,5,1757701,
,18.2,25.4,320,5297,8.57,-89,11,8908,0,5,1757401,
,17.2,25.2,321,5296,8.55,-90,10.5,8907,0,5,1757101,
,18.5,26.3,313,5295,8.60,-89,10.5,8906,0,5,1756801,
,23.3,29.2,310,5294,8.53,-88,10.8,8904,0,5,1756501,
,27.5,31.5,300,5293,8.53,-90,10.8,8903,0,5,1756201,
,25.2,31.1,306,5292,8.54,-90,10.8,8901,0,5,1755901,
,21.6,26.6,311,5291,8.59,-89,11,8900,0,5,1755601,
,20.4,28.7,314,5290,8.65,-89,10.8,8899,0,5,1755301,
,19.3,28.0,320,5289,8.61,-90,10.5,8898,0,5,1755001,
,21.0,28.2,303,5288,8.60,-89,10.5,8897,0,5,1754701,
,21.4,28.5,311,5287,8.61,-90,10.8,8896,0,5,1754401,
,21.8,31.7,317,5286,8.62,-89,11.2,8895,0,5,1754101,
,24.7,30.5,309,5285,8.63,-89,11.2,8893,0,5,1753801,
,25.1,31.1,308,5284,8.66,-90,11,8892,0,5,1753501,
,26.9,31.4,305,5283,8.61,-90,10.5,8890,0,5,1753201,
,25.9,31.7,307,5282,8.58,-90,10.5,8889,0,5,1752901,
,23.6,30.4,303,5281,8.60,-89,10.8,8888,0,5,1752601,
,25.5,31.6,303,5280,8.65,-89,10.8,8886,0,5,1752301,
,29.8,34.7,298,5279,8.64,-89,11.5,8885,0,5,1752001,
,28.2,34.8,290,5278,8.62,-89,10.8,8884,0,5,1751701,
,23.5,30.1,309,5277,8.59,-88,10.5,8883,0,5,1751401,
,23.8,34.0,311,5276,8.82,-88,11.5,8882,0,5,1751101,
,28.0,35.2,307,5275,8.57,-90,10.5,8880,0,5,1750801,
,27.9,32.4,304,5274,8.61,-90,10.5,8879,0,5,1750501,
,25.7,34.8,302,5273,8.53,-89,10.8,8877,0,5,1750201,
,27.9,35.0,306,5272,8.90,-89,10.8,8876,0,5,1749901,
,27.0,34.3,293,5271,8.65,-88,11,8874,0,5,1749601,
,24.8,32.8,295,5270,8.64,-88,11.2,8872,0,5,1749301,
,29.0,34.1,301,5269,8.60,-90,10.5,8870,0,5,1749002,
,26.2,36.1,299,5268,8.96,-89,10.8,8869,0,5,1748701,
,27.1,32.9,306,5267,8.41,-90,10.5,8867,0,5,1748401,
,19.4,27.8,312,5266,8.37,-90,10.5,8865,0,5,1748101,
,21.6,33.4,310,5265,11.36,-90,10.5,8864,0,5,1747801,
,24.6,36.0,307,5264,11.09,-89,10.8,8862,0,5,1747501,
,23.8,35.2,313,5263,8.39,-90,10.5,8861,0,5,1747201,
,21.6,29.4,306,5262,8.42,-90,10.5,8859,0,5,1746901,
,27.1,36.9,305,5261,8.39,-91,10.5,8857,0,5,1746601,
,29.2,37.1,309,5260,8.37,-89,11,8856,0,5,1746301,
,27.1,31.7,306,5259,8.37,-90,11.5,8855,0,5,1746001,
,20.8,27.8,306,5258,11.41,-90,10.5,8853,0,5,1745701,
,21.5,29.6,312,5257,8.38,-90,10.5,8851,0,5,1745401,
,23.3,34.4,308,5256,8.36,-89,10.8,8849,0,5,1745102,
,22.4,30.4,306,5255,8.39,-89,10.8,8848,0,5,1744801,
,25.5,30.4,305,5254,8.37,-89,10.8,8847,0,5,1744501,
,22.2,27.2,306,5253,8.39,-89,10.8,8846,0,5,1744201,
,22.3,29.2,308,5252,11.27,-90,10.8,8845,0,5,1743901,
,21.0,27.4,310,5251,8.45,-91,10.2,8843,0,5,1743601,
,20.1,22.8,302,5250,11.30,-90,10.5,8842,0,5,1743301,
,21.1,28.7,312,5249,9.04,-90,10.5,8841,0,5,1743001,
,18.6,23.8,321,5248,9.04,-90,10.8,8840,0,5,1742701,
,19.3,23.9,317,5247,8.36,-90,11,8839,0,5,1742401,
,17.2,26.5,316,5246,8.36,-90,10.2,8838,0,5,1742101,
,18.5,24.7,319,5245,8.36,-90,10.2,8836,0,5,1741801,
,25.8,30.8,309,5244,8.35,-90,10.8,8834,0,5,1741501,
,20.9,29.5,309,5243,8.33,-91,10.8,8833,0,5,1741202,
,23.9,30.2,310,5242,8.33,-91,10.5,8832,0,5,1740901,
,21.3,27.8,309,5241,8.35,-89,11,8830,0,5,1740601,
,22.6,32.2,312,5240,8.38,-90,10.8,8829,0,5,1740301,
,22.6,32.0,313,5239,8.39,-91,10.5,8828,0,5,1740001,
,22.2,32.1,303,5238,9.33,-90,10.2,8827,0,5,1739701,
,22.3,27.2,301,5237,11.62,-91,10.8,8825,0,5,1739401,
,24.2,29.2,295,5236,11.63,-91,11.8,8824,0,5,1739102,
,20.5,28.3,300,5235,11.64,-90,10.5,8822,0,5,1738801,
,23.1,29.1,298,5234,11.66,-90,10.5,8820,0,5,1738501,
,22.9,29.8,301,5233,11.66,-90,10.8,8819,0,5,1738201,
,19.2,27.6,302,5232,11.66,-90,10.5,8818,0,5,1737901,
,24.2,29.2,307,5231,11.69,-90,10.2,8816,0,5,1737601,
,25.2,31.3,296,5230,11.69,-90,10.5,8815,0,5,1737302,
,25.1,30.8,291,5229,11.72,-90,10.5,8813,0,5,1737001,
,25.5,34.6,293,5228,11.74,-90,10.8,8812,0,5,1736701,
,29.4,37.0,304,5227,11.77,-89,10.8,8811,0,5,1736401,
,29.2,36.5,299,5226,11.79,-90,10.5,8809,0,5,1736101,
,25.5,30.2,282,5225,11.82,-91,11,8808,0,5,1735801,
,26.8,34.5,285,5224,11.85,-90,10.5,8807,0,5,1735501,
,26.3,32.4,286,5223,11.87,-90,11,8805,0,5,1735202,
,22.6,32.9,286,5222,11.90,-90,11,8803,0,5,1734901,
,24.6,30.6,287,5221,11.97,-90,10.2,8801,0,5,1734601,
,26.0,32.0,291,5220,12.02,-90,10.5,8800,0,5,1734301,
,25.1,31.7,291,5219,12.05,-90,10.8,8799,0,5,1734001,
,23.9,32.4,286,5218,12.11,-90,10.5,8798,0,5,1733701,
,28.1,33.2,284,5217,12.15,-90,10.2,8797,0,5,1733402,
,22.7,33.4,289,5216,12.15,-90,10.2,8795,0,5,1733101,
,26.6,33.5,284,5215,12.16,-90,10.8,8794,0,5,1732801,
,23.0,29.8,287,5214,12.19,-90,10.8,8793,0,5,1732501,
,26.3,33.5,287,5213,12.18,-90,10.8,8791,0,5,1732201,
,24.5,38.8,294,5212,12.17,-90,10.2,8790,0,5,1731901,
,31.0,37.2,291,5211,12.21,-90,10.5,8789,0,5,1731601,
,26.6,31.2,287,5210,12.17,-91,10.8,8788,0,5,1731302,
,23.8,35.8,276,5209,12.18,-90,10.8,8787,0,5,1731001,
,25.8,37.3,281,5208,12.21,-90,10.5,8786,0,5,1730701,
,28.1,35.1,278,5207,12.21,-90,10.2,8784,0,5,1730401,
,26.2,33.5,276,5206,12.20,-90,10.5,8783,0,5,1730101,
,24.5,32.5,287,5205,12.21,-90,10.2,8782,0,5,1729801,
,23.0,30.2,287,5204,12.19,-90,10.2,8781,0,5,1729502,
,22.5,28.5,286,5203,12.19,-90,10.5,8780,0,5,1729202,
,24.0,28.8,289,5202,12.20,-90,10.5,8779,0,5,1728901,
,23.9,29.4,281,5201,12.22,-90,10.5,8778,0,5,1728601,
,23.4,32.6,285,5200,12.21,-90,10.5,8777,0,5,1728301,
,28.5,34.5,278,5199,12.22,-90,10.2,8776,0,5,1728001,
,22.9,28.4,284,5198,12.21,-90,10.5,8775,0,5,1727701,
,26.6,33.0,277,5197,12.18,-90,10.2,8774,0,5,1727402,
,28.2,35.3,275,5196,12.19,-91,10.8,8773,0,5,1727101,
,27.8,35.9,276,5195,12.21,-90,10.5,8772,0,5,1726801,
,28.2,33.2,274,5194,12.22,-89,10.8,8771,0,5,1726501,
,26.8,31.9,282,5193,12.21,-90,10.5,8770,0,5,1726201,
,25.5,32.7,265,5192,12.22,-90,10.5,8769,0,5,1725901,
,22.6,29.2,279,5191,12.19,-91,11.2,8768,0,5,1725602,
,26.9,34.0,274,5190,12.19,-90,10.8,8767,0,5,1725302,
,26.0,31.6,277,5189,12.21,-89,10.8,8766,0,5,1725001,
,23.9,33.3,282,5188,12.22,-89,10.2,8765,0,5,1724701,
,22.4,28.9,282,5187,12.21,-91,10.5,8764,0,5,1724401,
,24.0,30.5,286,5186,12.22,-89,10.5,8763,0,5,1724101,
,26.9,33.7,291,5185,12.22,-90,10.5,8762,0,5,1723801,
,24.0,31.7,284,5184,12.20,-90,10.5,8761,0,5,1723502,
,25.3,36.2,291,5183,12.20,-89,10.8,8760,0,5,1723201,
,25.6,33.2,281,5182,12.22,-90,10.5,8759,0,5,1722901,
,26.8,34.4,278,5181,12.23,-89,10.5,8758,0,5,1722601,
,30.0,35.0,272,5180,12.18,-90,10.5,8757,0,5,1722301,
,26.3,32.2,280,5179,12.17,-90,10.8,8756,0,5,1722001,
,24.7,30.1,275,5178,12.15,-90,10.8,8755,0,5,1721702,
,24.4,33.0,283,5177,12.15,-90,10.2,8754,0,5,1721402,
,26.5,36.2,281,5176,12.13,-89,10.5,8753,0,5,1721101,
,27.9,34.0,285,5175,12.13,-90,10.5,8752,0,5,1720801,
,27.3,32.7,285,5174,12.12,-89,10.5,8751,0,5,1720501,
,29.0,34.1,290,5173,12.13,-89,10.8,8750,0,5,1720201,
,25.9,35.1,282,5172,12.14,-90,10.2,8749,0,5,1719901,
,30.6,37.9,287,5171,12.11,-89,11,8748,0,5,1719602,
,31.9,39.5,289,5170,12.12,-88,11,8747,0,5,1719302,
,27.2,37.9,284,5169,12.12,-89,10.8,8746,0,5,1719001,
,30.9,36.7,299,5168,12.11,-90,10.5,8745,0,5,1718701,
,27.4,40.2,292,5167,12.13,-89,10.8,8743,0,5,1718401,
,28.6,37.0,281,5166,12.12,-90,10.2,8742,0,5,1718101,
,32.1,40.0,281,5165,12.13,-88,9.8,8741,0,5,1717802,
,32.0,38.9,285,5164,12.15,-90,10.2,8740,0,5,1717502,
,29.4,37.5,290,5163,12.16,-90,10.2,8739,0,5,1717201,
,28.7,35.1,284,5162,12.19,-89,10.8,8738,0,5,1716901,
,29.2,37.4,290,5161,12.19,-89,10.8,8737,0,5,1716601,
,27.8,39.4,284,5160,12.18,-89,10.8,8736,0,5,1716301,
,30.8,38.0,285,5159,12.17,-90,10.5,8735,0,5,1716001,
,29.3,36.0,282,5158,12.15,-90,10.5,8734,0,5,1715702,
,29.7,36.2,284,5157,12.15,-90,10.2,8733,0,5,1715402,
,28.8,36.0,290,5156,12.13,-90,10.2,8732,0,5,1715101,
,25.6,36.1,285,5155,12.15,-90,10.5,8731,0,5,1714801,
,27.2,36.8,290,5154,12.15,-90,10.5,8730,0,5,1714501,
,29.4,35.6,300,5153,12.16,-89,10.5,8729,0,5,1714201,
,29.3,40.9,297,5152,12.16,-90,10.8,8728,0,5,1713902,
,31.1,40.0,295,5151,12.16,-90,10.2,8727,0,5,1713602,
,28.4,37.1,290,5150,12.16,-89,10.8,8726,0,5,1713302,
,31.4,37.8,292,5149,12.17,-90,10.5,8725,0,5,1713002,
,28.9,36.5,290,5148,12.17,-90,10.5,8724,0,5,1712702,
,25.3,34.3,296,5147,12.15,-89,10.8,8723,0,5,1712402,
,28.2,34.1,293,5146,12.16,-88,10.5,8722,0,5,1712102,
,26.9,35.9,288,5145,12.16,-90,10.2,8720,0,5,1711802,
,26.2,34.3,290,5144,12.17,-88,11.2,8719,0,5,1711502,
,28.5,34.6,296,5143,12.17,-90,10.2,8718,0,5,1711202,
,30.1,36.7,296,5142,12.17,-90,10,8717,0,5,1710902,
,32.8,38.3,295,5141,12.17,-90,10.5,8716,0,5,1710602,
,28.5,38.4,288,5140,12.14,-89,10.8,8715,0,5,1710302,
,30.5,36.6,293,5139,12.16,-88,11,8714,0,5,1710002,
,34.6,44.0,290,5138,12.16,-89,11,8713,0,5,1709702,
,30.8,38.4,279,5137,12.18,-89,10.8,8712,0,5,1709402,
,27.3,36.2,292,5136,12.19,-89,10.8,8711,0,5,1709102,
,27.8,34.1,277,5135,12.20,-90,10.5,8709,0,5,1708802,
,29.4,36.6,282,5134,12.18,-90,11,8708,0,5,1708502,
,27.3,40.7,282,5133,12.19,-90,10.5,8707,0,5,1708202,
,31.5,37.0,280,5132,11.95,-89,10.8,8706,0,5,1707902,
,29.2,38.5,290,5131,11.93,-90,10.5,8705,0,5,1707602,
,32.1,39.6,283,5130,11.89,-90,10.2,8704,0,5,1707302,
,26.9,34.9,287,5129,11.92,-90,10.8,8703,0,5,1707002,
,28.6,37.2,283,5128,11.81,-90,10,8702,0,5,1706702,
,33.6,41.5,273,5127,11.78,-90,10.5,8701,0,5,1706402,
,28.3,39.3,271,5126,11.79,-90,10.2,8700,0,5,1706102,
,34.5,45.0,272,5125,11.78,-90,10.8,8699,0,5,1705802,
,28.1,35.0,276,5124,11.84,-90,10.5,8698,0,5,1705502,
,28.8,32.7,273,5123,11.86,-90,10.5,8697,0,5,1705202,
,27.8,33.7,279,5122,11.92,-90,10.8,8696,0,5,1704902,
,27.7,35.6,277,5121,11.89,-90,10.5,8695,0,5,1704602,
,31.5,36.4,272,5120,11.88,-90,10.5,8694,0,5,1704302,
,31.3,38.1,270,5119,11.84,-89,10.8,8693,0,5,1704002,
,31.8,40.3,269,5118,11.83,-91,11.2,8692,0,5,1703702,
,27.8,36.1,271,5117,11.82,-89,10.5,8691,0,5,1703402,
,30.0,37.7,274,5116,11.84,-90,10.2,8690,0,5,1703102,
,27.3,36.7,282,5115,11.78,-89,10.5,8689,0,5,1702802,
,30.5,36.9,273,5114,11.74,-89,10.5,8688,0,5,1702502,
,30.3,37.5,274,5113,11.75,-88,10.8,8687,0,5,1702202,
,27.9,34.9,265,5112,11.76,-89,10.5,8686,0,5,1701902,
,32.0,39.7,267,5111,11.79,-91,11,8685,0,5,1701602,
,28.2,33.9,271,5110,11.81,-90,10.5,8684,0,5,1701302,
,30.1,37.0,266,5109,11.80,-90,10.8,8683,0,5,1701002,
,25.0,29.7,271,5108,11.71,-90,10.2,8682,0,5,1700702,
,27.0,34.0,266,5107,11.68,-89,10.5,8681,0,5,1700402,
,29.8,34.3,268,5106,11.61,-91,10.8,8680,0,5,1700102,
,28.3,35.4,268,5105,11.62,-90,11.2,8679,0,5,1699802,
,29.5,35.8,272,5104,11.59,-90,10.5,8678,0,5,1699502,
,27.1,35.5,270,5103,11.60,-91,10.2,8677,0,5,1699202,
,31.6,37.9,269,5102,11.61,-90,10.8,8676,0,5,1698902,
,31.9,40.0,273,5101,11.61,-90,10,8675,0,5,1698602,
,34.9,43.1,280,5100,11.61,-90,10.8,8673,0,5,1698302,
,34.0,44.2,273,5099,11.60,-90,11,8672,0,5,1698002,
,33.4,41.5,265,5098,11.59,-90,10.2,8671,0,5,1697702,
,30.6,35.4,262,5097,11.62,-89,10.5,8670,0,5,1697402,
,29.0,36.5,267,5096,11.61,-90,10.2,8669,0,5,1697102,
,29.8,38.5,267,5095,11.59,-90,10.8,8668,0,5,1696802,
,28.6,36.1,265,5094,11.60,-90,10.5,8667,0,5,1696502,
,28.5,35.9,265,5093,11.58,-90,10.2,8666,0,5,1696202,
,23.3,30.0,264,5092,11.57,-90,11,8665,0,5,1695902,
,26.0,32.5,278,5091,11.60,-90,10.2,8664,0,5,1695602,
,29.0,45.8,275,5090,11.61,-90,10.2,8663,0,5,1695302,
,28.0,38.5,259,5089,11.61,-91,11,8662,0,5,1695002,
,27.7,34.1,266,5088,11.60,-90,10.8,8661,0,5,1694702,
,27.8,33.3,263,5087,11.59,-90,11.5,8660,0,5,1694402,
,26.6,33.3,259,5086,11.60,-90,10,8659,0,5,1694102,
,30.7,36.7,254,5085,11.58,-91,10.8,8658,0,5,1693802,
,25.5,31.3,255,5084,11.57,-91,11,8657,0,5,1693502,
,27.1,32.5,258,5083,11.60,-91,10.5,8655,0,5,1693202,
,27.3,34.5,259,5082,11.60,-91,10.5,8654,0,5,1692902,
,28.0,35.4,265,5081,11.59,-90,10.8,8653,0,5,1692602,
,27.6,35.3,264,5080,11.58,-89,11,8651,0,5,1692302,
,28.5,34.5,268,5079,11.57,-90,10.2,8650,0,5,1692002,
,26.9,32.5,260,5078,11.59,-90,10.2,8649,0,5,1691702,
,26.3,29.9,260,5077,11.58,-90,10.2,8648,0,5,1691402,
,25.0,28.1,259,5076,11.59,-91,11,8647,0,5,1691102,
,23.6,28.2,260,5075,11.58,-90,10.5,8646,0,5,1690802,
,24.3,27.7,256,5074,11.58,-91,11.2,8644,0,5,1690502,
,24.7,29.3,251,5073,11.56,-90,10.5,8643,0,5,1690202,
,24.0,30.0,251,5072,11.58,-91,10.8,8642,0,5,1689902,
,24.9,32.4,260,5071,11.58,-91,11.2,8641,0,5,1689602,
,25.0,30.1,259,5070,11.59,-91,10.2,8640,0,5,1689302,
,23.5,29.5,260,5069,11.59,-90,10.8,8639,0,5,1689002,
,22.9,29.2,255,5068,11.60,-90,11,8638,0,5,1688702,
,23.2,26.4,251,5067,11.58,-90,10.2,8637,0,5,1688402,
,24.3,28.0,252,5066,11.57,-92,10.2,8635,0,5,1688102,
,23.4,28.3,250,5065,11.58,-91,9.8,8633,0,5,1687802,
,22.0,25.9,250,5064,11.57,-91,10.5,8632,0,5,1687502,
,19.9,26.9,254,5063,11.58,-92,10.5,8631,0,5,1687202,
,21.3,25.0,258,5062,11.58,-91,11.5,8630,0,5,1686902,
,18.7,22.2,258,5061,11.57,-91,10.5,8629,0,5,1686602,
,14.2,18.9,244,5060,11.57,-92,10.8,8628,0,5,1686302,
,16.2,18.5,246,5059,11.56,-91,10.5,8626,0,5,1686002,
,14.7,18.9,243,5058,11.59,-91,10.8,8625,0,5,1685702,
,14.5,17.0,239,5057,11.59,-92,11.5,8623,0,5,1685402,
,14.9,17.3,239,5056,11.58,-92,10.8,8621,0,5,1685102,
,15.0,17.8,238,5055,11.59,-91,10.5,8620,0,5,1684802,
,16.2,18.4,247,5054,11.58,-92,10.5,8618,0,5,1684502,
,16.7,20.9,251,5053,11.57,-91,11.2,8616,0,5,1684202,
,18.6,21.5,263,5052,11.58,-91,11,8615,0,5,1683902,
,15.7,17.8,257,5051,11.59,-91,10.5,8614,0,5,1683602,
,12.4,15.4,250,5050,11.58,-92,11.2,8612,0,5,1683302,
,13.4,15.5,243,5049,11.60,-91,11,8610,0,5,1683002,
,13.4,16.6,252,5048,11.59,-92,10.5,8608,0,5,1682702,
,13.6,17.5,250,5047,11.58,-91,11.5,8607,0,5,1682402,
,13.1,18.6,257,5046,11.57,-92,10.8,8605,0,5,1682102,
,15.3,17.7,255,5045,11.58,-92,10.8,8603,0,5,1681802,
,14.3,16.4,255,5044,11.59,-92,10.2,8601,0,5,1681502,
,14.1,18.2,252,5043,11.59,-92,10.8,8599,0,5,1681202,
,13.3,18.9,243,5042,11.59,-90,11.5,8597,0,5,1680902,
,13.4,15.5,242,5041,11.58,-91,10.5,8596,0,5,1680602,
,15.7,19.8,248,5040,11.58,-91,10.2,8594,0,5,1680302,
,14.9,17.9,247,5039,11.58,-91,10.8,8592,0,5,1680002,
,15.4,18.0,249,5038,11.59,-92,10.5,8591,0,5,1679702,
,10.8,13.8,256,5037,11.59,-92,10.8,8589,0,5,1679402,
,10.9,12.1,250,5036,11.59,-91,11,8587,0,5,1679102,
,9.5,11.5,243,5035,11.58,-91,11,8586,0,5,1678802,
,9.4,13.1,251,5034,11.55,-91,10.8,8585,0,5,1678502,
,11.7,17.5,243,5033,11.56,-92,10,8583,0,5,1678202,
,14.3,19.7,259,5032,11.55,-91,10.8,8581,0,5,1677902,
,16.7,19.9,281,5031,11.58,-91,11,8579,0,5,1677602,
,9.8,12.0,260,5030,11.58,-91,11.2,8578,0,5,1677302,
,10.7,13.9,255,5029,11.57,-92,10.8,8577,0,5,1677002,
,11.0,13.2,253,5028,11.55,-92,10.2,8576,0,5,1676702,
,13.4,16.0,245,5027,11.57,-92,11.8,8575,0,5,1676402,
,14.0,15.8,249,5026,11.58,-92,10.2,8574,0,5,1676102,
,12.6,14.5,250,5025,11.58,-91,11,8573,0,5,1675802,
,8.2,10.3,228,5024,11.55,-91,10.8,8572,0,5,1675502,
,7.9,10.0,228,5023,11.60,-92,10.5,8570,0,5,1675202,
,8.4,9.7,217,5022,11.59,-91,10.2,8569,0,5,1674902,
,7.6,10.0,214,5021,11.54,-92,11,8567,0,5,1674602,
,7.8,9.5,211,5020,11.55,-91,10.2,8566,0,5,1674302,
,8.6,10.2,211,5019,11.57,-91,10.5,8565,0,5,1674002,
,8.6,11.4,218,5018,11.56,-92,10.8,8563,0,5,1673702,
,10.2,14.9,217,5017,11.57,-91,10.8,8561,0,5,1673402,
,11.5,16.8,220,5016,11.58,-92,10.8,8559,0,5,1673102,
,13.6,18.0,218,5015,11.58,-92,11,8557,0,5,1672802,
,15.7,17.9,214,5014,11.57,-91,10.5,8555,0,5,1672502,
,11.1,14.4,205,5013,11.55,-92,11.5,8554,0,5,1672202,
,12.8,14.7,196,5012,11.59,-92,11,8552,0,5,1671902,
,9.1,11.1,225,5011,11.60,-91,10.8,8550,0,5,1671602,
,8.2,9.6,231,5010,11.56,-91,10.8,8549,0,5,1671302,
,8.0,9.9,246,5009,11.59,-91,11,8547,0,5,1671002,
,7.4,8.6,246,5008,11.56,-91,10.8,8546,0,5,1670702,
,7.0,9.0,246,5007,11.57,-91,11,8544,0,5,1670402,
,7.9,9.3,268,5006,11.56,-91,11,8542,0,5,1670102,
,8.6,10.3,260,5005,11.58,-91,11,8540,0,5,1669802,
,9.3,11.1,259,5004,11.58,-91,10.8,8538,0,5,1669502,
,8.5,10.7,264,5003,11.57,-91,10.8,8536,0,5,1669202,
,10.0,11.3,264,5002,11.54,-91,10.2,8534,0,5,1668902,
,9.4,11.8,280,5001,11.56,-92,10.2,8533,0,5,1668602,
,8.7,11.0,287,5000,11.56,-91,10.2,8531,0,5,1668302,
,9.0,10.7,288,4999,11.57,-91,11.8,8530,0,5,1668002,
,10.2,11.7,295,4998,11.58,-91,11.2,8528,0,5,1667702,
,9.6,11.3,289,4997,11.57,-91,11,8526,0,5,1667402,
,10.6,12.2,306,4996,11.58,-91,11,8524,0,5,1667102,
,11.3,13.7,301,4995,11.57,-91,11,8522,0,5,1666802,
,11.3,13.5,300,4994,11.56,-91,10.8,8520,0,5,1666502,
,10.2,13.4,301,4993,11.59,-90,10.8,8519,0,5,1666202,
,11.4,13.9,293,4992,11.59,-90,10.8,8517,0,5,1665902,
,9.9,11.8,294,4991,11.59,-91,11,8516,0,5,1665602,
,10.1,11.9,290,4990,11.60,-91,11.2,8514,0,5,1665302,
,9.4,12.0,301,4989,11.56,-91,11,8512,0,5,1665002,
,11.2,14.4,294,4988,11.58,-91,11,8510,0,5,1664702,
,14.2,16.0,298,4987,11.59,-91,10.2,8509,0,5,1664402,
,12.3,21.8,300,4986,11.60,-91,11,8507,0,5,1664102,
,19.4,22.3,295,4985,11.61,-91,10.5,8506,0,5,1663802,
,17.3,21.7,280,4984,11.60,-91,10.5,8504,0,5,1663502,
,13.3,16.8,252,4983,11.61,-91,10.8,8502,0,5,1663202,
,10.2,12.1,270,4982,11.60,-91,11,8500,0,5,1662902,
,10.9,14.4,276,4981,11.60,-91,10.5,8498,0,5,1662602,
,13.2,17.5,280,4980,11.62,-91,10.8,8496,0,5,1662302,
,14.9,17.3,267,4979,11.62,-90,10.8,8494,0,5,1662002,
,11.7,15.3,272,4978,11.62,-90,10.8,8492,0,5,1661702,
,15.6,17.3,275,4977,11.60,-91,11,8491,0,5,1661402,
,13.8,15.6,279,4976,11.61,-90,11,8489,0,5,1661102,
,12.8,15.6,289,4975,11.60,-91,10.5,8487,0,5,1660802,
,10.8,12.8,278,4974,11.63,-91,10.8,8485,0,5,1660502,
,12.2,14.0,270,4973,11.62,-91,11,8483,0,5,1660202,
,14.2,17.5,285,4972,11.62,-91,11.2,8481,0,5,1659902,
,12.5,15.1,279,4971,11.63,-91,11.8,8479,0,5,1659602,
,14.3,17.4,273,4970,11.62,-91,11,8477,0,5,1659302,
,13.8,15.9,281,4969,11.59,-91,11.2,8476,0,5,1659002,
,12.9,15.9,281,4968,11.60,-90,10.2,8475,0,5,1658702,
,9.9,14.8,252,4967,11.61,-91,11.2,8474,0,5,1658402,
,9.4,11.8,254,4966,11.61,-91,11.5,8472,0,5,1658102,
,12.6,21.3,262,4965,11.61,-91,10.5,8470,0,5,1657802,
,12.6,15.2,277,4964,11.61,-91,10.5,8468,0,5,1657502,
,10.0,11.9,282,4963,11.60,-91,10.2,8467,0,5,1657202,
,9.2,10.8,278,4962,11.59,-91,10.5,8466,0,5,1656902,
,8.9,11.6,290,4961,11.60,-91,11,8465,0,5,1656602,
,10.3,12.1,274,4960,11.62,-91,11,8463,0,5,1656302,
,9.7,11.2,266,4959,11.60,-91,11.5,8461,0,5,1656002,
,10.2,13.0,270,4958,11.59,-91,11.2,8459,0,5,1655702,
,12.0,14.5,267,4957,11.59,-91,11,8457,0,5,1655402,
,11.8,13.0,263,4956,11.59,-91,10.8,8455,0,5,1655102,
,8.7,11.3,271,4955,11.60,-91,11.8,8453,0,5,1654802,
,10.8,14.0,271,4954,11.60,-91,11.8,8452,0,5,1654502,
,13.1,15.1,270,4953,11.60,-91,11.2,8450,0,5,1654202,
,13.9,15.9,277,4952,11.61,-91,10.8,8449,0,5,1653902,
,13.0,17.1,285,4951,11.60,-91,10.8,8447,0,5,1653602,
,11.7,14.2,280,4950,11.59,-92,10.5,8445,0,5,1653302,
,11.6,12.9,279,4949,11.60,-91,11.5,8443,0,5,1653002,
,11.7,13.2,289,4948,11.61,-91,10.8,8441,0,5,1652702,
,12.7,17.5,296,4947,11.61,-91,10.5,8439,0,5,1652402,
,14.5,17.0,302,4946,11.62,-92,10.2,8437,0,5,1652102,
,15.5,17.7,296,4945,11.63,-90,10.2,8435,0,5,1651802,
,12.8,16.4,289,4944,11.64,-90,10.5,8433,0,5,1651502,
,15.2,17.0,298,4943,11.62,-91,11.5,8431,0,5,1651202,
,16.1,18.8,301,4942,11.62,-91,11.2,8429,0,5,1650902,
,10.0,11.7,298,4941,11.62,-91,11.2,8427,0,5,1650602,
,11.3,12.8,303,4940,11.61,-90,10.8,8425,0,5,1650302,
,10.9,16.4,302,4939,11.64,-91,11.2,8423,0,5,1650002,
,14.8,19.2,305,4938,11.67,-91,10.5,8422,0,5,1649702,
,16.9,19.8,301,4937,11.68,-91,11.2,8420,0,5,1649402,
,13.2,17.5,283,4936,11.67,-90,10.5,8418,0,5,1649102,
,16.3,18.8,284,4935,11.72,-91,11,8416,0,5,1648802,
,15.8,22.4,273,4934,11.78,-90,10.2,8414,0,5,1648502,
,19.3,26.1,255,4933,11.80,-91,11.2,8413,0,5,1648202,
,20.3,25.4,286,4932,11.84,-90,10.5,8412,0,5,1647902,
,15.1,18.3,288,4931,11.89,-91,10.5,8410,0,5,1647602,
,15.4,17.5,290,4930,11.91,-91,11.8,8409,0,5,1647302,
,14.8,18.1,284,4929,11.95,-91,10.8,8407,0,5,1647002,
,15.6,20.1,281,4928,12.01,-91,10.8,8406,0,5,1646702,
,14.4,20.5,276,4927,12.10,-91,10.8,8404,0,5,1646402,
,17.3,22.3,270,4926,12.13,-91,11.2,8402,0,5,1646102,
,17.7,22.7,270,4925,12.10,-90,10.8,8400,0,5,1645802,
,14.5,21.6,283,4924,12.15,-90,10.5,8399,0,5,1645502,
,17.0,21.1,283,4923,12.15,-90,10,8398,0,5,1645202,
,17.5,22.0,282,4922,12.17,-91,10.8,8397,0,5,1644902,
,20.7,24.3,274,4921,12.18,-91,11.2,8395,0,5,1644602,
,18.6,22.3,277,4920,12.17,-91,10.2,8394,0,5,1644302,
,17.4,19.7,275,4919,12.18,-92,10.5,8393,0,5,1644002,
,17.2,21.2,273,4918,12.18,-91,10.5,8391,0,5,1643702,
,15.8,19.5,272,4917,12.17,-91,10.8,8390,0,5,1643402,
,16.2,20.4,288,4916,12.16,-90,10.2,8389,0,5,1643102,
,17.4,20.2,286,4915,12.18,-91,11,8387,0,5,1642802,
,15.4,19.7,282,4914,12.18,-90,11.2,8386,0,5,1642502,
,15.7,19.1,290,4913,12.18,-91,10.8,8385,0,5,1642202,
,17.4,21.7,281,4912,12.19,-91,10.5,8383,0,5,1641902,
,15.7,22.3,268,4911,12.17,-90,10.2,8381,0,5,1641602,
,17.3,21.5,269,4910,12.19,-91,10.2,8380,0,5,1641302,
,15.9,19.6,263,4909,12.22,-90,10.5,8378,0,5,1641002,
,16.4,19.6,259,4908,12.22,-91,11.5,8376,0,5,1640702,
,18.2,21.1,256,4907,12.22,-91,10.5,8374,0,5,1640402,
,18.3,23.1,258,4906,12.22,-90,11,8373,0,5,1640102,
,15.2,19.1,257,4905,12.22,-92,10.8,8372,0,5,1639802,
,18.1,23.4,273,4904,12.20,-91,10.5,8371,0,5,1639502,
,20.8,25.7,282,4903,12.21,-91,11,8370,0,5,1639202,
,24.8,31.4,277,4902,12.23,-90,10.8,8368,0,5,1638902,
,23.9,28.4,280,4901,12.23,-90,10.2,8366,0,5,1638602,
,22.3,27.9,279,4900,12.23,-91,10.2,8364,0,5,1638302,
,13.6,25.1,259,4899,12.23,-90,10.8,8362,0,5,1638002,
,19.8,24.0,270,4898,12.23,-91,10.5,8361,0,5,1637702,
,21.7,29.5,259,4897,12.23,-91,10.2,8360,0,5,1637402,
,23.4,31.9,259,4896,12.25,-91,10.8,8359,0,5,1637102,
,16.2,19.9,249,4895,12.27,-90,10.5,8358,0,5,1636802,
,17.8,20.6,255,4894,12.27,-90,10.8,8357,0,5,1636502,
,16.4,22.8,250,4893,12.26,-91,11,8356,0,5,1636202,
,21.1,26.1,255,4892,12.26,-91,11.5,8355,0,5,1635902,
,19.4,24.0,257,4891,12.25,-91,11,8354,0,5,1635602,
,17.8,24.6,254,4890,12.25,-90,10.5,8353,0,5,1635302,
,17.5,23.8,261,4889,12.27,-91,10.8,8352,0,5,1635002,
,18.5,22.7,266,4888,12.27,-90,10,8351,0,5,1634702,
,19.0,23.3,272,4887,12.29,-90,10.8,8349,0,5,1634402,
,18.8,25.6,266,4886,12.29,-91,11.2,8347,0,5,1634102,
,21.0,24.2,263,4885,12.27,-90,11,8346,0,5,1633802,
,21.4,27.6,269,4884,12.26,-91,10.2,8344,0,5,1633502,
,24.3,29.8,262,4883,12.26,-91,10.2,8343,0,5,1633202,
,25.9,32.6,264,4882,12.27,-90,10.5,8342,0,5,1632902,
,20.5,25.0,274,4881,12.26,-90,10.5,8341,0,5,1632602,
,22.8,29.5,269,4880,12.27,-91,10.8,8340,0,5,1632302,
,22.2,26.9,261,4879,12.27,-90,10.2,8339,0,5,1632002,
,22.6,25.8,267,4878,12.26,-91,11,8337,0,5,1631702,
,19.0,24.1,260,4877,12.25,-90,10.5,8336,0,5,1631402,
,16.6,22.5,281,4876,12.26,-90,10,8335,0,5,1631102,
,21.3,24.5,276,4875,12.25,-90,10.8,8334,0,5,1630802,
,19.0,23.3,270,4874,12.25,-90,10,8332,0,5,1630502,
,20.5,23.0,266,4873,12.25,-91,11.2,8331,0,5,1630202,
,21.7,25.5,268,4872,12.23,-90,10.8,8330,0,5,1629902,
,21.4,28.8,267,4871,12.24,-90,10.5,8329,0,5,1629602,
,17.2,20.9,267,4870,12.24,-90,10.8,8328,0,5,1629302,
,18.5,24.5,257,4869,12.25,-90,10.5,8326,0,5,1629002,
,19.8,24.2,256,4868,12.24,-91,10.8,8325,0,5,1628702,
,20.7,28.7,252,4867,12.24,-91,11.2,8324,0,5,1628402,
,24.8,30.2,261,4866,12.25,-90,10.2,8323,0,5,1628102,
,27.4,34.0,255,4865,12.24,-90,10.8,8322,0,5,1627802,
,24.6,32.5,266,4864,12.26,-90,10.8,8320,0,5,1627502,
,21.3,26.1,263,4863,12.30,-90,10.5,8319,0,5,1627202,
,21.0,25.6,268,4862,12.33,-90,11,8318,0,5,1626902,
,24.3,27.3,271,4861,12.32,-90,10.5,8316,0,5,1626602,
,21.6,26.3,267,4860,12.32,-91,10.8,8315,0,5,1626302,
,19.9,24.8,279,4859,12.30,-90,10.2,8314,0,5,1626002,
,20.6,24.7,283,4858,12.30,-91,10,8313,0,5,1625702,
,20.0,29.0,278,4857,12.30,-90,10.5,8312,0,5,1625402,
,21.5,28.6,275,4856,12.31,-91,10.5,8311,0,5,1625102,
,22.0,27.7,278,4855,12.31,-90,10.5,8310,0,5,1624802,
,23.0,27.0,274,4854,12.30,-90,10.5,8308,0,5,1624502,
,22.2,28.9,270,4853,12.28,-90,10.5,8307,0,5,1624202,
,21.4,27.5,278,4852,12.27,-91,10.8,8306,0,5,1623902,
,19.9,26.4,272,4851,12.25,-91,10.5,8305,0,5,1623602,
,23.4,27.4,271,4850,12.25,-90,10.5,8304,0,5,1623302,
,21.5,23.5,276,4849,12.24,-91,10.2,8302,0,5,1623002,
,19.4,24.3,267,4848,12.25,-90,10.8,8301,0,5,1622702,
,16.9,23.5,269,4847,12.25,-90,11,8300,0,5,1622402,
,18.6,22.0,270,4846,12.23,-90,10.2,8299,0,5,1622102,
,17.1,20.3,265,4845,11.97,-90,10.2,8298,0,5,1621802,
,17.6,22.2,282,4844,11.89,-90,10.5,8297,0,5,1621502,
,21.0,29.8,267,4843,11.87,-90,10.5,8296,0,5,1621202,
,26.0,31.4,265,4842,11.87,-90,10.2,8295,0,5,1620902,
,25.2,30.1,269,4841,11.90,-90,10.5,8293,0,5,1620602,
,23.2,27.4,273,4840,11.90,-90,10.2,8291,0,5,1620302,
,18.7,28.3,277,4839,11.83,-90,10.5,8290,0,5,1620002,
,20.5,26.4,270,4838,11.83,-90,10.2,8289,0,5,1619702,
,18.4,24.0,264,4837,11.88,-89,10.8,8287,0,5,1619402,
,17.9,21.0,277,4836,12.01,-89,10.5,8286,0,5,1619102,
,18.9,23.4,286,4835,11.97,-91,10.5,8285,0,5,1618802,
,19.2,23.2,265,4834,11.91,-91,10.8,8284,0,5,1618502,
,19.2,22.3,281,4833,11.87,-91,11.2,8283,0,5,1618202,
,19.4,25.0,275,4832,11.92,-90,10.5,8282,0,5,1617902,
,16.6,20.2,270,4831,11.96,-90,10.2,8281,0,5,1617602,
,20.3,25.1,267,4830,11.96,-91,10.8,8280,0,5,1617302,
,21.5,25.8,275,4829,11.96,-90,10.2,8278,0,5,1617002,
,19.3,26.1,276,4828,11.94,-90,10.5,8277,0,5,1616702,
,19.0,25.6,269,4827,11.91,-91,10.5,8276,0,5,1616402,
,21.1,25.7,269,4826,11.88,-91,10.2,8274,0,5,1616102,
,18.9,21.9,267,4825,11.79,-90,11,8273,0,5,1615802,
,18.8,25.0,279,4824,11.85,-90,10.5,8272,0,5,1615502,
,19.8,27.0,280,4823,11.80,-90,10.8,8271,0,5,1615202,
,25.5,31.1,294,4822,11.72,-90,10.2,8270,0,5,1614902,
,25.8,32.2,290,4821,11.72,-90,10.2,8269,0,5,1614602,
,23.7,27.8,281,4820,11.64,-90,10.5,8268,0,5,1614303,
,19.5,27.5,286,4819,11.63,-90,10.5,8267,0,5,1614002,
,21.1,28.9,273,4818,11.64,-90,10.5,8266,0,5,1613702,
,21.4,26.2,272,4817,11.64,-90,10.5,8265,0,5,1613402,
,21.7,29.2,273,4816,11.64,-91,11,8263,0,5,1613102,
,22.0,26.4,274,4815,11.62,-90,9.8,8261,0,5,1612802,
,18.7,27.8,280,4814,11.62,-90,10.8,8260,0,5,1612502,
,19.8,26.2,278,4813,11.61,-90,10.5,8259,0,5,1612202,
,21.2,26.2,271,4812,11.60,-90,10.5,8257,0,5,1611902,
,20.8,23.9,295,4811,11.61,-91,11,8256,0,5,1611602,
,18.3,24.5,271,4810,11.61,-90,10.5,8255,0,5,1611302,
,19.2,23.7,271,4809,11.62,-90,10.2,8254,0,5,1611002,
,19.7,22.9,279,4808,11.61,-90,10.5,8253,0,5,1610702,
,20.2,28.5,279,4807,11.60,-90,10.2,8252,0,5,1610403,
,20.2,28.3,272,4806,11.59,-90,10.2,8251,0,5,1610102,
,20.7,26.0,268,4805,11.59,-90,10.2,8249,0,5,1609802,
,20.2,23.1,272,4804,11.60,-91,11,8247,0,5,1609502,
,19.5,23.5,265,4803,11.61,-90,10.5,8246,0,5,1609202,
,22.1,26.2,276,4802,11.61,-91,10.8,8244,0,5,1608902,
,19.3,23.1,267,4801,11.61,-90,10.5,8242,0,5,1608602,
,16.9,23.6,284,4800,11.59,-90,10.5,8241,0,5,1608302,
,17.9,23.9,282,4799,11.60,-90,10.5,8240,0,5,1608002,
,16.3,23.5,288,4798,11.61,-90,10.8,8239,0,5,1607702,
,20.1,24.1,286,4797,11.59,-90,10.5,8237,0,5,1607402,
,19.7,23.3,289,4796,11.61,-90,10.5,8236,0,5,1607102,
,19.2,23.1,287,4795,11.62,-91,10.8,8234,0,5,1606802,
,20.0,24.2,292,4794,11.58,-90,10.5,8233,0,5,1606503,
,18.5,23.2,295,4793,11.60,-90,10.8,8232,0,5,1606202,
,18.2,22.5,271,4792,11.60,-91,11,8231,0,5,1605902,
,17.9,22.3,274,4791,11.61,-91,10.5,8230,0,5,1605602,
,18.3,22.7,276,4790,11.61,-91,10.5,8228,0,5,1605302,
,20.5,25.4,274,4789,11.61,-91,11.2,8227,0,5,1605002,
,17.2,22.6,290,4788,11.62,-90,10,8226,0,5,1604702,
,19.1,23.5,290,4787,11.59,-90,10.2,8225,0,5,1604403,
,17.9,22.6,288,4786,11.58,-90,10.8,8223,0,5,1604102,
,17.9,22.0,288,4785,11.61,-91,11.5,8222,0,5,1603802,
,18.2,22.2,285,4784,11.61,-91,11.2,8220,0,5,1603502,
,19.6,22.7,296,4783,11.61,-91,10.8,8219,0,5,1603202,
,17.0,21.5,289,4782,11.62,-91,10.5,8218,0,5,1602902,
,19.2,23.9,289,4781,11.60,-91,10.5,8216,0,5,1602603,
,16.0,21.2,291,4780,11.59,-91,10.2,8214,0,5,1602302,
,19.0,22.3,299,4779,11.59,-90,10.5,8213,0,5,1602002,
,16.7,21.6,276,4778,11.61,-90,10.2,8211,0,5,1601702,
,20.3,23.3,269,4777,11.60,-90,10.5,8210,0,5,1601402,
,15.0,18.3,285,4776,11.59,-90,10.2,8208,0,5,1601102,
,15.1,21.6,278,4775,11.61,-91,10.2,8207,0,5,1600802,
,17.7,20.8,282,4774,11.58,-91,11,8206,0,5,1600503,
,15.8,22.6,285,4773,11.58,-90,10.5,8204,0,5,1600202,
,17.2,22.6,288,4772,11.59,-90,10.5,8203,0,5,1599902,
,17.1,20.9,288,4771,11.60,-90,10.5,8202,0,5,1599602,
,15.4,17.7,282,4770,11.60,-90,10.8,8201,0,5,1599302,
,18.0,20.5,279,4769,11.60,-91,11.5,8200,0,5,1599002,
,15.2,20.0,289,4768,11.59,-91,10.5,8199,0,5,1598703,
,16.8,20.4,283,4767,11.59,-91,11.2,8198,0,5,1598402,
,15.2,20.1,283,4766,11.59,-91,11,8196,0,5,1598102,
,17.5,22.5,299,4765,11.60,-90,10.8,8195,0,5,1597802,
,16.8,22.8,291,4764,11.60,-90,10.8,8193,0,5,1597502,
,17.4,21.7,289,4763,11.60,-90,11,8192,0,5,1597202,
,18.4,25.0,282,4762,11.61,-90,10.5,8191,0,5,1596902,
,20.6,26.2,295,4761,11.59,-90,10.5,8189,0,5,1596603,
,18.7,22.9,299,4760,11.58,-90,10.2,8188,0,5,1596302,
,14.2,20.3,293,4759,11.60,-90,10.5,8187,0,5,1596002,
,18.7,24.4,294,4758,11.60,-91,11.2,8185,0,5,1595702,
,20.0,23.6,293,4757,11.60,-90,10.8,8184,0,5,1595402,
,17.9,21.7,283,4756,11.60,-90,10.5,8183,0,5,1595102,
,17.0,20.5,285,4755,11.58,-90,10,8182,0,5,1594803,
,18.4,21.7,275,4754,11.58,-91,11,8181,0,5,1594503,
,19.6,24.8,279,4753,11.58,-90,11,8179,0,5,1594202,
,16.2,19.7,284,4752,11.59,-91,11,8178,0,5,1593902,
,16.6,19.3,279,4751,11.59,-91,11.2,8177,0,5,1593602,
,14.8,17.9,279,4750,11.59,-91,10.8,8176,0,5,1593302,
,16.2,18.8,279,4749,11.60,-90,10.5,8174,0,5,1593002,
,17.5,21.5,272,4748,11.58,-91,11.2,8173,0,5,1592703,
,18.0,24.2,274,4747,11.58,-91,11.5,8172,0,5,1592402,
,18.0,23.8,273,4746,11.59,-91,11,8171,0,5,1592102,
,18.1,23.3,292,4745,11.59,-91,10.5,8169,0,5,1591802,
,13.5,17.4,282,4744,11.58,-90,10.5,8168,0,5,1591502,
,12.1,15.0,290,4743,11.59,-90,11.2,8166,0,5,1591202,
,11.6,20.1,285,4742,11.56,-90,10.8,8164,0,5,1590903,
,18.0,21.7,288,4741,11.58,-90,10.8,8162,0,5,1590603,
,18.3,22.4,293,4740,11.58,-90,10.5,8161,0,5,1590302,
,20.7,25.8,298,4739,11.60,-90,10,8159,0,5,1590002,
,22.9,28.5,280,4738,11.61,-90,10.5,8158,0,5,1589702,
,24.1,28.4,281,4737,11.60,-90,10.2,8157,0,5,1589402,
,15.2,19.6,289,4736,11.61,-90,10.5,8155,0,5,1589102,
,11.1,14.3,282,4735,11.59,-91,11.2,8153,0,5,1588803,
,12.5,14.7,269,4734,11.57,-90,10.2,8151,0,5,1588502,
,13.6,17.0,260,4733,11.59,-91,11.2,8149,0,5,1588202,
,14.9,21.6,262,4732,11.61,-90,11,8147,0,5,1587902,
,19.1,21.9,274,4731,11.60,-91,10.2,8146,0,5,1587602,
,13.0,16.2,290,4730,11.61,-90,10.8,8145,0,5,1587302,
,15.2,18.3,290,4729,11.59,-91,11,8144,0,5,1587003,
,14.7,18.4,298,4728,11.59,-90,10.8,8143,0,5,1586703,
,11.8,17.9,285,4727,11.60,-90,10.8,8142,0,5,1586402,
,14.8,20.0,289,4726,11.60,-90,10.5,8140,0,5,1586102,
,18.4,22.2,280,4725,11.61,-91,11.2,8138,0,5,1585802,
,17.8,23.0,273,4724,11.60,-90,10.5,8137,0,5,1585502,
,17.7,20.9,290,4723,11.61,-90,10.8,8135,0,5,1585202,
,15.0,18.6,286,4722,11.59,-90,10.5,8133,0,5,1584903,
,16.6,19.6,297,4721,11.59,-90,11,8131,0,5,1584602,
,16.5,20.4,284,4720,11.60,-91,10.5,8129,0,5,1584302,
,14.9,17.9,287,4719,11.61,-90,10.5,8128,0,5,1584002,
,15.7,20.3,298,4718,11.60,-91,11,8126,0,5,1583702,
,14.7,18.6,299,4717,11.60,-91,11.2,8125,0,5,1583402,
,14.0,20.1,299,4716,11.57,-90,10.5,8123,0,5,1583103,
,14.4,19.5,298,4715,11.60,-90,10.8,8121,0,5,1582803,
,13.4,19.3,298,4714,11.59,-91,10.8,8119,0,5,1582502,
,12.9,19.5,292,4713,11.61,-90,10.2,8118,0,5,1582202,
,16.5,19.9,284,4712,11.60,-90,10.5,8117,0,5,1581902,
,15.2,18.4,287,4711,11.60,-91,10.5,8115,0,5,1581602,
,12.1,18.1,293,4710,11.61,-91,10.8,8114,0,5,1581302,
,13.4,17.4,299,4709,11.59,-91,11,8112,0,5,1581003,
,13.0,17.6,294,4708,11.57,-91,10.5,8110,0,5,1580703,
,12.1,16.8,296,4707,11.60,-90,10.8,8109,0,5,1580402,
,13.2,16.3,305,4706,11.59,-90,10.8,8107,0,5,1580102,
,11.8,20.6,311,4705,11.60,-90,11,8106,0,5,1579802,
,11.8,15.8,311,4704,11.59,-90,10.5,8104,0,5,1579502,
,12.4,16.0,314,4703,11.58,-90,10.2,8102,0,5,1579203,
,12.2,19.2,315,4702,11.59,-90,10.2,8100,0,5,1578903,
,14.9,19.5,311,4701,11.59,-90,10.5,8099,0,5,1578603,
,15.0,18.6,310,4700,11.61,-90,10.5,8097,0,5,1578303,
,12.6,17.7,322,4699,11.60,-91,10.2,8096,0,5,1578002,
,12.8,19.8,308,4698,11.61,-90,10.8,8094,0,5,1577702,
,13.4,16.8,309,4697,11.60,-90,10.5,8092,0,5,1577403,
,14.0,17.4,323,4696,11.59,-90,10.8,8091,0,5,1577103,
,13.8,18.8,305,4695,11.58,-90,10.8,8090,0,5,1576803,
,15.5,17.9,298,4694,11.60,-90,10.8,8089,0,5,1576503,
,15.2,18.8,299,4693,11.61,-90,11.2,8088,0,5,1576203,
,14.5,19.4,301,4692,11.60,-90,10.5,8087,0,5,1575903,
,15.8,18.0,286,4691,11.61,-90,10.5,8085,0,5,1575603,
,13.4,17.8,288,4690,11.60,-91,11.8,8083,0,5,1575303,
,17.5,20.5,274,4689,11.59,-89,11,8081,0,5,1575003,
,14.1,16.7,301,4688,11.60,-90,10.5,8079,0,5,1574703,
,15.5,17.8,296,4687,11.61,-90,10.2,8078,0,5,1574403,
,15.6,21.1,297,4686,11.60,-90,10.2,8077,0,5,1574103,
,15.6,17.9,295,4685,11.61,-90,10.8,8076,0,5,1573803,
,17.5,21.1,289,4684,11.61,-90,11,8074,0,5,1573503,
,14.8,19.6,286,4683,11.59,-90,10.2,8072,0,5,1573203,
,18.4,22.6,286,4682,11.60,-90,10.8,8071,0,5,1572903,
,18.9,24.5,293,4681,11.61,-90,10.2,8069,0,5,1572603,
,17.8,23.6,289,4680,11.61,-90,10.8,8068,0,5,1572303,
,17.5,22.4,298,4679,11.61,-90,10.2,8066,0,5,1572003,
,17.7,24.3,305,4678,11.61,-90,10.2,8065,0,5,1571703,
,17.4,23.9,291,4677,11.61,-90,10.5,8063,0,5,1571403,
,14.4,19.7,300,4676,11.59,-90,10.5,8062,0,5,1571103,
,18.3,21.5,303,4675,11.60,-91,11,8060,0,5,1570803,
,21.1,26.0,303,4674,11.61,-90,10.5,8059,0,5,1570503,
,18.9,23.5,296,4673,11.62,-90,10.2,8057,0,5,1570203,
,20.4,23.7,298,4672,11.62,-90,10.5,8056,0,5,1569903,
,17.1,22.1,307,4671,11.60,-90,10.8,8054,0,5,1569603,
,16.3,24.5,313,4670,11.60,-90,10.8,8052,0,5,1569303,
,17.2,22.7,306,4669,11.60,-90,10.5,8050,0,5,1569003,
,20.7,25.3,301,4668,11.62,-90,10.5,8049,0,5,1568703,
,19.8,24.3,307,4667,11.62,-90,10.5,8048,0,5,1568403,
,20.7,25.3,307,4666,11.63,-89,10.5,8046,0,5,1568103,
,19.8,23.6,293,4665,11.63,-89,10.5,8044,0,5,1567803,
,14.6,22.5,319,4664,11.62,-89,10.8,8043,0,5,1567503,
,19.8,25.7,304,4663,11.62,-89,10.8,8041,0,5,1567203,
,17.3,24.1,312,4662,11.64,-90,10.2,8039,0,5,1566903,
,16.5,22.0,311,4661,11.65,-90,10.5,8037,0,5,1566603,
,18.8,23.9,305,4660,11.66,-90,10.2,8035,0,5,1566303,
,16.1,23.6,312,4659,11.66,-89,10.8,8033,0,5,1566003,
,14.4,25.0,320,4658,11.66,-90,10.5,8031,0,5,1565703,
,17.6,24.3,324,4657,11.67,-90,10.5,8029,0,5,1565403,
,14.1,19.6,310,4656,11.66,-90,10.5,8027,0,5,1565103,
,17.0,23.2,307,4655,11.70,-91,10.2,8025,0,5,1564803,
,16.7,21.7,294,4654,11.72,-90,10.5,8024,0,5,1564503,
,19.0,22.9,301,4653,11.74,-90,10.5,8022,0,5,1564203,
,17.3,24.8,310,4652,11.77,-90,11,8020,0,5,1563903,
,14.6,19.3,318,4651,11.76,-90,10.5,8018,0,5,1563603,
,15.8,22.1,318,4650,11.79,-89,10.8,8016,0,5,1563303,
,13.8,19.9,327,4649,11.82,-91,10.8,8014,0,5,1563003,
,16.5,21.5,321,4648,11.86,-90,11.2,8012,0,5,1562703,
,17.3,22.5,326,4647,11.89,-90,10.5,8010,0,5,1562403,
,17.9,24.1,327,4646,11.95,-90,10.5,8008,0,5,1562103,
,16.6,21.3,323,4645,12.00,-90,10.5,8006,0,5,1561803,
,19.8,23.7,305,4644,12.04,-90,10.2,8004,0,5,1561503,
,17.6,22.8,307,4643,12.11,-90,10.5,8002,0,5,1561203,
,18.4,23.9,314,4642,12.18,-90,11,8001,0,5,1560903,
,17.5,21.8,313,4641,12.20,-89,10.5,7999,0,5,1560603,
,17.2,24.8,309,4640,12.21,-90,10.8,7997,0,5,1560303,
,18.1,24.5,310,4639,12.20,-90,10.8,7995,0,5,1560003,
,18.0,24.2,322,4638,12.19,-90,10.5,7993,0,5,1559703,
,16.5,22.5,322,4637,12.19,-90,10.5,7992,0,5,1559403,
,15.6,22.5,319,4636,12.18,-90,10.8,7990,0,5,1559103,
,17.4,23.5,323,4635,12.20,-90,10.5,7988,0,5,1558803,
,18.4,28.3,323,4634,12.18,-90,10.5,7987,0,5,1558503,
,20.9,25.4,330,4633,12.17,-90,10.8,7985,0,5,1558203,
,18.0,24.2,323,4632,12.18,-90,10.5,7983,0,5,1557903,
,17.5,25.0,318,4631,12.15,-90,10.8,7981,0,5,1557603,
,21.6,28.2,330,4630,12.16,-90,10.5,7979,0,5,1557303,
,17.8,27.1,323,4629,12.19,-91,10.5,7977,0,5,1557003,
,17.3,28.4,319,4628,12.21,-90,11,7976,0,5,1556703,
,18.6,25.5,319,4627,12.22,-90,10.5,7974,0,5,1556403,
,14.5,23.2,327,4626,12.22,-90,10.5,7972,0,5,1556103,
,19.5,25.6,332,4625,12.20,-90,10.2,7970,0,5,1555803,
,21.6,24.3,335,4624,12.20,-90,10.2,7969,0,5,1555503,
,22.0,28.3,327,4623,12.22,-89,10.5,7967,0,5,1555203,
,21.4,26.6,328,4622,12.24,-89,11,7965,0,5,1554903,
,18.1,23.7,320,4621,12.24,-90,10.2,7964,0,5,1554603,
,16.5,23.0,315,4620,12.25,-91,10.2,7963,0,5,1554303,
,15.6,22.8,320,4619,12.24,-90,10.5,7962,0,5,1554003,
,17.6,24.8,315,4618,12.23,-90,10.5,7960,0,5,1553703,
,20.5,24.4,309,4617,12.23,-90,10.8,7959,0,5,1553403,
,18.5,22.2,308,4616,12.24,-90,10.5,7957,0,5,1553103,
,16.7,22.5,321,4615,12.25,-89,10.5,7956,0,5,1552803,
,17.6,23.5,320,4614,12.25,-90,10.5,7955,0,5,1552503,
,18.6,28.5,316,4613,12.25,-89,10.8,7953,0,5,1552203,
,16.4,24.0,319,4612,12.22,-90,10.8,7952,0,5,1551903,
,18.0,24.3,321,4611,12.23,-90,10.8,7951,0,5,1551603,
,18.2,27.0,322,4610,12.23,-90,10.5,7949,0,5,1551303,
,19.7,25.0,316,4609,12.25,-90,11.2,7947,0,5,1551003,
,22.0,25.6,311,4608,12.25,-90,10.5,7945,0,5,1550703,
,18.6,24.8,315,4607,12.25,-91,10.2,7943,0,5,1550403,
,18.3,33.1,315,4606,12.25,-90,10.5,7942,0,5,1550103,
,20.0,28.0,325,4605,12.24,-90,10.5,7940,0,5,1549803,
,16.4,24.9,322,4604,12.25,-89,11,7939,0,5,1549503,
,17.1,22.8,319,4603,12.26,-90,10.2,7938,0,5,1549203,
,16.4,25.8,315,4602,12.27,-91,11.5,7936,0,5,1548903,
,23.4,27.9,303,4601,12.27,-90,10.5,7935,0,5,1548603,
,20.4,28.2,325,4600,12.26,-90,10.8,7933,0,5,1548303,
,18.2,26.6,318,4599,12.26,-90,10.5,7931,0,5,1548003,
,21.0,26.4,313,4598,12.24,-90,10.5,7929,0,5,1547703,
,21.9,27.6,320,4597,12.28,-88,10.8,7927,0,5,1547403,
,21.1,27.1,320,4596,12.28,-90,10.5,7926,0,5,1547103,
,19.0,26.0,320,4595,12.28,-90,10.5,7925,0,5,1546803,
,22.5,30.8,308,4594,12.29,-89,10.5,7923,0,5,1546503,
,20.0,30.6,314,4593,12.29,-90,10.5,7921,0,5,1546203,
,19.4,27.5,321,4592,12.27,-90,11,7920,0,5,1545903,
,24.2,30.4,309,4591,12.27,-91,10.5,7919,0,5,1545603,
,24.2,30.1,304,4590,12.30,-90,10.5,7917,0,5,1545303,
,23.2,29.1,306,4589,12.28,-90,10.8,7915,0,5,1545003,
,23.3,30.9,306,4588,12.29,-90,10.5,7913,0,5,1544703,
,26.0,32.2,307,4587,12.29,-91,10.8,7912,0,5,1544403,
,23.7,31.8,313,4586,12.25,-90,10.2,7911,0,5,1544103,
,22.0,32.2,317,4585,12.23,-90,10.8,7909,0,5,1543803,
,20.4,26.9,316,4584,12.11,-89,10.5,7907,0,5,1543503,
,21.4,28.6,314,4583,11.95,-89,10.5,7905,0,5,1543203,
,22.0,26.7,323,4582,11.95,-89,10.8,7903,0,5,1542903,
,26.9,32.6,308,4581,12.04,-90,10.5,7901,0,5,1542603,
,24.6,29.1,313,4580,12.00,-90,10.5,7900,0,5,1542303,
,19.7,32.6,315,4579,11.99,-90,10.5,7898,0,5,1542003,
,25.5,33.8,308,4578,11.89,-90,10.2,7896,0,5,1541703,
,27.9,33.6,305,4577,11.90,-90,10.5,7894,0,5,1541403,
,26.4,34.3,300,4576,11.96,-90,10.5,7892,0,5,1541103,
,26.2,33.8,309,4575,11.93,-90,10.5,7891,0,5,1540803,
,27.7,35.4,312,4574,11.82,-90,10.5,7889,0,5,1540503,
,23.6,33.2,314,4573,11.78,-89,10.5,7887,0,5,1540203,
,28.9,36.3,305,4572,11.73,-90,10.5,7885,0,5,1539903,
,26.7,34.9,310,4571,11.72,-90,10,7883,0,5,1539603,
,25.5,34.4,315,4570,11.74,-90,10.5,7881,0,5,1539303,
,25.5,33.2,306,4569,11.73,-90,10.5,7879,0,5,1539003,
,27.8,34.6,308,4568,11.73,-90,10.8,7877,0,5,1538703,
,22.9,34.6,316,4567,11.69,-89,11,7876,0,5,1538403,
,23.2,36.8,311,4566,11.66,-90,10.2,7875,0,5,1538103,
,27.3,37.2,305,4565,11.66,-88,10.8,7874,0,5,1537803,
,29.3,36.8,304,4564,11.69,-90,10.8,7872,0,5,1537503,
,29.2,36.2,303,4563,11.69,-90,10.5,7870,0,5,1537203,
,26.3,32.0,308,4562,11.68,-90,10.8,7868,0,5,1536903,
,23.9,34.1,318,4561,11.68,-91,10.8,7866,0,5,1536603,
,29.5,34.6,305,4560,11.65,-89,10.8,7865,0,5,1536303,
,26.5,35.2,303,4559,11.66,-90,10.2,7864,0,5,1536003,
,29.1,37.0,310,4558,11.66,-90,10.5,7862,0,5,1535703,
,25.9,30.6,304,4557,11.67,-90,10.5,7860,0,5,1535403,
,28.2,37.0,304,4556,11.67,-90,10.5,7858,0,5,1535103,
,27.5,35.1,312,4555,11.66,-90,10.5,7857,0,5,1534803,
,22.6,33.5,318,4554,11.68,-90,10.2,7855,0,5,1534503,
,27.4,32.7,306,4553,11.66,-90,10.8,7854,0,5,1534203,
,28.9,35.3,305,4552,11.65,-90,10.5,7852,0,5,1533903,
,26.2,35.2,305,4551,11.67,-90,10.5,7851,0,5,1533603,
,25.9,32.1,309,4550,11.67,-90,11.2,7849,0,5,1533303,
,28.4,35.1,306,4549,11.68,-90,10.8,7847,0,5,1533003,
,24.8,32.2,311,4548,11.67,-90,10,7845,0,5,1532703,
,29.8,36.6,309,4547,11.65,-90,10.8,7843,0,5,1532403,
,28.0,34.8,304,4546,11.65,-89,11,7842,0,5,1532103,
,20.7,32.2,310,4545,11.65,-90,10.2,7840,0,5,1531803,
,28.5,36.7,311,4544,11.67,-90,10.5,7838,0,5,1531503,
,26.3,38.3,312,4543,11.67,-90,10.5,7837,0,5,1531203,
,26.6,38.7,310,4542,11.66,-90,10.8,7835,0,5,1530903,
,31.0,34.9,305,4541,11.66,-90,10.2,7834,0,5,1530603,
,30.0,36.7,307,4540,11.64,-89,11,7832,0,5,1530303,
,23.7,33.9,309,4539,11.61,-90,10.8,7830,0,5,1530003,
,26.8,34.7,312,4538,11.63,-89,10.5,7829,0,5,1529703,
,29.9,41.2,311,4537,11.63,-90,10.2,7827,0,5,1529403,
,27.8,34.0,301,4536,11.63,-90,10.8,7826,0,5,1529103,
,29.7,36.1,307,4535,11.63,-91,10.2,7825,0,5,1528803,
,27.0,33.5,307,4534,11.61,-90,10.2,7823,0,5,1528503,
,25.4,35.0,300,4533,11.59,-90,10.2,7821,0,5,1528203,
,31.7,38.0,306,4532,11.60,-90,10.5,7819,0,5,1527903,
,26.8,31.9,304,4531,11.61,-90,10.8,7817,0,5,1527603,
,27.6,35.1,300,4530,11.61,-91,10.5,7816,0,5,1527303,
,25.0,31.8,307,4529,11.61,-90,10.2,7815,0,5,1527003,
,24.5,35.0,311,4528,11.61,-90,10.2,7814,0,5,1526703,
,30.1,36.0,301,4527,11.60,-90,10.5,7813,0,5,1526403,
,28.7,34.9,310,4526,11.60,-90,10.2,7812,0,5,1526103,
,26.8,34.5,309,4525,11.61,-90,10.5,7811,0,5,1525803,
,24.6,31.7,310,4524,11.61,-90,10.5,7810,0,5,1525503,
,25.0,35.1,311,4523,11.62,-90,10.2,7808,0,5,1525203,
,30.9,41.4,308,4522,11.62,-90,10.5,7806,0,5,1524903,
,28.3,35.3,304,4521,11.62,-91,11,7805,0,5,1524603,
,28.7,33.2,303,4520,11.59,-91,10.8,7804,0,5,1524303,
,27.6,34.5,304,4519,11.60,-90,10.2,7802,0,5,1524003,
,25.5,34.0,311,4518,11.60,-91,10.5,7800,0,5,1523703,
,23.5,33.3,310,4517,11.62,-91,10.8,7799,0,5,1523403,
,22.4,29.3,314,4516,11.63,-91,11,7797,0,5,1523103,
,24.8,30.9,301,4515,11.63,-91,10.8,7796,0,5,1522803,
,24.2,31.7,308,4514,11.63,-90,10.8,7794,0,5,1522503,
,25.8,32.3,306,4513,11.48,-91,10.8,7792,0,5,1522203,
,24.3,32.3,307,4512,11.49,-90,10.5,7791,0,5,1521903,
,29.5,36.1,303,4511,11.67,-91,9.8,7789,0,5,1521603,
,26.2,36.5,304,4510,11.68,-90,10.8,7787,0,5,1521303,
,26.2,28.6,291,4509,11.67,-91,11.2,7785,0,5,1521003,
,19.0,25.3,288,4508,11.67,-91,10,7783,0,5,1520703,
,22.4,27.4,283,4507,11.65,-91,10,7782,0,5,1520403,
,21.7,26.6,287,4506,11.66,-90,10.5,7781,0,5,1520103,
,21.2,29.9,288,4505,11.67,-91,10,7780,0,5,1519803,
,24.6,30.7,289,4504,11.67,-91,11,7779,0,5,1519503,
,21.7,27.8,285,4503,11.67,-91,10.5,7777,0,5,1519203,
,19.4,25.7,287,4502,11.68,-91,10.2,7775,0,5,1518903,
,23.5,26.9,284,4501,11.66,-91,10.2,7773,0,5,1518603,
,19.2,28.1,286,4500,11.66,-91,10.8,7772,0,5,1518303,
,25.2,29.9,271,4499,11.70,-92,10.8,7770,0,5,1518003,
,24.8,38.0,280,4498,11.71,-92,11.2,7768,0,5,1517703,
,28.6,35.6,268,4497,11.72,-91,10.8,7766,0,5,1517403,
,28.5,35.1,232,4496,11.73,-90,10.2,7764,0,5,1517103,
,30.6,36.0,230,4495,11.72,-90,10,7763,0,5,1516803,
,30.7,39.5,232,4494,11.70,-92,10.5,7761,0,5,1516503,
,31.0,37.1,233,4493,11.70,-91,9.8,7760,0,5,1516203,
,29.0,35.7,230,4492,11.73,-91,10.5,7758,0,5,1515903,
,27.7,38.0,231,4491,11.71,-91,10.5,7756,0,5,1515603,
,33.6,40.2,228,4490,11.66,-90,10.5,7755,0,5,1515303,
,27.6,38.9,230,4489,11.72,-92,10.8,7753,0,5,1515003,
,29.1,34.0,229,4488,11.70,-91,10.5,7751,0,5,1514703,
,26.3,39.4,233,4487,11.70,-92,10.8,7749,0,5,1514403,
,26.9,39.4,231,4486,11.72,-92,10.5,7747,0,5,1514103,
,27.1,32.3,232,4485,11.73,-91,10.8,7745,0,5,1513803,
,26.8,33.2,234,4484,11.72,-92,10,7743,0,5,1513503,
,28.7,37.2,229,4483,11.72,-91,10.2,7741,0,5,1513203,
,28.5,34.8,230,4482,11.72,-92,10.8,7739,0,5,1512903,
,27.4,33.2,230,4481,11.47,-91,10.5,7737,0,5,1512603,
,29.6,36.3,233,4480,11.69,-93,10.2,7735,0,5,1512303,
,28.0,34.7,230,4479,11.72,-91,11.2,7733,0,5,1512003,
,30.8,37.9,228,4478,11.68,-93,9.8,7731,0,5,1511703,
,32.0,40.4,226,4477,11.71,-91,10.8,7729,0,5,1511403,
,27.9,36.2,230,4476,11.73,-91,10.2,7728,0,5,1511103,
,29.4,36.3,228,4475,11.70,-91,11.2,7727,0,5,1510803,
,31.7,37.2,229,4474,11.70,-91,11,7725,0,5,1510503,
,29.8,38.7,224,4473,11.70,-91,10.8,7723,0,5,1510203,
,31.2,40.4,225,4472,11.73,-92,10.8,7721,0,5,1509903,
,27.8,37.8,229,4471,11.73,-92,10.8,7720,0,5,1509603,
,29.5,39.1,227,4470,11.73,-92,10.8,7718,0,5,1509303,
,30.1,35.3,226,4469,11.74,-91,10.5,7717,0,5,1509003,
,30.4,38.1,224,4468,11.71,-91,10.2,7715,0,5,1508703,
,28.9,37.4,226,4467,11.70,-91,10.2,7713,0,5,1508403,
,27.8,34.6,227,4466,11.73,-93,10.2,7711,0,5,1508103,
,30.1,36.1,226,4465,11.74,-91,10.2,7709,0,5,1507803,
,29.4,36.4,228,4464,11.73,-91,11.2,7708,0,5,1507503,
,25.4,36.0,229,4463,11.72,-91,10.5,7706,0,5,1507203,
,30.3,36.8,231,4462,11.71,-91,10.2,7704,0,5,1506903,
,27.3,33.8,228,4461,11.70,-92,11,7702,0,5,1506603,
,28.9,36.0,229,4460,11.69,-91,10.5,7700,0,5,1506303,
,27.8,35.2,226,4459,11.72,-91,10.5,7698,0,5,1506003,
,27.8,36.1,227,4458,11.72,-91,9.8,7696,0,5,1505703,
,29.9,36.9,226,4457,11.72,-93,10.2,7694,0,5,1505403,
,29.7,36.6,223,4456,11.72,-92,10,7692,0,5,1505103,
,28.0,38.8,226,4455,11.68,-91,10.8,7690,0,5,1504803,
,27.6,36.2,226,4454,11.65,-91,10,7689,0,5,1504503,
,25.4,34.7,224,4453,11.66,-91,10.8,7687,0,5,1504203,
,29.7,35.7,222,4452,11.68,-93,10.5,7686,0,5,1503903,
,29.3,34.7,221,4451,11.67,-92,10.5,7684,0,5,1503603,
,28.2,35.1,221,4450,11.67,-91,10.2,7682,0,5,1503303,
,27.8,37.4,221,4449,11.65,-92,10.2,7680,0,5,1503003,
,32.1,36.8,223,4448,11.65,-92,10.8,7678,0,5,1502703,
,28.9,36.1,226,4447,11.65,-92,10.5,7677,0,5,1502403,
,29.0,35.0,225,4446,11.66,-93,10.5,7676,0,5,1502103,
,26.2,34.1,223,4445,11.66,-92,10.5,7674,0,5,1501803,
,26.8,34.8,222,4444,11.66,-92,11,7672,0,5,1501503,
,25.4,33.8,225,4443,11.66,-91,10.8,7671,0,5,1501203,
,27.5,35.4,227,4442,11.64,-91,11,7669,0,5,1500903,
,27.7,36.1,228,4441,11.63,-91,10,7668,0,5,1500603,
,28.7,33.4,224,4440,11.64,-91,10.8,7667,0,5,1500303,
,26.4,31.5,224,4439,11.65,-91,10.2,7665,0,5,1500003,
,26.5,35.1,227,4438,11.64,-91,10,7663,0,5,1499703,
,24.0,32.6,226,4437,11.64,-91,10.2,7661,0,5,1499403,
,27.9,34.0,228,4436,11.63,-91,10.5,7659,0,5,1499103,
,24.4,32.1,222,4435,11.61,-93,10,7657,0,5,1498803,
,26.5,35.7,224,4434,11.61,-91,10.5,7655,0,5,1498503,
,25.8,31.6,223,4433,11.60,-91,10,7653,0,5,1498203,
,26.7,33.2,224,4432,11.60,-91,10,7651,0,5,1497903,
,23.9,33.2,224,4431,11.57,-91,10.5,7649,0,5,1497603,
,26.4,31.9,224,4430,11.61,-91,9.8,7648,0,5,1497303,
,23.7,32.9,222,4429,11.60,-92,10.5,7646,0,5,1497003,
,26.7,35.0,220,4428,11.64,-90,10,7644,0,5,1496703,
,27.1,36.4,219,4427,11.66,-90,10.2,7642,0,5,1496403,
,27.9,31.7,222,4426,11.67,-92,10.8,7640,0,5,1496103,
,27.0,34.5,220,4425,11.65,-91,10.2,7638,0,5,1495803,
,27.4,35.0,222,4424,11.67,-91,10.2,7636,0,5,1495503,
,27.9,33.5,222,4423,11.70,-92,10.8,7634,0,5,1495203,
,25.2,31.5,220,4422,11.63,-91,10.2,7632,0,5,1494903,
,25.2,36.3,219,4421,11.67,-90,10.5,7630,0,5,1494603,
,26.7,31.1,218,4420,11.38,-90,10.2,7628,0,5,1494303,
,27.2,31.4,215,4419,11.41,-91,10.5,7626,0,5,1494003,
,25.7,31.0,220,4418,11.47,-90,10.8,7625,0,5,1493703,
,28.9,36.0,223,4417,11.46,-91,10.2,7623,0,5,1493403,
,27.6,31.8,223,4416,11.41,-91,10.8,7622,0,5,1493103,
,28.7,33.0,218,4415,11.72,-91,10.5,7620,0,5,1492803,
,24.2,32.1,216,4414,11.73,-90,10.2,7619,0,5,1492503,
,24.5,31.9,214,4413,11.74,-91,9.8,7617,0,5,1492203,
,27.8,31.4,215,4412,11.74,-91,11,7616,0,5,1491903,
,25.9,30.6,214,4411,11.74,-90,10.8,7615,0,5,1491603,
,25.4,30.7,217,4410,11.73,-90,10.5,7613,0,5,1491303,
,26.6,32.9,214,4409,11.70,-92,10.2,7611,0,5,1491003,
,28.9,33.0,213,4408,11.71,-91,10.8,7609,0,5,1490703,
,25.3,30.0,220,4407,11.74,-91,10.8,7607,0,5,1490403,
,28.4,35.8,216,4406,11.73,-91,10.5,7605,0,5,1490103,
,24.5,29.0,217,4405,11.73,-91,10.5,7603,0,5,1489803,
,27.3,33.3,216,4404,11.73,-90,10.2,7601,0,5,1489503,
,26.5,32.9,214,4403,11.71,-91,10.5,7599,0,5,1489203,
,26.0,32.4,216,4402,11.71,-91,10.5,7597,0,5,1488903,
,24.2,35.6,217,4401,11.72,-90,10.2,7595,0,5,1488603,
,29.0,34.3,213,4400,11.73,-91,11,7593,0,5,1488303,
,27.9,34.0,212,4399,11.73,-89,10.8,7591,0,5,1488003,
,27.1,32.5,212,4398,11.73,-90,10.8,7589,0,5,1487703,
,27.8,33.8,214,4397,11.74,-91,10.5,7587,0,5,1487403,
,25.9,34.9,214,4396,11.71,-91,10.8,7585,0,5,1487103,
,27.7,33.5,213,4395,11.71,-90,10.2,7583,0,5,1486803,
,29.0,35.8,213,4394,11.73,-91,10.5,7581,0,5,1486503,
,29.6,36.3,210,4393,11.73,-90,10.8,7579,0,5,1486203,
,27.8,34.4,212,4392,11.74,-90,10.2,7577,0,5,1485903,
,26.9,33.0,214,4391,11.74,-90,11,7576,0,5,1485603,
,25.1,33.5,214,4390,11.71,-90,10.2,7574,0,5,1485303,
,24.3,32.4,213,4389,11.71,-89,10.8,7573,0,5,1485003,
,25.6,32.0,214,4388,11.72,-90,10.5,7571,0,5,1484703,
,25.8,30.5,215,4387,11.73,-90,10.2,7570,0,5,1484403,
,24.4,29.4,214,4386,11.74,-90,10.8,7569,0,5,1484103,
,24.9,29.2,217,4385,11.74,-91,10.8,7567,0,5,1483803,
,26.0,31.6,217,4384,11.75,-90,10.5,7565,0,5,1483503,
,25.6,32.7,218,4383,11.71,-90,10.8,7563,0,5,1483203,
,24.8,35.7,217,4382,11.72,-91,10.8,7561,0,5,1482903,
,25.5,36.0,218,4381,11.74,-90,10.5,7559,0,5,1482603,
,28.3,35.1,221,4380,11.75,-90,10.2,7557,0,5,1482303,
,25.1,31.0,219,4379,11.74,-90,10.5,7555,0,5,1482003,
,26.4,31.4,217,4378,11.74,-90,10.5,7553,0,5,1481703,
,23.8,30.7,217,4377,11.72,-91,11,7551,0,5,1481404,
,26.2,29.8,217,4376,11.72,-91,10.5,7549,0,5,1481103,
,23.4,27.2,215,4375,11.73,-90,10.5,7547,0,5,1480803,
,23.8,29.5,219,4374,11.74,-91,9.8,7545,0,5,1480503,
,24.0,29.4,218,4373,11.76,-90,10.5,7543,0,5,1480203,
,24.2,27.4,218,4372,11.76,-91,10.8,7541,0,5,1479903,
,23.5,31.0,217,4371,11.76,-91,10.5,7539,0,5,1479603,
,25.5,31.0,217,4370,11.74,-91,10,7537,0,5,1479303,
,25.9,30.9,216,4369,11.75,-90,10.5,7535,0,5,1479003,
,25.2,32.0,217,4368,11.77,-90,10.2,7533,0,5,1478703,
,23.3,29.2,218,4367,11.78,-90,10.2,7531,0,5,1478403,
,24.4,33.2,220,4366,11.79,-92,10.2,7529,0,5,1478103,
,23.4,28.5,227,4365,11.79,-91,10.2,7528,0,5,1477803,
,24.0,28.7,221,4364,11.80,-90,10.8,7527,0,5,1477503,
,22.7,28.8,222,4363,11.80,-92,10.5,7525,0,5,1477203,
,23.2,28.0,220,4362,11.80,-91,10.8,7523,0,5,1476903,
,22.1,29.4,220,4361,11.83,-92,10.2,7521,0,5,1476603,
,21.3,28.2,221,4360,11.84,-91,10.5,7519,0,5,1476303,
,21.2,25.2,221,4359,11.86,-91,11,7518,0,5,1476003,
,21.0,27.1,218,4358,11.88,-91,10.8,7516,0,5,1475703,
,22.7,28.1,224,4357,11.89,-91,10,7514,0,5,1475404,
,21.8,27.4,221,4356,11.91,-91,10.5,7512,0,5,1475103,
,20.9,26.6,219,4355,11.96,-91,10.5,7510,0,5,1474803,
,21.7,26.9,220,4354,11.99,-91,10.8,7508,0,5,1474503,
,24.7,30.0,219,4353,12.04,-91,11.2,7506,0,5,1474203,
,25.1,30.5,221,4352,12.08,-91,10.5,7505,0,5,1473903,
,23.3,29.4,225,4351,12.13,-91,10.5,7503,0,5,1473603,
,21.3,28.9,222,4350,12.15,-91,11,7501,0,5,1473303,
,24.6,28.6,218,4349,12.19,-91,10.8,7499,0,5,1473003,
,23.4,30.9,219,4348,12.24,-90,10.5,7497,0,5,1472703,
,23.7,29.3,215,4347,12.27,-91,11,7495,0,5,1472403,
,22.2,25.5,219,4346,12.29,-92,10.8,7493,0,5,1472103,
,21.4,27.8,220,4345,12.31,-91,9.8,7491,0,5,1471803,
,22.5,28.8,220,4344,12.30,-91,10,7489,0,5,1471504,
,23.8,27.3,219,4343,12.30,-91,11.5,7487,0,5,1471203,
,23.8,29.6,216,4342,12.31,-90,9.8,7485,0,5,1470903,
,21.4,26.1,219,4341,12.32,-91,10.5,7483,0,5,1470603,
,23.0,28.2,218,4340,12.32,-91,10.8,7481,0,5,1470303,
,21.5,28.1,219,4339,12.32,-91,10.2,7480,0,5,1470003,
,21.8,27.4,219,4338,12.32,-91,10.5,7478,0,5,1469703,
,23.5,28.5,220,4337,12.30,-91,11,7476,0,5,1469403,
,23.2,27.4,221,4336,12.31,-91,10,7474,0,5,1469103,
,22.2,29.9,218,4335,12.32,-91,11.2,7472,0,5,1468803,
,22.0,26.8,217,4334,12.32,-91,10.2,7471,0,5,1468503,
,23.5,28.0,221,4333,12.32,-91,10.8,7469,0,5,1468203,
,21.2,25.0,220,4332,12.32,-92,10.8,7467,0,5,1467903,
,22.7,27.1,221,4331,12.30,-90,10.2,7465,0,5,1467604,
,23.6,31.0,215,4330,12.30,-92,10.2,7463,0,5,1467303,
,22.5,26.5,216,4329,12.31,-91,10.2,7461,0,5,1467003,
,23.4,30.5,216,4328,12.32,-91,11,7460,0,5,1466703,
,25.2,29.6,218,4327,12.32,-91,10.2,7458,0,5,1466403,
,22.5,28.5,218,4326,12.33,-91,10.2,7456,0,5,1466103,
,22.6,26.2,218,4325,12.33,-90,10.2,7454,0,5,1465803,
,23.1,27.8,217,4324,12.30,-91,11,7452,0,5,1465504,
,23.0,31.2,214,4323,12.32,-91,10.5,7450,0,5,1465203,
,23.1,28.6,216,4322,12.33,-91,11,7448,0,5,1464903,
,22.6,28.0,214,4321,12.33,-91,10.5,7446,0,5,1464603,
,22.6,27.0,217,4320,12.33,-91,10.8,7444,0,5,1464303,
,22.1,26.2,215,4319,12.34,-91,10.5,7442,0,5,1464003,
,21.6,27.5,214,4318,12.32,-92,10.5,7440,0,5,1463704,
,23.6,30.3,215,4317,12.32,-91,10.8,7438,0,5,1463403,
,21.7,27.1,213,4316,12.32,-92,10.5,7436,0,5,1463103,
,23.3,30.0,214,4315,12.34,-92,10.5,7434,0,5,1462803,
,22.8,26.0,211,4314,12.34,-91,11.8,7433,0,5,1462503,
,21.5,28.9,212,4313,12.34,-91,11.2,7431,0,5,1462203,
,21.2,26.1,213,4312,12.35,-91,10.5,7429,0,5,1461903,
,19.6,24.5,211,4311,12.33,-91,10.8,7427,0,5,1461604,
,20.8,27.7,208,4310,12.32,-91,10.5,7425,0,5,1461303,
,21.6,28.1,210,4309,12.34,-91,10.5,7423,0,5,1461003,
,21.7,28.0,211,4308,12.34,-91,10.5,7421,0,5,1460703,
,21.1,26.8,212,4307,12.34,-91,10,7419,0,5,1460403,
,23.9,27.9,211,4306,12.35,-91,10.8,7417,0,5,1460103,
,20.4,24.6,212,4305,12.32,-91,10,7415,0,5,1459804,
,20.0,27.8,213,4304,12.32,-91,10,7413,0,5,1459504,
,20.8,26.4,213,4303,12.32,-92,10.5,7411,0,5,1459203,
,22.2,28.2,214,4302,12.33,-91,10.8,7410,0,5,1458903,
,21.5,26.1,214,4301,12.34,-91,10.5,7408,0,5,1458603,
,22.7,28.4,212,4300,12.35,-91,10.2,7406,0,5,1458303,
,22.6,26.7,213,4299,12.35,-91,10.5,7404,0,5,1458003,
,20.5,25.8,210,4298,12.33,-92,10.2,7402,0,5,1457704,
,23.1,28.3,210,4297,12.32,-92,10.5,7401,0,5,1457403,
,20.0,23.8,213,4296,12.35,-92,10.2,7399,0,5,1457103,
,20.4,26.3,216,4295,12.34,-91,10.8,7397,0,5,1456803,
,21.1,26.4,215,4294,12.34,-91,10,7395,0,5,1456503,
,18.4,23.8,215,4293,12.34,-92,10.8,7393,0,5,1456203,
,19.6,21.9,215,4292,12.34,-92,10.5,7391,0,5,1455903,
,18.9,23.8,215,4291,12.33,-93,10.5,7389,0,5,1455604,
,19.9,24.2,213,4290,12.33,-91,10.5,7387,0,5,1455303,
,20.1,24.5,213,4289,12.35,-91,10.2,7386,0,5,1455003,
,19.4,26.2,210,4288,12.35,-91,10.8,7384,0,5,1454703,
,17.7,26.5,212,4287,12.36,-91,10.5,7382,0,5,1454403,
,19.1,21.8,212,4286,12.36,-91,10.2,7380,0,5,1454103,
,19.6,25.5,213,4285,12.20,-92,10.5,7379,0,5,1453804,
,19.2,22.9,211,4284,12.19,-91,10.8,7377,0,5,1453504,
,19.5,23.7,211,4283,12.36,-92,10.2,7376,0,5,1453203,
,19.4,22.5,210,4282,12.35,-91,10.5,7375,0,5,1452903,
,20.1,25.0,212,4281,12.36,-92,10.5,7373,0,5,1452603,
,19.4,23.1,213,4280,12.36,-91,11,7371,0,5,1452303,
,18.4,22.0,213,4279,12.35,-91,10.8,7369,0,5,1452003,
,18.5,21.4,208,4278,12.33,-92,11,7367,0,5,1451704,
,17.6,20.7,210,4277,12.31,-91,10.8,7365,0,5,1451403,
,19.1,22.9,212,4276,12.33,-91,10.5,7363,0,5,1451103,
,19.4,23.2,210,4275,12.33,-92,10.5,7361,0,5,1450803,
,18.2,22.9,210,4274,12.34,-92,11.2,7359,0,5,1450503,
,17.7,21.7,209,4273,12.34,-91,10.2,7357,0,5,1450203,
,16.9,22.3,212,4272,12.31,-90,10.5,7356,0,5,1449904,
,19.5,23.5,211,4271,12.32,-91,10.2,7354,0,5,1449604,
,19.4,24.6,211,4270,12.32,-91,11,7352,0,5,1449303,
,18.0,20.7,213,4269,12.34,-91,10.5,7350,0,5,1449003,
,17.8,20.8,209,4268,12.33,-91,10.5,7349,0,5,1448703,
,17.6,20.3,210,4267,12.31,-90,10.2,7347,0,5,1448403,
,16.5,20.2,212,4266,12.05,-91,11.2,7346,0,5,1448103,
,18.0,22.3,210,4265,11.96,-91,11,7344,0,5,1447804,
,19.1,21.4,207,4264,11.97,-91,10.8,7343,0,5,1447504,
,17.1,18.6,207,4263,12.01,-90,10.5,7341,0,5,1447203,
,16.6,19.6,211,4262,12.01,-90,10.2,7340,0,5,1446903,
,17.7,21.0,213,4261,12.04,-91,10,7338,0,5,1446603,
,19.6,23.6,212,4260,12.01,-91,9.8,7336,0,5,1446303,
,18.0,22.0,212,4259,11.97,-91,9.8,7334,0,5,1446004,
,17.6,22.2,213,4258,11.96,-91,10.2,7332,0,5,1445704,
,18.7,21.8,212,4257,11.95,-91,11,7331,0,5,1445403,
,16.2,19.8,212,4256,11.95,-92,10.5,7330,0,5,1445103,
,17.7,20.2,211,4255,11.99,-91,10.5,7328,0,5,1444803,
,16.2,20.4,211,4254,11.97,-92,10.8,7327,0,5,1444503,
,15.0,18.9,212,4253,11.92,-91,9.8,7326,0,5,1444203,
,17.2,20.9,212,4252,11.93,-91,9.8,7324,0,5,1443904,
,16.5,21.1,210,4251,11.92,-91,10.2,7322,0,5,1443604,
,18.2,21.4,212,4250,11.94,-91,10,7320,0,5,1443304,
,16.4,18.4,210,4249,11.92,-92,10.8,7318,0,5,1443003,
,16.4,19.0,211,4248,11.88,-91,11,7316,0,5,1442704,
,16.7,20.5,209,4247,11.87,-91,11,7314,0,5,1442404,
,17.9,20.4,210,4246,11.81,-90,10.8,7312,0,5,1442104,
,18.1,22.4,210,4245,11.75,-92,9.8,7310,0,5,1441804,
,17.4,20.4,210,4244,11.76,-91,9.8,7308,0,5,1441504,
,17.2,20.6,208,4243,11.77,-91,11.2,7306,0,5,1441204,
,17.0,21.5,208,4242,11.74,-90,10.5,7304,0,5,1440904,
,18.3,22.4,211,4241,11.74,-92,10.2,7303,0,5,1440604,
,19.0,22.3,210,4240,11.73,-92,10.8,7301,0,5,1440304,
,17.9,21.4,210,4239,11.69,-91,10.8,7300,0,5,1440004,
,16.5,20.7,212,4238,11.68,-91,9.5,7298,0,5,1439704,
,18.4,21.0,212,4237,11.71,-92,10.8,7297,0,5,1439404,
,16.2,20.8,207,4236,11.71,-91,10.5,7295,0,5,1439104,
,17.8,20.4,211,4235,11.71,-92,10.2,7293,0,5,1438804,
,19.0,21.6,213,4234,11.70,-92,10.8,7292,0,5,1438504,
,18.3,21.9,211,4233,11.71,-91,10,7290,0,5,1438204,
,17.3,21.4,210,4232,11.68,-92,10.5,7288,0,5,1437904,
,18.2,22.2,210,4231,11.68,-91,9.8,7286,0,5,1437604,
,17.8,20.6,209,4230,11.70,-91,11.2,7284,0,5,1437304,
,18.1,20.6,208,4229,11.71,-91,10.5,7282,0,5,1437004,
,16.7,19.9,208,4228,11.71,-91,10.5,7280,0,5,1436704,
,18.3,22.5,211,4227,11.71,-91,10.5,7278,0,5,1436404,
,17.2,21.2,208,4226,11.67,-92,10.8,7276,0,5,1436104,
,16.5,23.4,216,4225,11.68,-90,10.2,7274,0,5,1435804,
,17.5,21.8,208,4224,11.70,-92,10.5,7272,0,5,1435504,
,19.9,23.8,208,4223,11.71,-92,11,7270,0,5,1435204,
,17.9,21.7,211,4222,11.70,-92,11,7268,0,5,1434904,
,20.2,23.9,203,4221,11.72,-91,10.5,7266,0,5,1434604,
,19.6,22.7,203,4220,11.72,-90,10.8,7264,0,5,1434304,
,20.8,24.6,205,4219,11.68,-90,10.5,7263,0,5,1434004,
,17.2,23.2,204,4218,11.68,-91,10.2,7261,0,5,1433704,
,18.1,21.2,202,4217,11.70,-91,10.2,7259,0,5,1433404,
,19.1,23.4,202,4216,11.71,-91,10.2,7257,0,5,1433104,
,17.3,20.2,198,4215,11.71,-91,10.5,7255,0,5,1432804,
,16.6,19.8,199,4214,11.72,-91,10.2,7254,0,5,1432504,
,19.4,21.0,197,4213,11.68,-91,10.8,7252,0,5,1432204,
,19.4,22.6,197,4212,11.69,-92,10.8,7250,0,5,1431904,
,19.4,22.7,195,4211,11.71,-91,10.5,7248,0,5,1431604,
,19.4,22.2,195,4210,11.71,-90,10.8,7247,0,5,1431304,
,20.2,25.4,198,4209,11.71,-91,11,7246,0,5,1431004,
,17.2,19.7,194,4208,11.72,-90,10.2,7244,0,5,1430704,
,18.6,20.9,196,4207,11.71,-92,10.2,7242,0,5,1430404,
,17.8,20.4,195,4206,11.68,-91,10.2,7240,0,5,1430104,
,19.8,23.8,195,4205,11.69,-91,11,7239,0,5,1429804,
,19.2,22.2,194,4204,11.72,-92,10,7238,0,5,1429504,
,18.6,21.5,194,4203,11.70,-91,10.5,7236,0,5,1429204,
,19.6,22.6,194,4202,11.71,-91,10.5,7234,0,5,1428904,
,18.4,23.3,193,4201,11.72,-92,11,7232,0,5,1428604,
,18.9,21.9,191,4200,11.68,-92,10.5,7230,0,5,1428304,
,18.9,22.6,190,4199,11.67,-91,10.2,7228,0,5,1428004,
,18.6,21.9,193,4198,11.70,-93,10.2,7226,0,5,1427704,
,20.7,26.7,191,4197,11.72,-93,10.5,7224,0,5,1427404,
,21.3,24.4,189,4196,11.71,-90,10.2,7222,0,5,1427104,
,19.7,23.2,190,4195,11.71,-92,10,7220,0,5,1426804,
,20.5,26.1,193,4194,11.72,-91,10.8,7218,0,5,1426504,
,22.6,27.3,195,4193,11.69,-91,11,7216,0,5,1426204,
,20.0,24.3,186,4192,11.69,-92,10.5,7214,0,5,1425904,
,22.1,25.4,190,4191,11.72,-92,11,7212,0,5,1425604,
,20.0,25.1,189,4190,11.72,-92,10.5,7210,0,5,1425304,
,22.1,28.1,185,4189,11.72,-92,10.2,7209,0,5,1425004,
,23.0,26.7,184,4188,11.72,-91,10,7207,0,5,1424704,
,21.7,30.4,183,4187,11.68,-92,10.8,7205,0,5,1424404,
,20.1,26.8,183,4186,11.68,-92,11,7203,0,5,1424104,
,22.8,30.1,185,4185,11.68,-91,11.5,7201,0,5,1423804,
,21.8,27.9,180,4184,11.71,-90,10,7200,0,5,1423504,
,22.9,29.3,181,4183,11.71,-90,10,7199,0,5,1423204,
,23.9,27.7,184,4182,11.71,-92,10.8,7198,0,5,1422904,
,22.5,25.9,186,4181,11.71,-91,9.8,7196,0,5,1422604,
,22.9,29.2,185,4180,11.68,-91,10.2,7195,0,5,1422304,
,21.7,26.1,183,4179,11.68,-92,11,7193,0,5,1422004,
,21.0,25.9,185,4178,11.69,-92,10.5,7191,0,5,1421704,
,21.0,28.3,183,4177,11.70,-91,10.2,7189,0,5,1421404,
,23.1,26.8,184,4176,11.70,-91,9.8,7187,0,5,1421104,
,21.8,25.7,182,4175,11.69,-91,10,7185,0,5,1420804,
,20.5,24.5,184,4174,11.67,-91,10.5,7183,0,5,1420504,
,20.2,24.0,185,4173,11.67,-92,10.5,7182,0,5,1420204,
,18.6,22.9,186,4172,11.67,-91,9.5,7181,0,5,1419904,
,18.1,22.7,180,4171,11.69,-91,10.2,7179,0,5,1419604,
,18.2,22.3,173,4170,11.69,-91,10.8,7177,0,5,1419304,
,19.2,21.7,171,4169,11.69,-91,8.2,7176,0,5,1419004,
,19.5,23.0,167,4168,11.68,-91,10.2,7175,0,5,1418704,
,20.1,23.3,167,4167,11.67,-92,10.2,7173,0,5,1418404,
,16.1,22.0,167,4166,11.66,-91,10.8,7171,0,5,1418104,
,19.3,23.1,164,4165,11.68,-90,11,7169,0,5,1417804,
,19.0,23.3,164,4164,11.68,-90,10.5,7168,0,5,1417504,
,18.5,22.6,167,4163,11.69,-90,10.2,7166,0,5,1417204,
,21.5,27.6,165,4162,11.68,-90,10.2,7164,0,5,1416904,
,23.9,27.8,166,4161,11.67,-92,10.8,7162,0,5,1416604,
,23.3,27.1,166,4160,11.66,-90,10.8,7160,0,5,1416304,
,20.2,25.9,164,4159,11.66,-90,10.2,7158,0,5,1416004,
,19.4,26.0,162,4158,11.68,-90,10.5,7156,0,5,1415704,
,19.8,25.0,160,4157,11.68,-90,10.2,7154,0,5,1415404,
,19.3,23.3,159,4156,11.67,-90,10.2,7152,0,5,1415104,
,22.2,26.3,162,4155,11.68,-91,11.5,7150,0,5,1414804,
,19.9,27.1,157,4154,11.66,-91,9.8,7148,0,5,1414504,
,21.4,27.6,160,4153,11.66,-90,10.8,7146,0,5,1414204,
,20.1,25.5,156,4152,11.68,-90,10,7144,0,5,1413904,
,20.7,25.5,159,4151,11.69,-90,10.5,7142,0,5,1413604,
,19.9,25.0,154,4150,11.69,-90,10,7140,0,5,1413304,
,20.2,24.4,155,4149,11.68,-90,10.2,7139,0,5,1413004,
,21.2,24.3,153,4148,11.68,-90,10.2,7138,0,5,1412704,
,22.1,25.9,152,4147,11.66,-90,10.2,7136,0,5,1412404,
,22.3,28.8,154,4146,11.67,-90,10.5,7134,0,5,1412104,
,21.8,26.5,153,4145,11.68,-90,10.2,7132,0,5,1411804,
,24.2,28.6,153,4144,11.68,-89,10.5,7130,0,5,1411504,
,24.2,28.4,153,4143,11.69,-90,10.8,7128,0,5,1411204,
,22.5,27.8,155,4142,11.69,-91,11,7126,0,5,1410904,
,23.4,28.7,156,4141,11.66,-90,10.2,7124,0,5,1410604,
,21.2,28.6,154,4140,11.66,-90,10.5,7122,0,5,1410304,
,23.5,28.0,150,4139,11.68,-90,11,7120,0,5,1410004,
,25.1,29.1,160,4138,11.67,-90,10.2,7119,0,5,1409704,
,21.5,26.3,143,4137,11.68,-90,10.5,7117,0,5,1409404,
,21.6,27.6,146,4136,11.67,-90,10.2,7115,0,5,1409104,
,20.0,25.6,151,4135,11.67,-90,10.2,7113,0,5,1408804,
,20.8,25.5,147,4134,11.65,-90,10.2,7111,0,5,1408504,
,23.4,29.4,143,4133,11.65,-90,10.2,7109,0,5,1408204,
,24.1,28.7,149,4132,11.67,-89,10.8,7107,0,5,1407904,
,22.7,27.6,144,4131,11.67,-89,10.2,7105,0,5,1407604,
,21.7,27.9,142,4130,11.67,-90,10,7104,0,5,1407304,
,23.4,29.8,144,4129,11.67,-89,10.5,7102,0,5,1407004,
,22.4,28.4,141,4128,11.65,-89,10.5,7100,0,5,1406704,
,20.9,27.3,142,4127,11.65,-88,10.5,7098,0,5,1406404,
,22.5,27.8,142,4126,11.67,-88,10.2,7096,0,5,1406104,
,22.9,32.1,140,4125,11.66,-91,10.2,7094,0,5,1405804,
,23.1,28.5,140,4124,11.67,-89,11.2,7092,0,5,1405504,
,21.4,30.1,135,4123,11.67,-89,10.8,7090,0,5,1405204,
,24.2,29.2,140,4122,11.67,-90,10.2,7088,0,5,1404904,
,23.3,29.2,138,4121,11.65,-89,10.5,7086,0,5,1404604,
,22.5,29.5,134,4120,11.65,-90,10.2,7084,0,5,1404304,
,23.0,28.4,138,4119,11.66,-89,10.5,7082,0,5,1404004,
,21.5,29.5,131,4118,11.66,-88,10.8,7081,0,5,1403704,
,21.0,26.8,132,4117,11.67,-90,10.5,7079,0,5,1403404,
,22.1,30.7,132,4116,11.66,-89,10.5,7077,0,5,1403104,
,24.4,28.1,137,4115,11.64,-88,10.8,7075,0,5,1402804,
,23.5,27.6,130,4114,11.65,-88,10.2,7074,0,5,1402504,
,24.0,28.0,136,4113,11.65,-90,10.2,7072,0,5,1402204,
,22.1,27.9,132,4112,11.66,-89,10.8,7071,0,5,1401904,
,22.1,26.6,126,4111,11.66,-88,10.5,7070,0,5,1401604,
,21.1,28.6,129,4110,11.66,-88,11,7068,0,5,1401304,
,19.3,26.2,131,4109,11.65,-88,10.2,7066,0,5,1401004,
,21.8,27.6,130,4108,11.64,-90,10.5,7064,0,5,1400704,
,20.8,27.9,124,4107,11.65,-88,11,7062,0,5,1400404,
,22.0,27.7,130,4106,11.66,-88,10.8,7060,0,5,1400104,
,21.1,28.3,125,4105,11.66,-89,10.5,7059,0,5,1399804,
,20.9,28.2,126,4104,11.66,-89,10.5,7057,0,5,1399504,
,21.2,27.5,124,4103,11.66,-89,10.8,7055,0,5,1399204,
,20.5,29.7,122,4102,11.65,-88,10,7053,0,5,1398904,
,21.4,29.5,127,4101,11.65,-88,11,7051,0,5,1398604,
,20.1,27.2,123,4100,11.66,-88,10,7049,0,5,1398304,
,20.4,25.7,123,4099,11.66,-88,11,7047,0,5,1398004,
,18.1,27.7,125,4098,11.66,-90,10.5,7045,0,5,1397704,
,21.3,26.9,124,4097,11.66,-88,10.2,7043,0,5,1397404,
,20.6,25.1,125,4096,11.66,-88,10.8,7041,0,5,1397104,
,21.1,26.0,123,4095,11.65,-88,10.5,7039,0,5,1396804,
,20.8,25.6,123,4094,11.65,-88,10.8,7037,0,5,1396504,
,21.9,26.4,125,4093,11.65,-89,10,7035,0,5,1396204,
,19.7,27.0,128,4092,11.66,-89,10.8,7034,0,5,1395904,
,19.6,25.0,126,4091,11.66,-89,10.5,7032,0,5,1395604,
,22.3,26.4,126,4090,11.66,-88,10.8,7030,0,5,1395304,
,20.6,25.4,125,4089,11.66,-90,10,7028,0,5,1395004,
,17.3,25.1,124,4088,11.65,-89,10.5,7026,0,5,1394704,
,18.1,26.0,117,4087,11.66,-90,10.2,7024,0,5,1394404,
,17.9,26.4,119,4086,11.67,-90,10.5,7022,0,5,1394104,
,19.1,26.4,114,4085,11.67,-90,10.5,7020,0,5,1393804,
,20.6,24.5,119,4084,11.67,-89,11,7018,0,5,1393504,
,22.1,27.0,109,4083,11.67,-88,11,7016,0,5,1393204,
,19.5,25.8,111,4082,11.66,-88,10.8,7014,0,5,1392904,
,22.2,26.9,107,4081,11.67,-88,10.8,7012,0,5,1392604,
,22.3,27.2,108,4080,11.70,-90,10.2,7010,0,5,1392304,
,19.1,24.5,111,4079,11.69,-89,10.8,7008,0,5,1392004,
,22.0,25.8,112,4078,11.71,-88,10.5,7007,0,5,1391704,
,18.9,21.6,108,4077,11.71,-89,10.5,7005,0,5,1391404,
,19.8,24.9,114,4076,11.70,-89,10.8,7003,0,5,1391104,
,18.9,24.0,105,4075,11.71,-90,10.5,7001,0,5,1390804,
,21.6,25.8,105,4074,11.74,-89,10.8,6999,0,5,1390504,
,20.8,24.9,113,4073,11.77,-90,10.5,6997,0,5,1390204,
,18.7,22.5,111,4072,11.78,-90,10.2,6996,0,5,1389904,
,19.0,23.9,107,4071,11.80,-89,10.5,6994,0,5,1389604,
,20.7,25.9,105,4070,11.82,-89,11,6992,0,5,1389304,
,18.6,23.4,108,4069,11.82,-89,11,6991,0,5,1389004,
,21.5,25.9,114,4068,11.84,-90,10.2,6989,0,5,1388704,
,21.1,25.1,106,4067,11.89,-89,10.8,6987,0,5,1388404,
,21.1,26.9,106,4066,11.92,-90,10.2,6985,0,5,1388104,
,20.5,24.8,107,4065,11.96,-89,10.5,6983,0,5,1387804,
,20.7,26.0,103,4064,12.00,-90,10.8,6981,0,5,1387504,
,21.4,25.8,105,4063,12.04,-90,10.5,6979,0,5,1387204,
,21.0,25.0,111,4062,12.09,-89,11,6978,0,5,1386904,
,21.4,25.8,109,4061,12.12,-90,10.2,6976,0,5,1386604,
,19.2,25.9,103,4060,12.18,-89,10.8,6974,0,5,1386304,
,16.2,23.4,105,4059,12.22,-91,11,6972,0,5,1386004,
,20.3,25.0,100,4058,12.24,-88,11,6970,0,5,1385704,
,20.4,25.0,102,4057,12.25,-90,10.2,6968,0,5,1385404,
,22.6,27.1,102,4056,12.23,-90,10.5,6966,0,5,1385104,
,18.6,25.4,103,4055,12.24,-89,11.2,6964,0,5,1384804,
,22.2,26.1,97,4054,12.25,-90,10.5,6962,0,5,1384504,
,19.8,24.1,102,4053,12.25,-90,10.5,6960,0,5,1384204,
,19.0,26.5,102,4052,12.25,-90,10.5,6958,0,5,1383904,
,21.0,27.8,95,4051,12.25,-90,10.5,6956,0,5,1383604,
,22.0,24.9,99,4050,12.24,-90,10.2,6955,0,5,1383304,
,22.0,27.3,97,4049,12.23,-90,10.2,6953,0,5,1383004,
,21.5,25.7,99,4048,12.22,-90,10.2,6951,0,5,1382704,
,18.4,25.0,94,4047,12.25,-90,10.5,6949,0,5,1382404,
,20.7,24.5,98,4046,12.25,-90,10.8,6948,0,5,1382104,
,20.7,24.9,101,4045,12.25,-89,10.8,6946,0,5,1381804,
,20.8,25.8,91,4044,12.26,-90,10.5,6944,0,5,1381504,
,19.4,24.7,94,4043,12.25,-88,11,6942,0,5,1381204,
,21.4,25.7,99,4042,12.24,-91,10.5,6940,0,5,1380904,
,20.7,25.5,90,4041,12.25,-90,10.5,6938,0,5,1380604,
,23.2,26.2,102,4040,12.26,-90,10.8,6936,0,5,1380304,
,17.1,22.6,94,4039,12.25,-90,9.8,6934,0,5,1380004,
,16.1,25.5,92,4038,12.26,-90,10.2,6932,0,5,1379704,
,22.5,25.5,92,4037,12.24,-89,11,6930,0,5,1379404,
,18.9,25.3,99,4036,12.24,-90,10.8,6928,0,5,1379104,
,22.9,26.5,91,4035,12.25,-89,10.8,6926,0,5,1378804,
,21.5,26.5,97,4034,12.26,-89,10.8,6924,0,5,1378504,
,23.0,26.2,94,4033,12.26,-90,10.8,6923,0,5,1378204,
,20.6,26.1,93,4032,12.26,-89,10.8,6921,0,5,1377904,
,23.5,27.2,94,4031,12.27,-89,10.5,6919,0,5,1377604,
,20.8,26.2,92,4030,12.25,-89,10.8,6917,0,5,1377304,
,21.2,25.1,89,4029,12.25,-90,10.5,6915,0,5,1377004,
,22.6,25.3,93,4028,12.26,-88,10.8,6914,0,5,1376704,
,21.2,25.0,97,4027,12.27,-90,10.5,6912,0,5,1376404,
,19.7,27.1,98,4026,12.28,-90,10.8,6910,0,5,1376104,
,19.7,24.9,92,4025,12.26,-88,11,6908,0,5,1375804,
,21.6,24.6,84,4024,12.25,-89,11,6906,0,5,1375504,
,21.1,24.4,94,4023,12.24,-91,10.5,6904,0,5,1375204,
,19.7,24.8,83,4022,12.25,-91,10.8,6902,0,5,1374904,
,20.5,26.0,89,4021,12.26,-90,11,6900,0,5,1374604,
,20.4,24.5,95,4020,12.26,-91,10.8,6898,0,5,1374304,
,21.3,25.4,91,4019,12.26,-91,11,6896,0,5,1374004,
,18.5,25.8,86,4018,12.26,-92,10.8,6894,0,5,1373704,
,20.9,24.4,90,4017,12.25,-90,10.8,6892,0,5,1373404,
,20.2,24.1,93,4016,12.24,-91,10.8,6890,0,5,1373104,
,18.2,21.2,94,4015,12.25,-90,10.8,6888,0,5,1372804,
,19.8,23.5,90,4014,12.25,-91,11,6886,0,5,1372504,
,18.5,22.2,89,4013,12.26,-91,11.2,6884,0,5,1372204,
,19.4,22.8,93,4012,12.26,-91,10.2,6882,0,5,1371904,
,17.5,22.2,84,4011,12.25,-90,10.8,6880,0,5,1371604,
,15.6,19.5,90,4010,12.24,-90,10.2,6878,0,5,1371304,
,17.6,20.6,88,4009,12.23,-91,11.2,6876,0,5,1371004,
,17.8,22.6,85,4008,12.26,-91,11,6874,0,5,1370704,
,17.1,19.9,79,4007,12.25,-91,11,6872,0,5,1370404,
,18.5,22.0,78,4006,12.26,-90,11,6870,0,5,1370104,
,17.5,21.7,78,4005,12.25,-91,10.8,6868,0,5,1369804,
,17.9,23.0,89,4004,12.24,-91,10.5,6866,0,5,1369504,
,20.1,23.8,78,4003,12.22,-90,11,6864,0,5,1369204,
,19.5,22.2,83,4002,12.24,-91,10.5,6862,0,5,1368904,
,18.7,21.4,89,4001,12.25,-91,10.8,6860,0,5,1368604,
,18.6,22.3,79,4000,12.25,-91,10.8,6858,0,5,1368304,
,16.7,22.4,86,3999,12.26,-90,10.2,6856,0,5,1368004,
,17.8,25.7,88,3998,12.27,-91,11.2,6854,0,5,1367704,
,20.0,24.7,79,3997,12.26,-90,10.2,6852,0,5,1367404,
,19.3,23.9,94,3996,12.25,-90,10.5,6850,0,5,1367104,
,18.6,22.6,85,3995,12.27,-90,11,6848,0,5,1366804,
,19.7,24.6,78,3994,12.27,-91,10.8,6846,0,5,1366504,
,18.7,25.2,89,3993,12.27,-90,10.8,6844,0,5,1366204,
,21.9,25.7,76,3992,12.29,-90,10.5,6842,0,5,1365904,
,20.7,23.4,79,3991,12.27,-89,10.8,6840,0,5,1365604,
,19.3,23.6,84,3990,12.25,-90,10.5,6838,0,5,1365304,
,19.7,24.1,82,3989,12.27,-90,10.2,6836,0,5,1365004,
,20.5,24.7,83,3988,12.26,-90,10.8,6834,0,5,1364704,
,20.7,25.3,81,3987,12.28,-91,10.5,6832,0,5,1364404,
,19.2,23.6,74,3986,12.27,-91,11.2,6830,0,5,1364104,
,19.3,23.1,69,3985,12.28,-90,10.2,6828,0,5,1363804,
,18.7,23.6,75,3984,12.25,-90,10.8,6826,0,5,1363504,
,17.0,20.6,77,3983,12.25,-91,10.2,6824,0,5,1363204,
,18.2,23.7,75,3982,12.27,-90,10.2,6822,0,5,1362904,
,18.0,22.9,73,3981,12.28,-91,9.2,6821,0,5,1362604,
,15.7,22.6,74,3980,12.26,-91,10.5,6819,0,5,1362304,
,16.3,21.4,73,3979,12.15,-90,11,6817,0,5,1362004,
,17.8,23.0,76,3978,11.97,-90,10.5,6815,0,5,1361704,
,18.4,20.9,74,3977,11.92,-90,10.5,6813,0,5,1361404,
,19.1,22.7,80,3976,11.93,-90,10.5,6811,0,5,1361104,
,20.1,23.4,65,3975,11.97,-90,10.5,6809,0,5,1360804,
,19.3,23.7,71,3974,11.98,-91,10.2,6807,0,5,1360504,
,19.1,25.3,67,3973,11.90,-90,10.2,6805,0,5,1360204,
,18.1,22.1,71,3972,11.96,-91,10.8,6803,0,5,1359904,
,20.2,24.2,64,3971,11.92,-91,10.2,6801,0,5,1359604,
,18.6,21.7,60,3970,11.86,-90,10.2,6799,0,5,1359304,
,17.1,20.5,74,3969,11.95,-91,11,6798,0,5,1359004,
,18.7,24.1,66,3968,11.93,-90,10.2,6796,0,5,1358704,
,18.1,22.1,67,3967,11.90,-89,10.8,6794,0,5,1358404,
,19.3,21.6,72,3966,11.93,-91,10.5,6793,0,5,1358104,
,16.3,21.3,79,3965,11.90,-92,10,6791,0,5,1357804,
,17.1,22.4,69,3964,11.89,-90,10.2,6789,0,5,1357504,
,17.3,22.0,61,3963,11.89,-89,10.8,6788,0,5,1357204,
,17.0,21.4,63,3962,11.88,-90,10.5,6786,0,5,1356904,
,19.6,24.0,65,3961,11.87,-90,10.5,6785,0,5,1356604,
,18.2,24.7,60,3960,11.86,-91,10.5,6784,0,5,1356304,
,19.6,22.1,62,3959,11.83,-90,10.5,6783,0,5,1356004,
,18.3,20.6,56,3958,11.77,-91,11,6781,0,5,1355704,
,17.2,20.5,58,3957,11.73,-91,10.2,6779,0,5,1355404,
,19.0,23.2,56,3956,11.73,-89,10.5,6777,0,5,1355104,
,19.4,23.6,60,3955,11.65,-91,10.5,6775,0,5,1354804,
,19.6,25.4,58,3954,11.65,-88,10.8,6773,0,5,1354504,
,20.1,25.2,58,3953,11.65,-90,10.5,6771,0,5,1354204,
,19.2,22.7,59,3952,11.62,-90,10.2,6769,0,5,1353904,
,21.1,26.1,59,3951,11.62,-90,10.2,6767,0,5,1353604,
,22.1,26.9,51,3950,11.63,-89,11,6765,0,5,1353304,
,21.1,25.3,56,3949,11.64,-90,10.5,6763,0,5,1353004,
,21.8,28.5,57,3948,11.63,-90,10.2,6761,0,5,1352704,
,23.8,29.3,46,3947,11.63,-90,10.2,6759,0,5,1352404,
,24.7,29.2,47,3946,11.63,-90,10,6757,0,5,1352104,
,22.5,26.3,46,3945,11.62,-89,10.5,6755,0,5,1351804,
,22.6,26.9,54,3944,11.61,-90,10.5,6753,0,5,1351504,
,21.6,26.8,50,3943,11.64,-90,10.5,6752,0,5,1351204,
,22.8,26.2,49,3942,11.63,-89,10.5,6751,0,5,1350904,
,23.1,26.8,49,3941,11.63,-89,10.5,6749,0,5,1350604,
,20.7,27.1,47,3940,11.64,-89,10.8,6748,0,5,1350304,
,23.9,28.8,50,3939,11.62,-90,10,6746,0,5,1350004,
,20.6,26.1,50,3938,11.61,-90,10.2,6744,0,5,1349704,
,21.5,27.8,49,3937,11.62,-89,10.8,6742,0,5,1349404,
,21.0,25.6,52,3936,11.63,-89,10.8,6740,0,5,1349104,
,22.4,25.1,57,3935,11.63,-90,10.5,6738,0,5,1348804,
,21.3,25.5,56,3934,11.63,-90,10,6736,0,5,1348504,
,20.8,25.8,54,3933,11.63,-90,10.5,6734,0,5,1348204,
,21.8,24.9,54,3932,11.62,-91,10.5,6732,0,5,1347904,
,22.1,25.9,55,3931,11.62,-90,10.2,6730,0,5,1347604,
,21.5,26.1,51,3930,11.63,-89,10.5,6728,0,5,1347304,
,22.7,28.2,51,3929,11.64,-89,10.8,6726,0,5,1347004,
,22.4,27.3,44,3928,11.63,-90,10.2,6724,0,5,1346704,
,21.0,25.9,50,3927,11.64,-90,10.2,6722,0,5,1346404,
,20.1,27.3,50,3926,11.61,-90,10.8,6720,0,5,1346104,
,22.9,27.0,50,3925,11.62,-89,10.5,6719,0,5,1345804,
,22.3,26.0,52,3924,11.63,-90,10.5,6717,0,5,1345504,
,20.5,25.5,52,3923,11.64,-89,10.5,6715,0,5,1345204,
,23.1,26.2,51,3922,11.63,-91,10.8,6713,0,5,1344904,
,22.2,27.1,54,3921,11.63,-90,10.2,6712,0,5,1344604,
,22.1,27.4,50,3920,11.63,-90,10.8,6710,0,5,1344304,
,22.6,25.6,52,3919,11.62,-90,10.8,6709,0,5,1344004,
,21.4,26.0,53,3918,11.62,-91,10.2,6708,0,5,1343704,
,20.8,23.7,52,3917,11.64,-91,10,6706,0,5,1343404,
,21.4,26.0,52,3916,11.64,-91,10.2,6704,0,5,1343104,
,23.9,28.0,46,3915,11.62,-90,10.2,6702,0,5,1342804,
,22.8,26.7,45,3914,11.64,-90,10.5,6700,0,5,1342504,
,23.1,26.2,47,3913,11.62,-90,9.8,6699,0,5,1342205,
,21.6,26.5,50,3912,11.61,-90,10.2,6697,0,5,1341904,
,21.4,27.1,49,3911,11.62,-90,10.5,6695,0,5,1341604,
,22.7,27.0,43,3910,11.64,-91,10.8,6693,0,5,1341304,
,23.4,27.3,47,3909,11.64,-90,10.8,6691,0,5,1341004,
,21.7,26.2,42,3908,11.62,-90,10.2,6690,0,5,1340704,
,22.5,27.3,44,3907,11.65,-90,10.8,6688,0,5,1340404,
,22.7,27.1,42,3906,11.62,-90,10.8,6686,0,5,1340104,
,22.8,26.5,40,3905,11.61,-90,10.5,6684,0,5,1339804,
,23.1,26.5,40,3904,11.64,-90,10.5,6682,0,5,1339504,
,22.6,27.9,41,3903,11.64,-90,10.5,6681,0,5,1339204,
,24.2,27.6,38,3902,11.64,-91,10.2,6679,0,5,1338904,
,19.6,24.3,52,3901,11.64,-90,10.2,6678,0,5,1338604,
,22.2,26.0,45,3900,11.63,-91,10.5,6677,0,5,1338305,
,22.2,26.0,45,3900,11.63,-91,10.5,6677,0,5,1338305,
,20.8,25.7,48,3899,11.62,-91,10.2,6675,0,5,1338004,
,20.6,24.5,50,3898,11.61,-90,10.5,6673,0,5,1337704,
,20.5,23.8,48,3897,11.64,-90,11,6671,0,5,1337404,
,21.6,24.9,50,3896,11.64,-90,10.2,6669,0,5,1337104,
,22.5,26.1,49,3895,11.64,-91,10,6667,0,5,1336804,
,20.6,24.0,51,3894,11.65,-90,10,6665,0,5,1336504,
,21.7,25.3,47,3893,11.63,-90,10.5,6663,0,5,1336204,
,21.4,25.3,54,3892,11.62,-91,10.5,6661,0,5,1335904,
,20.6,25.0,54,3891,11.63,-91,10.8,6659,0,5,1335604,
,20.3,24.9,53,3890,11.64,-90,10.8,6657,0,5,1335304,
,22.2,26.2,50,3889,11.64,-90,10.5,6655,0,5,1335004,
,23.0,25.9,47,3888,11.63,-91,10.2,6653,0,5,1334704,
,21.9,27.2,49,3887,11.63,-90,10.2,6651,0,5,1334405,
,22.3,28.2,49,3886,11.62,-90,11,6649,0,5,1334104,
,22.8,28.5,41,3885,11.63,-90,10.5,6647,0,5,1333804,
,24.5,28.9,44,3884,11.64,-91,10.2,6645,0,5,1333504,
,23.6,27.7,38,3883,11.65,-90,10.2,6643,0,5,1333204,
,23.5,28.5,46,3882,11.63,-90,10.5,6641,0,5,1332904,
,24.9,28.3,41,3881,11.65,-91,10.8,6639,0,5,1332604,
,23.6,27.6,40,3880,11.63,-91,10.5,6637,0,5,1332305,
,21.5,25.6,41,3879,11.63,-90,10.5,6635,0,5,1332004,
,22.7,27.3,41,3878,11.63,-91,11.2,6633,0,5,1331704,
,23.4,27.1,38,3877,11.65,-91,11,6631,0,5,1331404,
,22.8,28.3,43,3876,11.64,-91,10.5,6629,0,5,1331104,
,22.6,26.8,46,3875,11.65,-90,10.2,6628,0,5,1330804,
,24.5,27.5,42,3874,11.63,-90,10.2,6626,0,5,1330505,
,24.5,29.9,43,3873,11.61,-91,10.8,6624,0,5,1330204,
,24.7,28.3,40,3872,11.61,-91,10.2,6622,0,5,1329904,
,25.9,29.9,42,3871,11.62,-90,11,6620,0,5,1329604,
,25.5,29.3,41,3870,11.64,-90,10.2,6619,0,5,1329304,
,26.1,30.2,45,3869,11.65,-90,10.8,6617,0,5,1329004,
,26.2,30.4,39,3868,11.64,-90,10.5,6615,0,5,1328704,
,26.8,32.2,44,3867,11.62,-91,10.2,6613,0,5,1328405,
,26.6,31.6,40,3866,11.62,-90,10.5,6611,0,5,1328104,
,25.4,30.4,39,3865,11.64,-91,11,6609,0,5,1327804,
,25.7,30.0,43,3864,11.65,-91,10.8,6607,0,5,1327504,
,26.8,31.1,43,3863,11.65,-91,11,6605,0,5,1327204,
,26.8,31.6,40,3862,11.65,-91,10.5,6603,0,5,1326904,
,26.4,31.3,39,3861,11.64,-90,10.2,6601,0,5,1326605,
,27.1,30.6,38,3860,11.63,-91,10.5,6599,0,5,1326305,
,24.2,29.8,40,3859,11.64,-91,10.2,6597,0,5,1326004,
,23.8,29.1,44,3858,11.65,-90,10.2,6595,0,5,1325704,
,25.4,29.1,40,3857,11.65,-90,10.5,6593,0,5,1325404,
,25.7,29.3,44,3856,11.65,-90,10.5,6591,0,5,1325104,
,24.5,28.5,44,3855,11.66,-90,10,6589,0,5,1324804,
,24.8,28.0,40,3854,11.64,-90,11,6587,0,5,1324505,
,24.2,27.9,39,3853,11.63,-91,10.8,6585,0,5,1324204,
,25.0,28.6,45,3852,11.65,-89,10.8,6583,0,5,1323904,
,25.3,30.4,39,3851,11.66,-91,10,6581,0,5,1323604,
,24.4,29.3,42,3850,11.66,-91,10.2,6579,0,5,1323304,
,24.8,28.3,42,3849,11.65,-91,10.2,6577,0,5,1323004,
,24.5,29.9,43,3848,11.65,-90,10.2,6575,0,5,1322704,
,25.6,30.8,35,3847,11.63,-90,10.5,6573,0,5,1322405,
,25.9,30.2,35,3846,11.64,-91,10.5,6571,0,5,1322104,
,26.5,30.2,38,3845,11.65,-91,10.2,6569,0,5,1321804,
,25.9,29.8,40,3844,11.65,-90,10.5,6567,0,5,1321504,
,24.0,29.3,38,3843,11.65,-90,10.8,6565,0,5,1321204,
,25.0,30.1,44,3842,11.65,-91,10.2,6563,0,5,1320904,
,25.5,29.3,40,3841,11.64,-90,10.2,6561,0,5,1320605,
,24.2,27.8,45,3840,11.64,-91,10.2,6559,0,5,1320304,
,24.5,28.5,46,3839,11.65,-91,10,6557,0,5,1320004,
,24.1,28.0,45,3838,11.65,-91,10,6555,0,5,1319704,
,22.1,25.2,48,3837,11.65,-91,10.5,6553,0,5,1319404,
,24.1,27.1,51,3836,11.65,-90,10.2,6551,0,5,1319104,
,22.2,26.7,47,3835,11.66,-90,10.5,6549,0,5,1318804,
,21.0,27.1,49,3834,11.64,-91,11.2,6547,0,5,1318505,
,23.0,27.8,47,3833,11.63,-90,10.5,6545,0,5,1318204,
,24.7,29.6,46,3832,11.65,-89,10.2,6543,0,5,1317904,
,23.4,28.6,42,3831,11.65,-90,9.8,6541,0,5,1317604,
,23.8,28.3,46,3830,11.65,-90,10.8,6539,0,5,1317304,
,24.2,28.0,44,3829,11.65,-91,10.5,6537,0,5,1317004,
,23.5,27.7,44,3828,11.63,-91,10.5,6535,0,5,1316705,
,23.5,30.2,43,3827,11.63,-90,10.5,6533,0,5,1316405,
,24.1,28.6,43,3826,11.65,-90,10.2,6531,0,5,1316104,
,24.9,29.1,47,3825,11.65,-89,11,6529,0,5,1315804,
,23.8,28.9,44,3824,11.66,-90,10.2,6527,0,5,1315504,
,23.6,27.2,47,3823,11.65,-90,10.5,6525,0,5,1315204,
,24.8,29.2,46,3822,11.65,-90,10.2,6523,0,5,1314904,
,23.7,28.8,50,3821,11.64,-91,10.2,6521,0,5,1314605,
,24.7,28.3,45,3820,11.64,-91,10.5,6519,0,5,1314304,
,25.7,29.8,49,3819,11.65,-90,10.8,6517,0,5,1314004,
,26.2,28.8,48,3818,11.65,-91,9.8,6515,0,5,1313704,
,25.9,30.9,43,3817,11.65,-90,10.5,6513,0,5,1313404,
,27.1,31.4,43,3816,11.65,-91,10.2,6511,0,5,1313104,
,26.6,32.2,44,3815,11.64,-90,10,6509,0,5,1312805,
,25.7,31.6,41,3814,11.64,-91,11.2,6507,0,5,1312505,
,28.4,31.5,44,3813,11.65,-90,10.5,6505,0,5,1312204,
,25.7,29.5,39,3812,11.65,-91,10.2,6504,0,5,1311904,
,26.3,30.7,40,3811,11.64,-90,11.2,6502,0,5,1311604,
,24.9,32.0,37,3810,11.65,-90,10,6500,0,5,1311304,
,26.6,30.7,39,3809,11.65,-90,10.8,6498,0,5,1311004,
,27.2,31.8,37,3808,11.63,-91,9.8,6496,0,5,1310705,
,27.1,33.0,31,3807,11.64,-91,10.5,6494,0,5,1310404,
,27.1,32.5,35,3806,11.65,-90,10.2,6492,0,5,1310104,
,27.9,32.3,35,3805,11.65,-90,10.8,6490,0,5,1309804,
,28.2,31.9,36,3804,11.65,-90,10.2,6489,0,5,1309504,
,26.4,33.6,35,3803,11.66,-90,10.5,6487,0,5,1309204,
,26.1,30.3,37,3802,11.64,-90,10.5,6485,0,5,1308905,
,26.9,30.7,35,3801,11.64,-90,10.2,6483,0,5,1308605,
,27.3,30.6,32,3800,11.64,-91,10.5,6481,0,5,1308304,
,22.2,26.1,39,3799,11.65,-90,10.5,6479,0,5,1308004,
,24.7,28.7,38,3798,11.63,-90,10.8,6477,0,5,1307704,
,20.1,23.3,41,3797,11.65,-90,10.2,6475,0,5,1307404,
,18.7,21.2,45,3796,11.65,-90,10.2,6473,0,5,1307104,
,17.9,20.9,52,3795,11.63,-90,10,6471,0,5,1306805,
,19.3,21.9,48,3794,11.64,-91,10.8,6469,0,5,1306505,
,20.8,24.1,45,3793,11.65,-91,10.5,6467,0,5,1306204,
,22.6,25.0,39,3792,11.65,-92,10.8,6465,0,5,1305904,
,20.7,23.6,46,3791,11.66,-90,10.5,6463,0,5,1305604,
,18.0,21.0,44,3790,11.66,-91,10.8,6462,0,5,1305305,
,19.3,21.9,43,3789,11.65,-90,10,6460,0,5,1305005,
,18.5,23.1,50,3788,11.64,-91,10.8,6458,0,5,1304705,
,19.3,22.0,37,3787,11.66,-91,10.5,6457,0,5,1304405,
,14.5,16.7,47,3786,11.66,-92,10.2,6455,0,5,1304105,
,15.6,17.1,43,3785,11.66,-91,10.8,6453,0,5,1303805,
,15.4,17.1,31,3784,11.68,-91,11,6451,0,5,1303505,
,14.3,16.7,42,3783,11.67,-91,10.8,6449,0,5,1303205,
,15.3,16.9,43,3782,11.66,-91,11,6447,0,5,1302905,
,15.2,17.0,40,3781,11.66,-91,10.5,6445,0,5,1302605,
,15.9,18.8,35,3780,11.70,-91,10.2,6443,0,5,1302305,
,16.4,19.6,32,3779,11.71,-91,10.8,6442,0,5,1302005,
,16.8,22.6,28,3778,11.72,-91,10,6440,0,5,1301705,
,19.3,25.1,26,3777,11.74,-91,11,6438,0,5,1301405,
,23.0,25.6,13,3776,11.73,-90,10.5,6437,0,5,1301105,
,21.7,23.4,9,3775,11.75,-91,11.2,6435,0,5,1300805,
,19.5,22.4,6,3774,11.78,-90,10,6434,0,5,1300505,
,19.9,23.2,7,3773,11.80,-90,10.5,6432,0,5,1300205,
,20.8,24.9,6,3772,11.82,-91,9.8,6430,0,5,1299905,
,19.8,25.8,20,3771,11.84,-90,10.2,6428,0,5,1299605,
,21.6,25.2,14,3770,11.87,-89,10.2,6426,0,5,1299305,
,18.6,21.8,28,3769,11.88,-90,10.5,6424,0,5,1299005,
,18.7,21.5,27,3768,11.91,-90,10.2,6422,0,5,1298705,
,18.6,22.4,30,3767,11.95,-90,10.5,6421,0,5,1298405,
,18.9,21.3,33,3766,11.98,-91,10.5,6419,0,5,1298105,
,17.1,19.3,28,3765,12.01,-91,10.2,6417,0,5,1297805,
,13.9,17.0,34,3764,12.05,-91,10.2,6415,0,5,1297505,
,14.5,17.2,25,3763,12.07,-91,9,6413,0,5,1297205,
,16.1,20.0,35,3762,12.09,-91,10.5,6412,0,5,1296905,
,16.7,20.9,33,3761,12.15,-91,10.8,6411,0,5,1296605,
,18.7,21.5,33,3760,12.20,-91,10.8,6409,0,5,1296305,
,19.3,22.3,28,3759,12.23,-90,10.5,6407,0,5,1296005,
,19.9,24.0,34,3758,12.22,-90,10.5,6405,0,5,1295705,
,21.0,25.3,33,3757,12.24,-90,10.5,6403,0,5,1295405,
,19.0,22.0,31,3756,12.24,-91,10,6401,0,5,1295105,
,20.5,23.5,28,3755,12.25,-90,10.5,6399,0,5,1294805,
,16.1,19.8,15,3754,12.27,-91,10.5,6397,0,5,1294505,
,14.7,16.0,12,3753,12.27,-91,10.8,6395,0,5,1294205,
,14.3,16.1,15,3752,12.27,-91,11.2,6394,0,5,1293905,
,14.5,16.1,16,3751,12.27,-91,11.2,6392,0,5,1293605,
,12.4,15.2,17,3750,12.24,-92,10,6390,0,5,1293305,
,12.3,14.9,15,3749,12.25,-91,10.8,6389,0,5,1293005,
,13.0,14.7,13,3748,12.25,-91,11,6387,0,5,1292705,
,10.5,11.9,19,3747,12.26,-91,10.2,6386,0,5,1292405,
,11.8,16.8,21,3746,12.26,-91,10.5,6384,0,5,1292105,
,13.1,17.1,4,3745,12.27,-92,10.8,6382,0,5,1291805,
,14.0,16.9,28,3744,12.26,-91,10.8,6380,0,5,1291505,
,14.0,17.8,28,3743,12.23,-91,10.5,6378,0,5,1291205,
,16.3,20.2,11,3742,12.24,-91,10.5,6376,0,5,1290905,
,15.1,17.9,7,3741,12.25,-90,10.8,6374,0,5,1290605,
,9.9,13.1,16,3740,12.25,-91,11,6372,0,5,1290305,
,13.1,15.1,16,3739,12.24,-91,10,6370,0,5,1290005,
,14.3,16.9,12,3738,12.25,-91,11,6368,0,5,1289705,
,16.9,20.0,1,3737,12.24,-92,10.5,6367,0,5,1289405,
,15.1,19.5,6,3736,12.23,-91,10,6365,0,5,1289105,
,17.0,21.2,8,3735,12.23,-91,10.2,6363,0,5,1288805,
,19.0,20.9,8,3734,12.26,-91,10.5,6361,0,5,1288505,
,17.5,20.0,356,3733,12.26,-91,10.5,6360,0,5,1288205,
,9.7,11.5,358,3732,12.27,-92,10.8,6359,0,5,1287905,
,9.5,12.1,351,3731,12.17,-92,10,6357,0,5,1287605,
,10.1,11.7,354,3730,12.03,-92,10.5,6356,0,5,1287305,
,9.3,11.2,352,3729,11.97,-92,10.5,6354,0,5,1287005,
,10.5,11.9,356,3728,11.95,-92,10.8,6352,0,5,1286705,
,11.3,14.4,357,3727,11.90,-92,10.5,6350,0,5,1286405,
,13.2,18.1,2,3726,11.90,-92,10.5,6348,0,5,1286105,
,16.6,19.5,4,3725,11.92,-91,10.2,6346,0,5,1285805,
,14.9,16.3,3,3724,11.92,-91,10.5,6344,0,5,1285505,
,13.7,14.9,5,3723,11.90,-91,10.8,6342,0,5,1285205,
,14.3,15.6,359,3722,11.87,-91,10,6340,0,5,1284905,
,13.9,16.9,0,3721,11.88,-91,10.8,6338,0,5,1284605,
,13.8,15.5,358,3720,11.90,-91,11,6336,0,5,1284305,
,14.4,15.9,357,3719,11.90,-91,10.5,6334,0,5,1284005,
,12.6,15.6,1,3718,11.90,-92,10.2,6332,0,5,1283705,
,13.5,15.2,5,3717,11.89,-92,10.2,6330,0,5,1283405,
,12.5,14.0,3,3716,11.87,-91,10.2,6328,0,5,1283105,
,11.1,12.3,2,3715,11.87,-92,10.5,6326,0,5,1282805,
,10.1,11.1,13,3714,11.88,-92,11,6325,0,5,1282505,
,9.8,11.1,7,3713,11.89,-91,11,6323,0,5,1282205,
,9.5,10.6,14,3712,11.89,-91,11,6322,0,5,1281905,
,9.6,10.4,17,3711,11.91,-91,10.5,6320,0,5,1281605,
,9.8,10.6,21,3710,11.88,-92,10.5,6318,0,5,1281305,
,8.1,9.0,21,3709,11.88,-92,10.5,6317,0,5,1281005,
,7.6,9.1,9,3708,11.86,-91,10.5,6315,0,5,1280705,
,9.1,10.0,1,3707,11.87,-92,10.8,6313,0,5,1280405,
,7.2,8.6,6,3706,11.88,-92,11,6311,0,5,1280105,
,8.0,9.1,13,3705,11.89,-91,10.8,6309,0,5,1279805,
,8.7,9.6,7,3704,11.88,-91,10.5,6307,0,5,1279505,
,8.6,9.6,6,3703,11.86,-92,10.5,6306,0,5,1279205,
,8.7,10.4,3,3702,11.87,-92,10.5,6304,0,5,1278905,
,8.5,9.2,6,3701,11.86,-91,10.2,6302,0,5,1278605,
,8.2,9.2,5,3700,11.87,-92,10.5,6300,0,5,1278305,
,7.5,8.4,8,3699,11.87,-91,10,6299,0,5,1278005,
,7.7,8.6,9,3698,11.88,-92,10.8,6297,0,5,1277705,
,7.7,8.4,14,3697,11.85,-91,10,6295,0,5,1277405,
,7.0,8.2,21,3696,11.83,-91,10.2,6293,0,5,1277105,
,8.3,9.6,22,3695,11.84,-91,10,6292,0,5,1276805,
,9.2,10.1,19,3694,11.83,-91,10.5,6291,0,5,1276505,
,9.9,11.9,14,3693,11.82,-92,10.5,6289,0,5,1276205,
,10.4,12.8,15,3692,11.80,-91,11,6287,0,5,1275905,
,12.3,14.3,11,3691,11.78,-92,10.2,6285,0,5,1275605,
,13.0,15.0,12,3690,11.78,-92,10.5,6284,0,5,1275305,
,14.0,16.3,9,3689,11.80,-91,10.8,6283,0,5,1275005,
,13.2,14.9,6,3688,11.81,-92,10.8,6281,0,5,1274705,
,13.3,15.5,4,3687,11.81,-91,10.2,6280,0,5,1274405,
,14.0,16.4,6,3686,11.80,-91,10.2,6279,0,5,1274105,
,13.2,15.2,3,3685,11.79,-92,10.8,6277,0,5,1273805,
,14.3,15.6,8,3684,11.77,-91,10.2,6276,0,5,1273505,
,13.5,15.7,3,3683,11.77,-92,11,6274,0,5,1273205,
,14.2,15.8,6,3682,11.77,-91,10,6272,0,5,1272905,
,15.4,16.8,3,3681,11.75,-91,10.2,6271,0,5,1272605,
,13.6,15.5,1,3680,11.74,-91,10,6270,0,5,1272305,
,13.6,15.2,5,3679,11.74,-92,10.8,6269,0,5,1272005,
,13.8,15.6,5,3678,11.70,-91,10.8,6267,0,5,1271705,
,13.6,15.8,5,3677,11.71,-92,10.5,6266,0,5,1271405,
,12.8,14.0,11,3676,11.73,-91,11,6265,0,5,1271105,
,11.5,13.1,16,3675,11.74,-92,10.8,6263,0,5,1270805,
,11.7,13.5,20,3674,11.74,-91,10.2,6261,0,5,1270505,
,13.1,15.9,15,3673,11.74,-92,10,6260,0,5,1270205,
,14.6,17.3,11,3672,11.72,-91,11,6259,0,5,1269905,
,16.1,17.8,4,3671,11.71,-91,10.2,6257,0,5,1269605,
,13.8,17.1,6,3670,11.71,-91,10.2,6255,0,5,1269305,
,12.2,14.3,9,3669,11.73,-92,10.5,6254,0,5,1269005,
,11.8,13.5,10,3668,11.72,-91,10,6252,0,5,1268705,
,11.5,13.5,7,3667,11.72,-91,10,6250,0,5,1268405,
,11.8,13.1,9,3666,11.71,-92,10.5,6249,0,5,1268105,
,11.5,12.7,9,3665,11.69,-92,10.5,6247,0,5,1267805,
,10.8,12.7,13,3664,11.67,-92,11,6246,0,5,1267505,
,10.4,12.7,8,3663,11.67,-92,11.2,6244,0,5,1267205,
,11.4,12.6,10,3662,11.69,-91,10.8,6243,0,5,1266905,
,11.1,13.5,8,3661,11.69,-92,10.2,6241,0,5,1266605,
,9.1,10.4,9,3660,11.68,-92,10.2,6239,0,5,1266305,
,8.4,10.1,5,3659,11.68,-91,10.8,6237,0,5,1266005,
,9.0,10.7,7,3658,11.66,-91,10.5,6235,0,5,1265705,
,9.4,11.1,6,3657,11.65,-92,10,6233,0,5,1265405,
,8.3,11.1,8,3656,11.67,-91,10.5,6231,0,5,1265105,
,9.6,11.0,9,3655,11.67,-91,10.5,6229,0,5,1264805,
,9.4,10.6,7,3654,11.67,-91,9.8,6228,0,5,1264508,
,10.0,11.1,7,3653,11.67,-91,10.5,6226,0,5,1264205,
,8.0,9.4,5,3652,11.66,-92,10.5,6224,0,5,1263905,
,8.2,9.6,10,3651,11.65,-91,10.2,6222,0,5,1263605,
,8.9,11.1,13,3650,11.67,-91,10.5,6220,0,5,1263305,
,10.2,11.4,10,3649,11.67,-91,11,6218,0,5,1263005,
,9.7,10.6,5,3648,11.68,-92,10.5,6216,0,5,1262705,
,10.4,11.6,6,3647,11.67,-93,10.8,6215,0,5,1262405,
,9.6,11.0,6,3646,11.67,-92,10.2,6213,0,5,1262105,
,9.2,10.4,4,3645,11.65,-92,10.8,6211,0,5,1261805,
,8.4,9.6,359,3644,11.65,-92,10.5,6209,0,5,1261505,
,8.9,10.3,354,3643,11.66,-91,11.2,6208,0,5,1261205,
,7.8,10.0,354,3642,11.67,-92,10.5,6207,0,5,1260905,
,8.7,10.5,357,3641,11.67,-91,10.5,6205,0,5,1260605,
,9.7,10.9,351,3640,11.68,-91,10,6203,0,5,1260305,
,7.9,8.9,352,3639,11.65,-91,10.8,6201,0,5,1260005,
,6.8,7.6,350,3638,11.66,-91,10.5,6199,0,5,1259705,
,6.9,7.7,359,3637,11.66,-92,10.8,6198,0,5,1259405,
,7.5,8.5,358,3636,11.67,-91,10.5,6197,0,5,1259105,
,8.0,9.2,355,3635,11.67,-92,10.8,6196,0,5,1258805,
,8.0,9.0,352,3634,11.67,-92,10.2,6195,0,5,1258505,
,7.9,8.7,342,3633,11.68,-92,10.8,6193,0,5,1258205,
,8.1,10.4,336,3632,11.66,-92,10.8,6191,0,5,1257905,
,9.9,12.6,344,3631,11.65,-92,10.8,6189,0,5,1257605,
,7.9,8.8,342,3630,11.67,-92,10,6188,0,5,1257305,
,4.8,7.5,327,3629,11.67,-91,10.8,6186,0,5,1257005,
,5.6,6.9,358,3628,11.67,-91,10.5,6184,0,5,1256705,
,6.2,7.7,1,3627,11.68,-91,10,6182,0,5,1256405,
,5.1,5.6,349,3626,11.66,-92,10.8,6180,0,5,1256105,
,4.5,5.1,0,3625,11.66,-91,10.2,6178,0,5,1255805,
,4.2,5.6,349,3624,11.66,-92,10.2,6177,0,5,1255505,
,4.7,5.5,347,3623,11.67,-91,10.8,6176,0,5,1255205,
,5.2,5.7,344,3622,11.67,-91,10.2,6174,0,5,1254905,
,5.3,6.0,339,3621,11.67,-91,10.8,6172,0,5,1254605,
,5.6,6.0,335,3620,11.67,-92,11.2,6170,0,5,1254305,
,4.9,5.3,338,3619,11.66,-92,10.8,6169,0,5,1254005,
,4.2,4.8,335,3618,11.66,-92,10.8,6167,0,5,1253705,
,4.6,4.8,342,3617,11.67,-92,10.8,6166,0,5,1253405,
,4.5,4.6,350,3616,11.68,-92,10.5,6164,0,5,1253105,
,2.8,3.0,349,3615,11.67,-91,10.5,6162,0,5,1252805,
,1.7,2.0,18,3614,11.67,-92,10.2,6160,0,5,1252505,
,1.5,2.6,23,3613,11.68,-92,10,6159,0,5,1252205,
,2.6,3.1,358,3612,11.66,-92,10,6158,0,5,1251905,
,2.9,3.3,357,3611,11.66,-92,10.8,6156,0,5,1251605,
,3.5,3.6,357,3610,11.67,-92,10,6154,0,5,1251305,
,3.3,3.7,21,3609,11.67,-92,10.8,6152,0,5,1251005,
,3.7,4.5,342,3608,11.67,-91,10.5,6150,0,5,1250705,
,4.3,4.5,339,3607,11.67,-92,10.2,6148,0,5,1250405,
,4.2,4.7,342,3606,11.66,-91,10.5,6146,0,5,1250105,
,4.8,5.4,335,3605,11.66,-91,10.2,6144,0,5,1249805,
,4.5,4.8,331,3604,11.67,-91,10.2,6142,0,5,1249505,
,4.4,4.9,339,3603,11.67,-92,10.5,6140,0,5,1249205,
,4.5,5.2,348,3602,11.67,-92,10.8,6138,0,5,1248905,
,4.9,5.8,350,3601,11.67,-91,10.5,6136,0,5,1248605,
,5.5,5.9,358,3600,11.67,-93,10.2,6134,0,5,1248305,
,4.5,5.0,342,3599,11.65,-92,10.8,6132,0,5,1248005,
,4.2,5.3,346,3598,11.66,-92,11,6130,0,5,1247705,
,4.6,5.2,334,3597,11.66,-92,10.2,6129,0,5,1247405,
,1.8,2.0,348,3596,11.67,-91,10.8,6128,0,5,1247105,
,1.6,1.7,333,3595,11.67,-91,10.5,6126,0,5,1246805,
,1.1,1.4,68,3594,11.67,-91,10.2,6124,0,5,1246505,
,1.4,1.5,111,3593,11.65,-92,10.5,6122,0,5,1246205,
,0.5,1.9,268,3592,11.65,-91,10.5,6120,0,5,1245905,
,1.3,1.9,300,3591,11.67,-92,10.2,6118,0,5,1245605,
,1.3,1.4,47,3590,11.67,-92,10.2,6116,0,5,1245305,
,0.5,0.8,110,3589,11.67,-92,10,6114,0,5,1245005,
,0.4,1.2,178,3588,11.67,-92,10.2,6112,0,5,1244705,
,1.1,1.5,52,3587,11.67,-92,10.5,6111,0,5,1244405,
,1.4,1.6,345,3586,11.65,-91,9.8,6109,0,5,1244105,
,0.8,0.9,331,3585,11.66,-92,11,6107,0,5,1243805,
,0.1,0.9,275,3584,11.67,-92,10.8,6105,0,5,1243505,
,0.6,0.8,47,3583,11.67,-92,11,6103,0,5,1243205,
,0.6,1.0,190,3582,11.67,-93,10.2,6101,0,5,1242905,
,0.7,1.2,146,3581,11.67,-92,10.5,6100,0,5,1242605,
,0.6,0.7,65,3580,11.65,-92,10,6099,0,5,1242305,
,0.4,0.4,219,3579,11.65,-92,10.2,6097,0,5,1242005,
,0.7,0.9,324,3578,11.67,-92,10.8,6095,0,5,1241705,
,0.7,1.1,317,3577,11.67,-92,10.5,6093,0,5,1241405,
,0.9,1.1,258,3576,11.67,-91,10,6091,0,5,1241105,
,1.4,1.7,199,3575,11.68,-92,10.8,6090,0,5,1240805,
,1.3,1.5,166,3574,11.67,-91,10.2,6088,0,5,1240505,
,1.0,1.1,146,3573,11.66,-91,10.5,6086,0,5,1240205,
,0.6,0.7,204,3572,11.65,-91,10.5,6084,0,5,1239905,
,0.4,0.9,271,3571,11.67,-91,10.8,6082,0,5,1239605,
,0.4,1.0,213,3570,11.67,-92,11,6080,0,5,1239305,
,1.3,1.6,158,3569,11.68,-92,10.5,6079,0,5,1239005,
,1.3,1.6,148,3568,11.67,-91,10,6077,0,5,1238705,
,1.2,1.5,132,3567,11.66,-92,10.5,6075,0,5,1238405,
,0.7,1.0,110,3566,11.66,-91,10.2,6073,0,5,1238105,
,0.9,1.1,58,3565,11.66,-92,10.2,6071,0,5,1237805,
,1.2,1.9,53,3564,11.67,-92,10.5,6069,0,5,1237505,
,2.2,2.5,59,3563,11.67,-92,10,6067,0,5,1237205,
,2.0,2.3,49,3562,11.67,-92,10.2,6066,0,5,1236905,
,2.2,2.5,32,3561,11.67,-91,10.2,6064,0,5,1236605,
,2.5,2.6,14,3560,11.65,-92,10.8,6062,0,5,1236305,
,2.6,2.7,357,3559,11.66,-92,11,6060,0,5,1236005,
,2.4,2.5,346,3558,11.67,-92,10.2,6058,0,5,1235705,
,1.7,2.7,23,3557,11.67,-91,10.5,6056,0,5,1235405,
,2.9,3.7,33,3556,11.68,-91,10.2,6054,0,5,1235105,
,3.1,3.4,21,3555,11.67,-91,10,6052,0,5,1234805,
,3.5,4.0,5,3554,11.65,-91,9.8,6050,0,5,1234505,
,3.8,4.0,351,3553,11.65,-91,10.2,6048,0,5,1234205,
,2.8,3.2,9,3552,11.66,-91,10.8,6046,0,5,1233905,
,2.3,2.6,41,3551,11.67,-91,10.5,6044,0,5,1233605,
,2.0,2.4,49,3550,11.67,-92,10.2,6042,0,5,1233305,
,2.2,2.4,60,3549,11.67,-92,10.2,6041,0,5,1233005,
,0.8,1.2,48,3548,11.67,-92,10,6039,0,5,1232705,
,0.7,1.9,76,3547,11.65,-92,10.5,6037,0,5,1232405,
,1.6,1.8,83,3546,11.66,-92,10.2,6035,0,5,1232105,
,0.3,0.9,226,3545,11.67,-92,10.2,6033,0,5,1231805,
,0.9,1.4,222,3544,11.68,-92,11.2,6031,0,5,1231505,
,1.2,1.4,198,3543,11.67,-91,10.5,6029,0,5,1231205,
,1.6,2.2,120,3542,11.67,-92,10.2,6027,0,5,1230905,
,2.2,2.8,119,3541,11.66,-91,10.8,6025,0,5,1230605,
,2.8,3.4,125,3540,11.65,-92,10.5,6023,0,5,1230305,
,2.9,3.1,110,3539,11.66,-91,10,6021,0,5,1230005,
,2.4,2.6,90,3538,11.67,-92,10.8,6019,0,5,1229705,
,1.9,2.0,88,3537,11.67,-91,10.8,6018,0,5,1229405,
,1.5,1.8,103,3536,11.67,-92,10.2,6016,0,5,1229105,
,1.8,2.3,104,3535,11.67,-91,10.2,6014,0,5,1228805,
,2.1,2.3,81,3534,11.66,-92,10.5,6012,0,5,1228505,
,2.4,3.4,60,3533,11.66,-92,9.8,6010,0,5,1228205,
,3.3,4.0,39,3532,11.67,-92,11,6008,0,5,1227905,
,3.8,4.1,34,3531,11.67,-91,10,6006,0,5,1227605,
,3.0,3.3,48,3530,11.67,-91,11,6005,0,5,1227305,
,3.0,3.6,66,3529,11.68,-91,10.2,6003,0,5,1227005,
,3.7,4.2,69,3528,11.66,-92,10,6001,0,5,1226705,
,3.7,4.0,82,3527,11.66,-92,10.5,5999,0,5,1226405,
,3.7,3.9,95,3526,11.66,-92,9.8,5998,0,5,1226105,
,3.1,3.3,91,3525,11.68,-91,10.2,5996,0,5,1225805,
,3.4,3.6,78,3524,11.69,-91,10,5994,0,5,1225505,
,3.3,3.4,87,3523,11.70,-91,10,5992,0,5,1225205,
,3.1,3.3,75,3522,11.70,-91,10.5,5990,0,5,1224905,
,3.2,4.3,63,3521,11.67,-91,10.5,5988,0,5,1224605,
,4.0,4.3,62,3520,11.67,-92,10.5,5986,0,5,1224305,
,4.2,4.7,50,3519,11.68,-91,10.8,5985,0,5,1224005,
,4.7,5.3,44,3518,11.69,-91,10.2,5983,0,5,1223705,
,4.7,5.2,34,3517,11.69,-91,11.2,5981,0,5,1223405,
,4.6,5.3,35,3516,11.69,-91,10.8,5979,0,5,1223105,
,4.6,5.8,18,3515,11.67,-91,11,5977,0,5,1222805,
,5.6,6.8,5,3514,11.68,-91,10.2,5975,0,5,1222505,
,6.4,6.9,354,3513,11.68,-91,10.8,5973,0,5,1222205,
,6.4,6.6,359,3512,11.71,-91,10,5972,0,5,1221905,
,5.2,5.6,16,3511,11.72,-91,10.5,5970,0,5,1221605,
,4.7,5.3,20,3510,11.71,-92,10.8,5968,0,5,1221305,
,4.4,4.7,31,3509,11.73,-91,11.2,5966,0,5,1221005,
,3.6,3.9,44,3508,11.71,-91,10,5964,0,5,1220705,
,3.7,3.9,53,3507,11.72,-91,10.8,5962,0,5,1220405,
,3.0,3.1,65,3506,11.75,-92,10.2,5960,0,5,1220105,
,2.5,3.1,51,3505,11.76,-91,11,5958,0,5,1219805,
,3.1,3.5,64,3504,11.77,-91,10,5956,0,5,1219505,
,2.7,3.0,78,3503,11.78,-91,11.2,5954,0,5,1219205,
,2.5,3.5,89,3502,11.78,-91,10.2,5952,0,5,1218905,
,3.7,4.0,102,3501,11.79,-91,10.2,5950,0,5,1218605,
,3.7,3.8,101,3500,11.81,-90,10.5,5948,0,5,1218305,
,3.3,3.4,81,3499,11.84,-91,10.5,5946,0,5,1218005,
,3.0,3.2,75,3498,11.87,-91,10.2,5944,0,5,1217705,
,3.2,3.8,55,3497,11.89,-91,10.8,5942,0,5,1217405,
,3.8,4.1,36,3496,11.93,-91,10,5940,0,5,1217105,
,3.8,4.2,39,3495,11.95,-91,10.2,5938,0,5,1216805,
,4.2,4.3,36,3494,12.00,-91,10.5,5936,0,5,1216505,
,3.5,3.8,51,3493,12.07,-91,10.2,5934,0,5,1216205,
,3.1,4.5,53,3492,12.13,-91,10.2,5933,0,5,1215905,
,4.2,4.3,49,3491,12.20,-92,10,5931,0,5,1215605,
,4.1,4.2,37,3490,12.24,-91,10.8,5929,0,5,1215305,
,3.3,3.6,38,3489,12.18,-91,10.2,5927,0,5,1215005,
,3.5,3.7,40,3488,12.21,-91,11,5925,0,5,1214705,
,3.7,4.2,36,3487,12.24,-91,10.2,5924,0,5,1214405,
,4.0,4.2,31,3486,12.26,-91,10.5,5922,0,5,1214105,
,3.8,3.9,30,3485,12.27,-91,10.2,5920,0,5,1213805,
,3.5,3.7,33,3484,12.27,-91,10,5918,0,5,1213505,
,3.1,3.6,48,3483,12.28,-91,10.8,5916,0,5,1213205,
,3.8,4.3,40,3482,12.26,-92,10.2,5914,0,5,1212905,
,3.3,3.4,39,3481,12.27,-91,10,5912,0,5,1212605,
,2.1,2.8,32,3480,12.28,-91,11,5910,0,5,1212305,
,3.2,4.8,12,3479,12.29,-91,10.2,5909,0,5,1212005,
,4.3,5.3,12,3478,12.30,-91,10,5907,0,5,1211705,
,5.2,6.1,358,3477,12.30,-92,10,5905,0,5,1211405,
,5.3,6.3,359,3476,12.30,-91,10,5903,0,5,1211105,
,5.4,6.0,7,3475,12.28,-91,10.5,5901,0,5,1210805,
,4.7,5.4,7,3474,12.28,-91,10.8,5899,0,5,1210505,
,4.8,5.2,12,3473,12.31,-91,10,5897,0,5,1210205,
,4.4,5.4,4,3472,12.32,-91,10.2,5895,0,5,1209905,
,4.9,7.5,354,3471,12.33,-91,10,5893,0,5,1209605,
,6.4,7.9,343,3470,12.32,-91,10.5,5891,0,5,1209305,
,7.2,8.2,347,3469,12.31,-91,10.2,5890,0,5,1209005,
,6.4,7.0,342,3468,12.31,-91,10.2,5888,0,5,1208705,
,5.3,5.7,341,3467,12.33,-92,10,5886,0,5,1208405,
,4.5,5.1,346,3466,12.34,-92,10.5,5884,0,5,1208105,
,4.9,5.5,338,3465,12.33,-92,10.5,5882,0,5,1207805,
,4.9,6.1,335,3464,12.34,-92,10.5,5880,0,5,1207505,
,5.4,6.7,350,3463,12.35,-92,10.8,5878,0,5,1207205,
,6.3,6.9,350,3462,12.33,-92,11,5877,0,5,1206905,
,5.7,7.0,338,3461,12.33,-91,10,5875,0,5,1206605,
,7.0,7.5,340,3460,12.35,-92,10,5873,0,5,1206305,
,6.9,7.4,340,3459,12.35,-92,10.8,5871,0,5,1206005,
,7.0,7.4,337,3458,12.35,-92,10.2,5869,0,5,1205705,
,6.8,7.7,336,3457,12.35,-91,10.8,5868,0,5,1205405,
,6.7,7.3,335,3456,12.34,-92,10.8,5866,0,5,1205106,
,6.7,7.3,341,3455,12.34,-92,10.5,5864,0,5,1204805,
,6.9,8.0,342,3454,12.35,-92,11,5862,0,5,1204505,
,5.8,6.4,331,3453,12.36,-92,10.5,5860,0,5,1204205,
,5.0,6.1,325,3452,12.37,-92,10.8,5858,0,5,1203905,
,4.7,6.8,320,3451,12.39,-91,10.5,5856,0,5,1203605,
,5.4,6.2,322,3450,12.39,-92,10.5,5854,0,5,1203305,
,4.8,6.0,324,3449,12.39,-92,10.5,5852,0,5,1203005,
,4.2,5.1,319,3448,12.39,-92,10.5,5850,0,5,1202705,
,4.5,5.6,321,3447,12.41,-92,10.5,5848,0,5,1202405,
,5.1,7.3,321,3446,12.42,-91,10.5,5846,0,5,1202105,
,5.5,6.7,321,3445,12.42,-93,10.2,5844,0,5,1201805,
,4.6,5.5,320,3444,12.44,-92,10.5,5842,0,5,1201505,
,5.3,6.2,310,3443,12.41,-92,10.5,5840,0,5,1201206,
,3.7,4.7,298,3442,12.42,-91,10.2,5838,0,5,1200905,
,3.4,5.2,313,3441,12.43,-92,10.8,5836,0,5,1200605,
,2.3,3.3,312,3440,12.44,-92,10.2,5834,0,5,1200305,
,1.6,1.9,309,3439,12.43,-92,10.8,5832,0,5,1200005,
,1.6,2.6,286,3438,12.41,-92,10.8,5831,0,5,1199705,
,2.5,3.6,286,3437,12.41,-93,10.5,5830,0,5,1199405,
,3.0,3.5,309,3436,12.39,-92,10,5828,0,5,1199106,
,2.8,3.6,296,3435,12.38,-92,10.8,5826,0,5,1198805,
,2.8,3.2,288,3434,12.39,-92,10.5,5824,0,5,1198505,
,2.4,3.8,283,3433,12.40,-92,10.5,5822,0,5,1198205,
,3.1,3.9,312,3432,12.40,-92,10.5,5820,0,5,1197905,
,2.4,3.0,307,3431,12.40,-92,10.5,5818,0,5,1197605,
,2.4,2.9,313,3430,12.40,-92,10.8,5816,0,5,1197305,
,1.3,1.6,261,3429,12.37,-93,10.8,5814,0,5,1197005,
,1.0,1.5,256,3428,12.37,-93,10.2,5812,0,5,1196705,
,1.8,2.8,302,3427,12.38,-92,10,5810,0,5,1196405,
,2.6,3.3,313,3426,12.37,-92,10.2,5809,0,5,1196105,
,3.2,3.8,332,3425,12.36,-92,10.2,5807,0,5,1195805,
,3.8,4.6,331,3424,12.35,-93,10.2,5806,0,5,1195505,
,4.7,6.7,336,3423,12.11,-92,10,5804,0,5,1195206,
,6.5,6.9,340,3422,12.00,-92,10.8,5803,0,5,1194905,
,6.0,6.4,341,3421,11.97,-93,10,5801,0,5,1194605,
,5.8,6.5,339,3420,11.97,-93,10.5,5799,0,5,1194305,
,5.9,6.3,332,3419,12.00,-93,10.2,5797,0,5,1194005,
,5.0,6.6,328,3418,12.04,-93,10.2,5796,0,5,1193705,
,4.9,6.1,318,3417,12.01,-92,10.8,5795,0,5,1193405,
,3.5,4.0,312,3416,12.03,-92,10.2,5793,0,5,1193106,
,2.4,2.6,310,3415,12.01,-92,10.2,5792,0,5,1192805,
,1.8,2.3,280,3414,12.01,-92,10.5,5790,0,5,1192505,
,1.0,2.0,254,3413,12.00,-92,10.2,5788,0,5,1192205,
,1.4,1.7,276,3412,12.00,-92,10.8,5787,0,5,1191905,
,0.9,1.4,93,3411,12.00,-93,10,5785,0,5,1191605,
,0.9,1.5,89,3410,11.97,-92,10.8,5783,0,5,1191306,
,0.6,1.5,256,3409,11.98,-92,10.8,5781,0,5,1191005,
,1.9,2.2,289,3408,11.93,-92,10.5,5779,0,5,1190705,
,2.1,2.2,284,3407,11.91,-92,10.2,5778,0,5,1190405,
,1.9,2.1,286,3406,11.91,-92,10.5,5776,0,5,1190105,
,1.7,2.0,301,3405,11.89,-92,10.2,5775,0,5,1189805,
,1.9,2.0,271,3404,11.87,-92,11,5773,0,5,1189505,
,1.5,1.8,237,3403,11.87,-92,10.8,5771,0,5,1189206,
,1.8,2.2,230,3402,11.85,-92,10.2,5770,0,5,1188905,
,2.3,2.7,229,3401,11.82,-92,10.8,5768,0,5,1188605,
,2.1,2.5,227,3400,11.79,-92,10.5,5766,0,5,1188305,
,2.0,2.1,238,3399,11.78,-92,11,5764,0,5,1188005,
,1.4,2.5,235,3398,11.77,-92,11,5762,0,5,1187705,
,2.2,3.2,258,3397,11.73,-92,10.8,5760,0,5,1187406,
,3.3,3.6,277,3396,11.72,-93,10.5,5758,0,5,1187105,
,3.6,4.7,233,3395,11.73,-92,11,5756,0,5,1186805,
,4.7,5.2,213,3394,11.74,-92,10.5,5755,0,5,1186505,
,3.6,4.0,217,3393,11.74,-92,10.5,5753,0,5,1186205,
,3.1,3.7,189,3392,11.73,-92,10,5751,0,5,1185905,
,3.7,3.8,160,3391,11.73,-92,10.8,5749,0,5,1185605,
,3.9,4.3,165,3390,11.69,-92,10.8,5747,0,5,1185306,
,4.1,4.2,175,3389,11.69,-91,10.8,5745,0,5,1185005,
,3.7,3.9,183,3388,11.72,-91,10.5,5744,0,5,1184705,
,3.9,4.3,189,3387,11.71,-92,10,5743,0,5,1184405,
,3.9,4.4,170,3386,11.71,-92,10.5,5741,0,5,1184105,
,3.9,4.2,170,3385,11.71,-92,10.5,5739,0,5,1183805,
,3.4,3.7,169,3384,11.68,-92,10.2,5737,0,5,1183506,
,2.9,3.7,203,3383,11.67,-92,10.8,5735,0,5,1183206,
,3.8,4.0,220,3382,11.66,-92,10.5,5733,0,5,1182905,
,4.0,4.2,233,3381,11.69,-92,10.2,5731,0,5,1182605,
,4.1,4.3,239,3380,11.67,-92,10.2,5729,0,5,1182305,
,3.8,4.0,237,3379,11.67,-92,10.5,5727,0,5,1182005,
,3.6,4.2,232,3378,11.67,-92,10.8,5725,0,5,1181705,
,4.1,5.0,229,3377,11.65,-92,10.5,5723,0,5,1181406,
,4.9,5.3,218,3376,11.64,-92,10.2,5721,0,5,1181105,
,4.5,5.3,211,3375,11.66,-92,10.5,5719,0,5,1180805,
,5.3,5.7,210,3374,11.66,-92,10.2,5718,0,5,1180505,
,4.8,5.4,212,3373,11.65,-92,10.2,5716,0,5,1180205,
,4.8,5.6,204,3372,11.66,-92,10.5,5714,0,5,1179905,
,5.4,5.7,213,3371,11.64,-92,10.5,5712,0,5,1179606,
,3.8,4.4,212,3370,11.64,-92,10.8,5711,0,5,1179306,
,4.0,4.1,234,3369,11.65,-92,10.5,5709,0,5,1179005,
,3.5,5.4,236,3368,11.66,-92,10,5707,0,5,1178705,
,4.4,4.8,248,3367,11.66,-91,10.2,5705,0,5,1178405,
,4.4,4.9,239,3366,11.66,-91,10.2,5703,0,5,1178105,
,2.7,5.1,249,3365,11.66,-91,10.8,5702,0,5,1177805,
,4.8,5.7,251,3364,11.65,-91,10.5,5700,0,5,1177506,
,5.4,7.7,261,3363,11.65,-91,10.8,5698,0,5,1177206,
,7.5,9.5,272,3362,11.66,-92,10.5,5697,0,5,1176905,
,8.5,10.0,280,3361,11.66,-92,10.5,5695,0,5,1176605,
,5.7,6.9,298,3360,11.67,-91,10.5,5693,0,5,1176305,
,3.8,5.0,315,3359,11.67,-92,10.5,5691,0,5,1176005,
,5.4,9.3,305,3358,11.66,-91,10.5,5689,0,5,1175706,
,11.6,13.9,295,3357,11.65,-91,10.2,5687,0,5,1175406,
,9.8,13.3,312,3356,11.66,-92,10.8,5686,0,5,1175105,
,11.2,13.6,325,3355,11.68,-92,10.2,5684,0,5,1174805,
,10.2,17.4,321,3354,11.69,-92,10.5,5683,0,5,1174505,
,11.3,14.0,313,3353,11.69,-91,10.8,5681,0,5,1174205,
,9.6,10.8,264,3352,11.70,-91,10.5,5679,0,5,1173905,
,9.8,12.4,256,3351,11.67,-91,10.8,5678,0,5,1173606,
,10.5,12.7,249,3350,11.67,-91,10.2,5676,0,5,1173306,
,11.2,13.2,246,3349,11.70,-91,10.5,5675,0,5,1173005,
,10.5,13.4,243,3348,11.69,-92,10.5,5674,0,5,1172705,
,12.2,14.9,243,3347,11.70,-91,11,5672,0,5,1172406,
,11.8,15.6,238,3346,11.70,-91,10,5670,0,5,1172105,
,11.0,13.7,237,3345,11.70,-91,10.8,5668,0,5,1171806,
,11.6,14.0,238,3344,11.67,-92,10.8,5667,0,5,1171506,
,11.5,14.4,234,3343,11.67,-91,10.2,5666,0,5,1171206,
,11.4,14.2,232,3342,11.71,-91,10.2,5664,0,5,1170906,
,11.6,13.1,230,3341,11.70,-91,11,5662,0,5,1170606,
,10.8,14.5,229,3340,11.71,-91,10.8,5661,0,5,1170306,
,11.4,15.0,232,3339,11.71,-91,11.2,5660,0,5,1170006,
,11.6,14.4,226,3338,11.67,-92,10,5658,0,5,1169706,
,12.0,13.6,231,3337,11.67,-91,10.2,5657,0,5,1169406,
,11.4,14.2,232,3336,11.69,-91,10.5,5656,0,5,1169106,
,11.6,15.2,232,3335,11.70,-92,11,5654,0,5,1168806,
,12.9,14.4,232,3334,11.69,-91,10.5,5652,0,5,1168506,
,11.9,15.6,234,3333,11.70,-91,10.8,5651,0,5,1168206,
,13.4,16.2,231,3332,11.69,-91,10,5649,0,5,1167906,
,13.4,16.2,231,3331,11.67,-92,10.8,5648,0,5,1167606,
,13.1,16.5,230,3330,11.67,-91,10.5,5646,0,5,1167306,
,13.1,16.7,229,3329,11.69,-91,10.8,5645,0,5,1167006,
,12.7,16.3,225,3328,11.70,-91,10.5,5644,0,5,1166706,
,13.3,15.9,226,3327,11.69,-91,10.8,5642,0,5,1166406,
,14.5,17.0,223,3326,11.71,-90,10.5,5641,0,5,1166106,
,14.1,15.6,224,3325,11.67,-91,10.5,5640,0,5,1165806,
,13.0,15.1,233,3324,11.67,-92,10.2,5639,0,5,1165506,
,13.7,16.0,234,3323,11.69,-91,10.8,5637,0,5,1165206,
,13.1,16.1,226,3322,11.70,-91,11,5635,0,5,1164906,
,13.5,16.5,226,3321,11.70,-91,10.2,5633,0,5,1164606,
,13.9,16.0,222,3320,11.70,-93,10.2,5631,0,5,1164306,
,14.0,16.6,214,3319,11.70,-92,10.5,5630,0,5,1164006,
,14.9,17.3,215,3318,11.67,-91,11,5628,0,5,1163706,
,14.6,17.1,224,3317,11.68,-90,10,5626,0,5,1163406,
,13.6,17.5,230,3316,11.71,-92,10.5,5624,0,5,1163106,
,12.9,16.1,227,3315,11.71,-92,10.2,5622,0,5,1162806,
,15.2,17.8,221,3314,11.69,-92,11,5620,0,5,1162506,
,14.4,18.8,220,3313,11.71,-92,11,5618,0,5,1162206,
,16.5,18.9,216,3312,11.67,-91,10.5,5617,0,5,1161906,
,15.9,18.5,215,3311,11.68,-92,11.2,5616,0,5,1161606,
,15.7,19.6,212,3310,11.70,-92,11,5614,0,5,1161306,
,17.6,21.6,207,3309,11.70,-90,10.8,5613,0,5,1161006,
,17.0,19.6,211,3308,11.70,-92,10.8,5612,0,5,1160706,
,16.3,18.0,209,3307,11.71,-92,9.8,5610,0,5,1160406,
,15.9,17.6,205,3306,11.71,-91,10.5,5609,0,5,1160106,
,14.4,17.2,211,3305,11.68,-92,10.8,5607,0,5,1159806,
,15.2,17.0,214,3304,11.68,-91,11,5606,0,5,1159506,
,14.3,16.8,218,3303,11.71,-92,11,5605,0,5,1159206,
,14.3,16.2,216,3302,11.71,-92,10.2,5604,0,5,1158906,
,14.8,16.8,218,3301,11.71,-92,10.8,5602,0,5,1158606,
,13.6,16.4,216,3300,11.71,-93,10.2,5600,0,5,1158306,
,15.7,17.5,216,3299,11.68,-93,10.2,5599,0,5,1158006,
,14.6,16.5,215,3298,11.68,-91,11,5597,0,5,1157706,
,15.5,17.8,213,3297,11.69,-93,10,5595,0,5,1157406,
,14.4,16.9,219,3296,11.71,-91,10.5,5594,0,5,1157106,
,14.1,18.4,223,3295,11.71,-93,10.2,5592,0,5,1156806,
,14.6,16.2,224,3294,11.71,-92,11,5590,0,5,1156506,
,12.3,15.0,220,3293,11.71,-92,10.5,5588,0,5,1156206,
,14.1,17.3,216,3292,11.68,-93,10.2,5586,0,5,1155906,
,13.4,17.9,214,3291,11.67,-92,10.5,5585,0,5,1155606,
,14.6,19.8,212,3290,11.71,-93,10.5,5583,0,5,1155306,
,15.1,18.0,211,3289,11.71,-92,10.5,5581,0,5,1155006,
,16.0,19.3,212,3288,11.71,-92,10.8,5579,0,5,1154706,
,14.2,17.3,211,3287,11.71,-92,10.5,5578,0,5,1154406,
,14.9,16.5,214,3286,11.68,-92,9.8,5576,0,5,1154106,
,13.7,16.0,213,3285,11.67,-91,11,5575,0,5,1153806,
,14.8,17.4,215,3284,11.68,-91,11,5574,0,5,1153506,
,15.3,17.4,215,3283,11.71,-92,10.5,5572,0,5,1153206,
,14.0,16.6,214,3282,11.70,-91,11.2,5570,0,5,1152906,
,15.2,17.0,218,3281,11.70,-92,10.5,5568,0,5,1152606,
,14.3,16.8,217,3280,11.70,-91,10.5,5567,0,5,1152306,
,13.4,16.3,217,3279,11.68,-92,10.2,5566,0,5,1152006,
,12.7,15.4,216,3278,11.69,-92,10.5,5564,0,5,1151706,
,13.1,16.7,219,3277,11.70,-92,10.5,5562,0,5,1151406,
,16.3,19.9,216,3276,11.72,-91,10.8,5560,0,5,1151106,
,15.6,17.6,217,3275,11.71,-92,10.2,5558,0,5,1150806,
,14.0,16.7,219,3274,11.71,-92,10.8,5557,0,5,1150506,
,14.6,17.5,215,3273,11.68,-92,10.5,5556,0,5,1150206,
,14.6,16.7,211,3272,11.68,-93,10.2,5555,0,5,1149906,
,14.5,16.8,211,3271,11.68,-93,10.2,5553,0,5,1149606,
,14.8,17.5,209,3270,11.70,-93,10.2,5551,0,5,1149306,
,14.8,17.6,210,3269,11.71,-92,10.8,5550,0,5,1149006,
,15.3,19.0,210,3268,11.71,-93,9.5,5549,0,5,1148706,
,14.5,16.1,208,3267,11.71,-93,10.2,5548,0,5,1148406,
,15.1,17.9,207,3266,11.68,-93,9.2,5546,0,5,1148106,
,14.0,17.0,201,3265,11.68,-93,10.8,5544,0,5,1147806,
,14.1,15.9,199,3264,11.71,-93,10,5542,0,5,1147506,
,13.2,16.5,201,3263,11.70,-93,10.5,5541,0,5,1147206,
,13.3,14.9,206,3262,11.70,-93,10.5,5539,0,5,1146906,
,12.6,15.2,203,3261,11.71,-93,10,5538,0,5,1146606,
,13.9,16.9,204,3260,11.71,-93,10.2,5536,0,5,1146306,
,13.6,15.8,203,3259,11.68,-93,10,5535,0,5,1146006,
,13.6,15.5,199,3258,11.68,-93,10.5,5533,0,5,1145706,
,13.3,16.1,198,3257,11.71,-92,10.8,5532,0,5,1145406,
,13.1,15.5,199,3256,11.71,-92,10.5,5531,0,5,1145106,
,13.0,15.2,197,3255,11.70,-92,10,5529,0,5,1144806,
,12.6,14.8,197,3254,11.71,-93,10.5,5527,0,5,1144506,
,12.2,14.8,202,3253,11.68,-92,10.5,5525,0,5,1144206,
,12.7,14.2,202,3252,11.68,-92,10.5,5523,0,5,1143906,
,11.5,12.6,204,3251,11.69,-92,10.5,5522,0,5,1143606,
,11.8,14.2,206,3250,11.70,-92,10.5,5520,0,5,1143306,
,10.9,12.2,203,3249,11.70,-93,10.5,5519,0,5,1143006,
,11.4,13.0,202,3248,11.71,-91,10.5,5517,0,5,1142706,
,11.4,12.7,201,3247,11.71,-92,10.2,5515,0,5,1142406,
,11.1,12.9,196,3246,11.68,-92,10.5,5513,0,5,1142106,
,10.6,12.3,195,3245,11.68,-91,10.5,5511,0,5,1141806,
,10.8,11.9,195,3244,11.71,-92,10.5,5509,0,5,1141506,
,10.8,12.1,196,3243,11.71,-93,10.5,5507,0,5,1141206,
,10.5,11.6,198,3242,11.71,-91,10.8,5505,0,5,1140906,
,11.0,12.7,197,3241,11.71,-92,10.8,5504,0,5,1140606,
,10.5,11.2,196,3240,11.70,-92,10.2,5502,0,5,1140306,
,10.2,11.8,199,3239,11.68,-92,10.2,5500,0,5,1140006,
,11.2,12.6,197,3238,11.71,-92,11,5498,0,5,1139706,
,12.8,16.0,202,3237,11.71,-92,10.5,5496,0,5,1139406,
,12.1,13.3,192,3236,11.72,-92,10.5,5494,0,5,1139106,
,11.6,13.2,192,3235,11.71,-91,10.8,5492,0,5,1138806,
,10.5,12.2,195,3234,11.72,-91,11.2,5490,0,5,1138506,
,10.7,12.9,192,3233,11.69,-91,10,5489,0,5,1138206,
,11.9,13.0,189,3232,11.70,-92,10.2,5488,0,5,1137906,
,11.8,14.5,189,3231,11.72,-91,11,5486,0,5,1137606,
,13.7,17.6,186,3230,11.72,-91,10,5484,0,5,1137306,
,13.3,15.5,187,3229,11.73,-91,10.5,5482,0,5,1137006,
,13.4,15.9,183,3228,11.73,-91,10.5,5480,0,5,1136706,
,13.5,17.9,184,3227,11.71,-91,10.2,5478,0,5,1136406,
,14.7,16.9,183,3226,11.71,-92,10.8,5476,0,5,1136106,
,13.2,15.5,183,3225,11.72,-91,10.5,5474,0,5,1135806,
,13.4,15.7,182,3224,11.72,-91,10.2,5472,0,5,1135506,
,13.7,16.4,182,3223,11.74,-90,10,5470,0,5,1135206,
,12.8,15.1,182,3222,11.74,-90,10.5,5468,0,5,1134906,
,12.4,14.6,184,3221,11.75,-91,9.8,5466,0,5,1134606,
,11.7,14.5,182,3220,11.73,-92,11.2,5464,0,5,1134306,
,11.9,13.6,185,3219,11.73,-90,10,5462,0,5,1134006,
,12.3,13.8,181,3218,11.76,-91,10.5,5460,0,5,1133706,
,11.3,14.2,181,3217,11.76,-90,10.5,5458,0,5,1133406,
,12.5,13.8,181,3216,11.77,-92,10.2,5456,0,5,1133106,
,12.5,14.0,181,3215,11.77,-91,9.8,5455,0,5,1132806,
,11.2,13.7,180,3214,11.76,-91,10.8,5453,0,5,1132506,
,11.5,13.2,181,3213,11.78,-91,10.2,5452,0,5,1132206,
,12.1,15.2,179,3212,11.79,-91,10.2,5450,0,5,1131906,
,12.5,14.5,182,3211,11.81,-91,10,5449,0,5,1131606,
,13.2,15.4,183,3210,11.83,-90,10.5,5447,0,5,1131306,
,11.8,13.3,181,3209,11.84,-91,10,5445,0,5,1131006,
,13.7,15.7,182,3208,11.86,-90,10.2,5443,0,5,1130706,
,13.0,16.5,181,3207,11.88,-90,10,5441,0,5,1130406,
,12.4,15.6,181,3206,11.90,-91,10.5,5439,0,5,1130106,
,14.5,16.5,182,3205,11.95,-92,11,5437,0,5,1129806,
,12.9,15.1,182,3204,11.99,-90,10,5435,0,5,1129506,
,12.9,16.0,182,3203,12.05,-91,10,5433,0,5,1129206,
,13.1,16.0,184,3202,12.09,-91,10.5,5432,0,5,1128906,
,13.5,16.2,184,3201,12.12,-91,11.2,5430,0,5,1128606,
,12.7,15.6,181,3200,12.17,-91,9.8,5428,0,5,1128306,
,13.6,16.1,182,3199,12.22,-92,10.8,5426,0,5,1128006,
,12.6,14.5,181,3198,12.27,-92,10.5,5424,0,5,1127706,
,12.5,14.6,180,3197,12.28,-91,10.5,5422,0,5,1127406,
,13.9,17.4,181,3196,12.29,-91,10.2,5420,0,5,1127106,
,12.2,16.7,181,3195,12.29,-91,10.2,5419,0,5,1126806,
,13.2,15.2,177,3194,12.27,-91,10.2,5417,0,5,1126506,
,13.3,15.6,177,3193,12.28,-91,10.5,5415,0,5,1126206,
,12.9,14.5,177,3192,12.30,-91,10.5,5413,0,5,1125906,
,13.3,15.9,172,3191,12.31,-91,11,5411,0,5,1125606,
,11.7,13.6,173,3190,12.30,-90,10.2,5409,0,5,1125306,
,11.9,14.0,172,3189,12.30,-91,10.2,5407,0,5,1125006,
,12.5,15.6,177,3188,12.28,-91,10.5,5405,0,5,1124706,
,12.0,13.3,177,3187,12.27,-90,10.5,5403,0,5,1124406,
,10.9,13.7,174,3186,12.27,-90,10.2,5401,0,5,1124106,
,12.1,14.3,176,3185,12.30,-91,9.8,5399,0,5,1123806,
,12.8,14.4,175,3184,12.31,-91,10.2,5397,0,5,1123506,
,13.1,14.7,180,3183,12.31,-90,10,5395,0,5,1123206,
,13.7,15.6,179,3182,12.31,-91,10.8,5393,0,5,1122906,
,12.0,15.3,175,3181,12.27,-90,10.5,5391,0,5,1122606,
,13.0,15.0,172,3180,12.28,-91,10.5,5389,0,5,1122306,
,11.6,13.1,178,3179,12.30,-91,10,5387,0,5,1122006,
,11.9,13.7,180,3178,12.30,-90,10.2,5386,0,5,1121706,
,12.9,16.8,178,3177,12.31,-91,10.5,5384,0,5,1121406,
,14.8,16.8,175,3176,12.31,-91,9.8,5383,0,5,1121106,
,13.3,15.0,180,3175,12.31,-91,10.2,5381,0,5,1120806,
,13.2,16.2,181,3174,12.29,-90,10.5,5379,0,5,1120506,
,13.4,15.2,178,3173,12.29,-90,10.5,5377,0,5,1120206,
,13.1,16.7,174,3172,12.32,-91,11,5375,0,5,1119906,
,14.4,16.5,178,3171,12.32,-90,10,5373,0,5,1119606,
,13.1,16.2,176,3170,12.33,-91,10,5371,0,5,1119306,
,14.4,16.5,177,3169,12.32,-92,10.5,5369,0,5,1119006,
,14.9,16.9,182,3168,12.30,-91,11,5367,0,5,1118706,
,13.2,15.4,178,3167,12.29,-90,10.5,5365,0,5,1118406,
,14.4,16.7,178,3166,12.31,-91,11,5363,0,5,1118106,
,14.1,16.5,180,3165,12.32,-91,10.8,5361,0,5,1117806,
,15.0,17.4,175,3164,12.32,-90,10.5,5360,0,5,1117506,
,16.3,18.0,176,3163,12.31,-92,10,5359,0,5,1117206,
,14.5,17.9,176,3162,12.32,-90,10.5,5357,0,5,1116906,
,15.0,18.7,178,3161,12.30,-91,10.5,5355,0,5,1116606,
,15.5,18.3,179,3160,12.30,-90,10.2,5354,0,5,1116306,
,14.2,16.8,179,3159,12.32,-90,10.8,5352,0,5,1116006,
,13.3,18.8,172,3158,12.32,-93,10.8,5350,0,5,1115706,
,13.9,16.9,172,3157,12.33,-92,10.5,5348,0,5,1115406,
,15.6,18.1,177,3156,12.32,-92,10.5,5347,0,5,1115106,
,13.9,16.6,173,3155,12.29,-92,10.5,5346,0,5,1114806,
,13.0,14.6,170,3154,12.11,-90,9.8,5345,0,5,1114506,
,11.1,15.2,167,3153,12.00,-91,10,5344,0,5,1114206,
,13.2,15.0,172,3152,12.01,-91,10.2,5343,0,5,1113906,
,14.2,15.7,176,3151,11.97,-91,10.2,5341,0,5,1113606,
,12.1,15.6,174,3150,11.93,-90,10.5,5340,0,5,1113306,
,12.5,16.1,170,3149,11.92,-91,10.2,5338,0,5,1113006,
,10.5,11.9,160,3148,11.87,-91,11,5336,0,5,1112706,
,10.2,12.0,161,3147,11.88,-90,10.8,5335,0,5,1112406,
,11.0,13.7,160,3146,11.90,-90,10.5,5333,0,5,1112106,
,11.8,15.2,161,3145,11.92,-90,10,5331,0,5,1111806,
,11.5,13.1,150,3144,11.90,-91,11,5329,0,5,1111506,
,13.4,16.1,153,3143,11.91,-91,10,5328,0,5,1111206,
,12.1,14.1,151,3142,11.89,-91,10,5326,0,5,1110906,
,12.1,15.2,150,3141,11.89,-91,10.8,5325,0,5,1110606,
,13.0,16.0,145,3140,11.89,-91,10.5,5323,0,5,1110306,
,10.3,12.2,147,3139,11.86,-91,10.8,5321,0,5,1110006,
,11.5,13.7,145,3138,11.86,-91,10.8,5319,0,5,1109706,
,11.5,15.5,144,3137,11.88,-91,10.5,5318,0,5,1109406,
,11.6,16.7,137,3136,11.87,-91,10.5,5316,0,5,1109106,
,12.2,16.8,134,3135,11.84,-91,10,5315,0,5,1108806,
,11.9,17.2,134,3134,11.86,-91,11,5314,0,5,1108506,
,12.9,17.1,139,3133,11.87,-90,10.8,5313,0,5,1108206,
,14.6,16.7,139,3132,11.88,-90,10.2,5311,0,5,1107906,
,12.4,17.4,140,3131,11.88,-91,10.2,5309,0,5,1107606,
,14.2,19.1,140,3130,11.89,-91,10.8,5307,0,5,1107306,
,13.5,18.1,144,3129,11.89,-92,11,5306,0,5,1107006,
,14.4,17.4,142,3128,11.89,-90,10.5,5305,0,5,1106706,
,14.2,16.6,138,3127,11.87,-92,10.5,5303,0,5,1106406,
,14.6,17.4,139,3126,11.86,-91,10.5,5301,0,5,1106106,
,12.3,15.7,145,3125,11.83,-91,10.8,5299,0,5,1105806,
,14.2,16.1,146,3124,11.81,-91,10.5,5297,0,5,1105506,
,15.5,17.9,140,3123,11.79,-92,10.8,5296,0,5,1105206,
,13.3,16.1,137,3122,11.76,-91,10,5294,0,5,1104906,
,9.8,13.2,124,3121,11.74,-92,10.8,5292,0,5,1104606,
,10.3,13.4,118,3120,11.77,-91,10.5,5290,0,5,1104306,
,9.1,14.0,125,3119,11.78,-92,11,5288,0,5,1104006,
,11.1,16.4,125,3118,11.78,-91,10.5,5286,0,5,1103706,
,12.9,16.1,124,3117,11.79,-91,10.8,5285,0,5,1103406,
,12.3,16.0,125,3116,11.77,-91,10.5,5284,0,5,1103106,
,13.0,17.3,123,3115,11.75,-91,10.8,5283,0,5,1102806,
,12.4,14.9,122,3114,11.74,-91,10.8,5281,0,5,1102506,
,13.0,16.3,122,3113,11.74,-91,10.5,5280,0,5,1102206,
,14.2,18.7,123,3112,11.74,-92,10.8,5278,0,5,1101906,
,12.7,17.6,124,3111,11.72,-90,9.5,5277,0,5,1101606,
,12.3,17.1,128,3110,11.72,-90,10.8,5275,0,5,1101306,
,12.5,16.9,129,3109,11.71,-91,10.2,5274,0,5,1101006,
,12.7,16.4,113,3108,11.69,-92,10.2,5272,0,5,1100706,
,11.7,16.5,124,3107,11.70,-91,10.2,5270,0,5,1100406,
,12.6,15.2,117,3106,11.69,-91,10.2,5268,0,5,1100106,
,10.7,16.0,117,3105,11.68,-91,10.8,5266,0,5,1099806,
,14.0,18.7,118,3104,11.67,-91,10.5,5265,0,5,1099506,
,14.4,17.0,111,3103,11.65,-90,10.2,5264,0,5,1099206,
,13.1,17.1,108,3102,11.65,-91,11,5262,0,5,1098906,
,11.2,13.6,99,3101,11.65,-91,10.8,5261,0,5,1098606,
,11.9,15.1,99,3100,11.66,-92,10.2,5259,0,5,1098306,
,13.7,15.2,101,3099,11.67,-92,10.2,5257,0,5,1098006,
,12.2,15.3,105,3098,11.67,-92,10.5,5256,0,5,1097706,
,13.9,17.1,102,3097,11.66,-92,10.5,5254,0,5,1097406,
,12.7,17.2,102,3096,11.65,-91,10.5,5253,0,5,1097106,
,11.3,14.5,103,3095,11.65,-91,10.5,5251,0,5,1096806,
,14.0,15.7,103,3094,11.66,-92,10,5249,0,5,1096506,
,12.9,16.6,99,3093,11.66,-91,10.5,5247,0,5,1096206,
,13.2,15.6,91,3092,11.66,-91,10.2,5246,0,5,1095906,
,12.4,16.1,93,3091,11.67,-90,10.8,5245,0,5,1095606,
,14.3,16.7,99,3090,11.67,-92,10,5243,0,5,1095306,
,13.6,17.4,101,3089,11.64,-91,10.8,5241,0,5,1095006,
,12.7,16.6,103,3088,11.64,-91,10,5239,0,5,1094706,
,11.9,15.4,100,3087,11.66,-90,10.2,5237,0,5,1094406,
,13.4,15.0,100,3086,11.65,-90,10.2,5235,0,5,1094106,
,13.6,16.2,104,3085,11.65,-92,10.5,5233,0,5,1093806,
,13.9,17.8,106,3084,11.65,-91,10.2,5231,0,5,1093506,
,13.4,15.0,103,3083,11.63,-92,10.8,5229,0,5,1093206,
,11.3,12.9,93,3082,11.63,-92,10.2,5228,0,5,1092906,
,11.4,14.3,90,3081,11.64,-91,10.8,5227,0,5,1092606,
,12.9,14.7,90,3080,11.64,-91,10.5,5225,0,5,1092306,
,13.5,16.1,97,3079,11.64,-91,11,5223,0,5,1092006,
,14.2,17.0,98,3078,11.65,-93,10.5,5221,0,5,1091706,
,15.3,17.7,95,3077,11.65,-90,10.5,5219,0,5,1091406,
,12.4,14.0,94,3076,11.62,-90,10,5218,0,5,1091106,
,12.9,14.7,92,3075,11.63,-92,10.8,5216,0,5,1090806,
,14.2,16.9,93,3074,11.64,-90,10.5,5214,0,5,1090506,
,15.3,17.4,86,3073,11.65,-91,10.2,5212,0,5,1090206,
,15.2,17.9,91,3072,11.65,-91,10.5,5210,0,5,1089906,
,12.6,16.4,88,3071,11.64,-91,10.8,5208,0,5,1089606,
,14.1,15.7,89,3070,11.63,-92,10.5,5206,0,5,1089306,
,13.8,17.2,92,3069,11.63,-91,11,5204,0,5,1089006,
,13.2,14.6,85,3068,11.65,-91,10.8,5202,0,5,1088706,
,13.7,16.5,84,3067,11.65,-92,10,5200,0,5,1088406,
,14.2,16.6,82,3066,11.65,-90,11,5198,0,5,1088106,
,13.4,17.0,85,3065,11.65,-91,10.8,5197,0,5,1087806,
,12.8,16.1,77,3064,11.64,-92,10.2,5195,0,5,1087506,
,11.3,12.8,75,3063,11.63,-91,10.8,5193,0,5,1087206,
,11.4,14.0,71,3062,11.62,-91,10.5,5191,0,5,1086906,
,12.3,15.3,78,3061,11.64,-91,11.2,5189,0,5,1086606,
,10.9,14.6,73,3060,11.64,-91,10.2,5188,0,5,1086306,
,12.2,14.1,67,3059,11.64,-91,10.2,5186,0,5,1086006,
,12.1,14.2,63,3058,11.64,-91,10,5184,0,5,1085706,
,11.9,14.0,60,3057,11.62,-91,10,5183,0,5,1085406,
,12.9,14.4,62,3056,11.62,-92,11,5182,0,5,1085106,
,12.1,14.4,67,3055,11.63,-91,10.5,5180,0,5,1084806,
,11.4,13.7,76,3054,11.65,-91,10.2,5178,0,5,1084506,
,13.0,15.1,64,3053,11.64,-92,11.2,5176,0,5,1084206,
,10.3,14.2,72,3052,11.64,-91,10.5,5175,0,5,1083906,
,13.2,15.7,76,3051,11.64,-91,10.2,5173,0,5,1083606,
,13.9,17.0,72,3050,11.63,-91,10.8,5172,0,5,1083306,
,13.9,15.6,65,3049,11.62,-91,11.5,5170,0,5,1083006,
,14.3,17.5,66,3048,11.64,-91,10.8,5168,0,5,1082706,
,13.5,16.2,66,3047,11.65,-91,11,5166,0,5,1082406,
,12.1,15.0,72,3046,11.65,-91,10.8,5164,0,5,1082106,
,13.3,14.6,64,3045,11.66,-90,9.5,5162,0,5,1081806,
,13.7,15.8,63,3044,11.62,-91,10.2,5160,0,5,1081506,
,13.9,15.7,68,3043,11.62,-91,10.8,5158,0,5,1081206,
,12.0,15.3,69,3042,11.63,-91,11,5156,0,5,1080906,
,12.9,15.4,74,3041,11.64,-90,10,5154,0,5,1080606,
,11.6,15.3,72,3040,11.64,-91,10.8,5153,0,5,1080306,
,15.5,19.0,79,3039,11.64,-91,10.2,5152,0,5,1080006,
,14.6,19.1,79,3038,11.64,-90,10.5,5151,0,5,1079706,
,12.5,18.4,74,3037,11.62,-90,10.5,5150,0,5,1079406,
,13.3,18.0,80,3036,11.62,-91,10.8,5148,0,5,1079106,
,15.3,21.4,77,3035,11.64,-90,10.2,5147,0,5,1078806,
,18.3,21.9,83,3034,11.65,-90,10.5,5145,0,5,1078506,
,18.2,20.6,79,3033,11.63,-91,11,5143,0,5,1078206,
,14.2,18.2,86,3032,11.65,-90,10.2,5142,0,5,1077906,
,13.1,15.9,75,3031,11.63,-91,10.2,5141,0,5,1077606,
,13.9,17.9,71,3030,11.63,-91,11,5139,0,5,1077306,
,14.8,17.8,67,3029,11.65,-91,10.8,5137,0,5,1077006,
,14.8,18.1,69,3028,11.66,-91,10.8,5135,0,5,1076706,
,16.1,20.1,66,3027,11.65,-91,10.5,5133,0,5,1076406,
,15.5,18.1,68,3026,11.65,-91,11,5131,0,5,1076106,
,16.7,21.0,72,3025,11.65,-91,10.8,5130,0,5,1075806,
,14.3,20.9,73,3024,11.64,-89,10.8,5128,0,5,1075506,
,16.2,19.1,71,3023,11.64,-91,10.8,5126,0,5,1075206,
,15.9,18.8,72,3022,11.66,-91,10.8,5124,0,5,1074906,
,16.0,20.0,68,3021,11.65,-91,10.8,5122,0,5,1074606,
,15.9,19.2,71,3020,11.65,-91,10.8,5121,0,5,1074306,
,15.6,21.7,68,3019,11.65,-91,12,5119,0,5,1074006,
,15.4,19.2,74,3018,11.63,-92,10.8,5117,0,5,1073706,
,16.0,20.0,73,3017,11.63,-91,10.5,5115,0,5,1073406,
,13.9,17.6,69,3016,11.64,-91,10.5,5113,0,5,1073106,
,14.9,22.2,71,3015,11.64,-91,10.8,5111,0,5,1072806,
,16.5,20.7,66,3014,11.65,-91,10.5,5109,0,5,1072506,
,16.9,20.3,70,3013,11.65,-91,10.5,5107,0,5,1072206,
,16.9,19.0,69,3012,11.65,-90,10.5,5105,0,5,1071906,
,15.8,19.6,69,3011,11.63,-90,10.5,5103,0,5,1071606,
,16.8,19.3,65,3010,11.62,-91,10.8,5101,0,5,1071306,
,15.9,19.7,72,3009,11.64,-91,10.2,5099,0,5,1071006,
,13.9,17.6,76,3008,11.64,-91,10.8,5097,0,5,1070706,
,15.1,18.1,79,3007,11.64,-91,9.8,5095,0,5,1070406,
,13.7,17.9,79,3006,11.63,-90,10.8,5093,0,5,1070106,
,14.7,19.4,73,3005,11.62,-91,10.8,5092,0,5,1069807,
,16.2,19.1,69,3004,11.62,-91,11,5090,0,5,1069506,
,13.9,18.3,78,3003,11.63,-91,10.5,5088,0,5,1069206,
,17.4,19.8,75,3002,11.64,-90,10.2,5087,0,5,1068906,
,15.2,19.4,80,3001,11.64,-90,10.5,5085,0,5,1068606,
,12.9,16.9,81,3000,11.65,-90,10.8,5083,0,5,1068306,
,12.3,17.6,79,2999,11.64,-91,11.2,5081,0,5,1068006,
,13.6,17.3,81,2998,11.62,-90,10.5,5079,0,5,1067706,
,14.4,19.0,80,2997,11.63,-90,10.5,5077,0,5,1067406,
,13.1,14.9,78,2996,11.65,-91,11,5075,0,5,1067106,
,13.5,17.9,78,2995,11.65,-91,11,5073,0,5,1066806,
,16.1,20.0,81,2994,11.66,-91,10.8,5072,0,5,1066506,
,17.1,20.2,86,2993,11.65,-92,10.5,5070,0,5,1066206,
,12.6,14.8,76,2992,11.64,-91,10.2,5068,0,5,1065907,
,12.8,16.6,79,2991,11.63,-92,10.8,5067,0,5,1065606,
,14.0,18.9,74,2990,11.64,-91,10.8,5065,0,5,1065306,
,14.6,16.4,69,2989,11.65,-91,10.5,5063,0,5,1065006,
,14.3,17.2,66,2988,11.65,-91,11,5061,0,5,1064706,
,15.2,17.9,67,2987,11.65,-91,10.5,5059,0,5,1064406,
,15.7,20.4,67,2986,11.64,-90,10.5,5057,0,5,1064106,
,15.6,20.5,66,2985,11.63,-91,10.8,5055,0,5,1063806,
,16.7,21.3,61,2984,11.63,-91,10.2,5054,0,5,1063506,
,18.7,22.2,67,2983,11.64,-91,11.2,5053,0,5,1063206,
,14.7,18.5,77,2982,11.64,-92,11,5052,0,5,1062906,
,15.4,19.3,71,2981,11.65,-90,10.5,5051,0,5,1062606,
,17.4,20.1,69,2980,11.65,-90,10.5,5049,0,5,1062306,
,16.2,19.7,82,2979,11.64,-91,10.8,5047,0,5,1062007,
,15.9,19.6,73,2978,11.64,-90,10.8,5046,0,5,1061706,
,17.3,23.0,82,2977,11.64,-90,10.5,5045,0,5,1061406,
,17.1,21.2,65,2976,11.65,-91,10.8,5044,0,5,1061106,
,16.8,19.4,63,2975,11.66,-91,10.8,5042,0,5,1060806,
,17.0,20.8,61,2974,11.66,-90,10.2,5040,0,5,1060506,
,17.8,21.0,63,2973,11.66,-91,11.5,5038,0,5,1060206,
,17.9,21.2,57,2972,11.64,-92,10.5,5036,0,5,1059907,
,18.1,21.9,60,2971,11.64,-91,11.5,5035,0,5,1059606,
,17.9,21.1,58,2970,11.65,-90,10.5,5033,0,5,1059306,
,17.2,19.8,55,2969,11.65,-90,10,5032,0,5,1059006,
,17.0,20.7,60,2968,11.65,-91,11.2,5030,0,5,1058706,
,18.5,21.6,55,2967,11.65,-91,11,5029,0,5,1058406,
,17.8,21.3,55,2966,11.63,-90,10,5027,0,5,1058107,
,17.6,22.1,57,2965,11.65,-91,10.8,5025,0,5,1057806,
,19.1,21.6,54,2964,11.63,-91,11.2,5024,0,5,1057506,
,17.0,21.4,54,2963,11.65,-91,11,5022,0,5,1057206,
,18.8,22.7,61,2962,11.65,-91,10.5,5020,0,5,1056906,
,18.8,23.6,55,2961,11.65,-90,10,5018,0,5,1056606,
,17.5,21.3,59,2960,11.65,-91,11,5016,0,5,1056306,
,19.5,23.8,56,2959,11.64,-91,10.8,5014,0,5,1056007,
,18.9,23.8,59,2958,11.63,-90,10.2,5012,0,5,1055706,
,19.4,23.9,58,2957,11.64,-91,10.8,5010,0,5,1055406,
,22.2,25.0,55,2956,11.65,-90,10.5,5009,0,5,1055106,
,21.2,25.4,54,2955,11.65,-90,10.8,5007,0,5,1054806,
,19.9,22.1,56,2954,11.65,-91,10.8,5005,0,5,1054506,
,19.1,24.5,56,2953,11.63,-90,10.2,5004,0,5,1054207,
,19.6,23.8,55,2952,11.63,-91,10.5,5003,0,5,1053906,
,20.2,23.8,54,2951,11.64,-90,10,5002,0,5,1053606,
,20.2,23.8,54,2951,11.64,-90,10,5002,0,5,1053606,
,18.6,23.2,54,2950,11.65,-90,10.5,5000,0,5,1053306,
,19.6,22.4,56,2949,11.65,-91,10.8,4999,0,5,1053006,
,19.8,23.6,54,2948,11.65,-90,10.5,4998,0,5,1052706,
,19.6,23.9,53,2947,11.65,-90,10.8,4997,0,5,1052410,
,20.0,24.6,58,2946,11.63,-90,10.8,4995,0,5,1052107,
,19.2,24.3,58,2945,11.63,-91,10.8,4994,0,5,1051806,
,22.8,27.8,50,2944,11.65,-90,10.5,4993,0,5,1051506,
,21.7,27.7,52,2943,11.65,-91,10.5,4991,0,5,1051206,
,22.0,25.9,48,2942,11.65,-90,10.5,4989,0,5,1050906,
,20.9,23.8,47,2941,11.65,-91,10.8,4987,0,5,1050606,
,19.8,22.9,47,2940,11.64,-90,10.5,4985,0,5,1050307,
,19.8,25.8,55,2939,11.63,-90,10.2,4983,0,5,1050007,
,21.2,25.5,45,2938,11.64,-90,10.8,4981,0,5,1049706,
,21.8,26.0,47,2937,11.65,-90,10.5,4979,0,5,1049406,
,20.4,27.3,55,2936,11.66,-90,10.8,4977,0,5,1049106,
,22.1,27.5,52,2935,11.67,-89,10.8,4975,0,5,1048806,
,22.6,26.9,44,2934,11.66,-88,11.2,4973,0,5,1048506,
,20.7,25.0,55,2933,11.65,-90,10.5,4971,0,5,1048207,
,22.3,26.4,45,2932,11.65,-90,10.8,4969,0,5,1047906,
,21.1,25.2,48,2931,11.67,-90,10.5,4967,0,5,1047606,
,20.2,26.6,44,2930,11.69,-90,10.5,4965,0,5,1047306,
,22.3,26.7,50,2929,11.67,-90,10.8,4963,0,5,1047006,
,21.2,25.2,52,2928,11.70,-90,10.5,4961,0,5,1046706,
,21.4,26.3,53,2927,11.67,-90,10.2,4959,0,5,1046407,
,22.2,24.7,48,2926,11.68,-90,10.8,4957,0,5,1046107,
,23.2,26.9,42,2925,11.71,-90,10.5,4955,0,5,1045806,
,23.0,26.6,54,2924,11.73,-90,11,4953,0,5,1045506,
,21.6,26.4,48,2923,11.76,-90,10.8,4952,0,5,1045206,
,21.9,27.8,48,2922,11.75,-89,11.2,4951,0,5,1044906,
,22.7,26.7,45,2921,11.78,-90,10.5,4949,0,5,1044606,
,21.4,28.0,46,2920,11.77,-90,10.2,4947,0,5,1044307,
,19.0,27.6,51,2919,11.80,-90,10.5,4945,0,5,1044007,
,22.9,26.1,42,2918,11.84,-90,10.5,4943,0,5,1043706,
,22.3,28.1,50,2917,11.87,-89,11,4941,0,5,1043406,
,23.1,27.0,47,2916,11.91,-90,10.8,4939,0,5,1043106,
,21.9,25.9,44,2915,11.95,-91,10.5,4937,0,5,1042806,
,20.8,26.5,53,2914,11.95,-90,10.5,4935,0,5,1042507,
,23.2,26.1,49,2913,11.98,-90,10.5,4933,0,5,1042207,
,22.7,26.8,45,2912,12.03,-90,11.2,4931,0,5,1041906,
,22.3,27.6,43,2911,12.07,-90,10.2,4929,0,5,1041606,
,21.7,26.4,39,2910,12.10,-88,11.2,4927,0,5,1041306,
,21.5,26.2,53,2909,12.14,-90,10.8,4925,0,5,1041006,
,19.9,25.6,41,2908,12.17,-90,10.8,4923,0,5,1040706,
,22.7,27.4,44,2907,12.18,-90,10.2,4921,0,5,1040407,
,22.6,24.5,40,2906,12.21,-90,10.5,4919,0,5,1040107,
,21.9,27.5,44,2905,12.23,-89,10.8,4917,0,5,1039806,
,21.7,26.9,46,2904,12.23,-89,11.2,4915,0,5,1039506,
,22.9,26.8,47,2903,12.24,-91,11,4914,0,5,1039206,
,22.3,28.5,43,2902,12.23,-90,10.2,4913,0,5,1038906,
,22.1,27.4,47,2901,12.20,-90,10.5,4912,0,5,1038607,
,22.1,27.4,47,2901,12.20,-90,10.5,4912,0,5,1038607,
,21.9,26.9,43,2900,12.20,-90,10.5,4910,0,5,1038307,
,22.6,27.3,45,2899,12.22,-90,10.2,4908,0,5,1038006,
,22.2,28.5,43,2898,12.23,-89,11,4906,0,5,1037706,
,22.1,25.4,49,2897,12.23,-90,10.2,4904,0,5,1037407,
,23.6,27.1,44,2896,12.24,-90,10.5,4902,0,5,1037106,
,21.0,28.1,40,2895,12.24,-90,10.8,4900,0,5,1036807,
,20.4,27.2,47,2894,12.22,-90,10.8,4899,0,5,1036507,
,21.3,27.3,46,2893,12.22,-90,10,4898,0,5,1036207,
,20.5,26.5,47,2892,12.23,-89,11,4896,0,5,1035906,
,23.3,27.1,41,2891,12.24,-90,10.8,4895,0,5,1035607,
,23.3,27.7,44,2890,12.24,-90,10.8,4894,0,5,1035307,
,21.3,25.6,51,2889,12.22,-90,10.8,4893,0,5,1035007,
,20.9,27.3,44,2888,12.24,-91,10.8,4892,0,5,1034707,
,23.1,25.5,48,2887,12.22,-90,10.2,4891,0,5,1034407,
,23.0,26.2,48,2886,12.24,-90,10.5,4890,0,5,1034107,
,23.1,25.8,44,2885,12.26,-90,10.5,4888,0,5,1033807,
,20.5,26.1,42,2884,12.24,-90,10.2,4887,0,5,1033507,
,20.3,24.5,42,2883,12.24,-89,10.5,4886,0,5,1033207,
,21.1,25.3,49,2882,12.24,-90,10.2,4885,0,5,1032907,
,22.6,26.3,43,2881,12.23,-90,10,4884,0,5,1032607,
,21.5,27.6,43,2880,12.23,-90,10.5,4883,0,5,1032307,
,21.2,25.3,43,2879,12.24,-90,11,4882,0,5,1032007,
,21.2,26.7,41,2878,12.25,-90,10.5,4881,0,5,1031707,
,21.9,26.3,47,2877,12.25,-90,10.5,4879,0,5,1031407,
,21.9,26.5,39,2876,12.25,-90,10.5,4878,0,5,1031107,
,21.2,23.8,38,2875,12.26,-90,10.8,4877,0,5,1030807,
,21.9,24.8,47,2874,12.23,-90,10.5,4876,0,5,1030507,
,22.4,25.2,42,2873,12.23,-90,10.2,4874,0,5,1030207,
,22.3,26.2,40,2872,12.25,-90,10.5,4872,0,5,1029907,
,21.8,27.3,42,2871,12.25,-90,10.5,4870,0,5,1029607,
,21.8,24.5,37,2870,12.25,-91,10.2,4869,0,5,1029307,
,22.7,25.7,38,2869,12.26,-91,10.2,4867,0,5,1029007,
,22.1,26.5,42,2868,12.25,-91,10.8,4865,0,5,1028707,
,22.6,26.0,41,2867,12.24,-90,10.2,4864,0,5,1028407,
,21.2,27.3,37,2866,12.25,-91,11.5,4863,0,5,1028107,
,21.8,28.1,38,2865,12.25,-90,10.5,4862,0,5,1027807,
,20.4,24.5,36,2864,12.26,-90,10.5,4860,0,5,1027507,
,20.5,24.9,43,2863,12.27,-90,10.5,4859,0,5,1027207,
,21.6,26.9,37,2862,12.27,-91,11.2,4858,0,5,1026907,
,20.1,24.3,45,2861,12.25,-91,11.5,4857,0,5,1026607,
,21.2,24.9,47,2860,12.25,-89,10.8,4855,0,5,1026307,
,23.2,26.2,39,2859,12.29,-90,10.8,4854,0,5,1026007,
,20.2,24.8,38,2858,12.29,-91,10.2,4853,0,5,1025707,
,22.4,25.4,37,2857,12.27,-90,10.2,4852,0,5,1025407,
,21.5,24.5,35,2856,12.27,-90,11,4851,0,5,1025107,
,20.3,24.9,42,2855,12.26,-91,11.2,4850,0,5,1024807,
,21.5,25.6,38,2854,12.03,-90,10.2,4849,0,5,1024507,
,21.6,24.4,37,2853,12.03,-90,10.5,4848,0,5,1024207,
,20.7,25.4,39,2852,11.96,-90,10.5,4847,0,5,1023907,
,22.4,25.6,34,2851,11.95,-91,11.2,4846,0,5,1023607,
,23.1,26.7,39,2850,11.96,-89,10.5,4845,0,5,1023307,
,21.7,25.2,44,2849,11.97,-90,10.5,4844,0,5,1023007,
,23.6,26.3,39,2848,11.97,-90,10.8,4843,0,5,1022707,
,23.6,25.9,35,2847,11.90,-91,11.2,4842,0,5,1022407,
,22.6,26.7,43,2846,11.90,-88,11,4841,0,5,1022107,
,20.4,25.5,39,2845,11.95,-91,11,4840,0,5,1021807,
,22.5,29.1,41,2844,11.87,-91,10.8,4839,0,5,1021507,
,25.0,28.5,35,2843,11.89,-90,10.5,4838,0,5,1021207,
,22.5,26.8,36,2842,11.86,-90,10.5,4836,0,5,1020907,
,22.0,26.0,34,2841,11.86,-90,10,4835,0,5,1020607,
,24.4,28.3,38,2840,11.84,-91,10.5,4834,0,5,1020307,
,22.7,27.2,35,2839,11.90,-90,11,4833,0,5,1020007,
,22.3,28.9,38,2838,11.82,-90,10.2,4832,0,5,1019707,
,23.4,28.1,30,2837,11.82,-90,11,4831,0,5,1019407,
,23.0,26.5,29,2836,11.82,-91,10,4830,0,5,1019107,
,21.7,27.4,33,2835,11.80,-91,11,4829,0,5,1018807,
,23.7,29.3,30,2834,11.82,-92,10,4828,0,5,1018507,
,23.6,27.6,37,2833,11.87,-90,10.2,4827,0,5,1018207,
,23.9,27.8,29,2832,11.88,-90,10.5,4826,0,5,1017907,
,23.2,28.8,34,2831,11.86,-91,11.5,4825,0,5,1017607,
,26.6,29.8,34,2830,11.84,-90,10.2,4824,0,5,1017307,
,22.6,28.8,30,2829,11.80,-91,11.2,4823,0,5,1017007,
,25.4,28.6,30,2828,11.82,-90,10.5,4822,0,5,1016707,
,23.7,26.8,27,2827,11.85,-90,10.5,4820,0,5,1016407,
,22.2,26.3,36,2826,11.86,-91,10.5,4819,0,5,1016107,
,21.3,25.2,35,2825,11.89,-91,10.5,4818,0,5,1015807,
,20.9,25.2,32,2824,11.92,-91,11,4817,0,5,1015507,
,22.3,25.6,32,2823,11.86,-90,10.5,4816,0,5,1015207,
,21.5,25.8,38,2822,11.82,-90,10.5,4815,0,5,1014907,
,21.2,24.2,32,2821,11.85,-91,11.2,4813,0,5,1014607,
,18.2,22.4,32,2820,11.88,-91,11.8,4811,0,5,1014307,
,19.4,24.0,36,2819,11.87,-91,11.2,4810,0,5,1014007,
,18.9,23.6,31,2818,11.83,-91,11,4809,0,5,1013707,
,19.5,21.8,24,2817,11.86,-91,11,4807,0,5,1013407,
,19.4,23.6,21,2816,11.77,-91,11.2,4806,0,5,1013107,
,20.4,22.9,22,2815,11.76,-91,11.2,4805,0,5,1012807,
,19.8,24.2,18,2814,11.73,-91,10.5,4804,0,5,1012507,
,19.7,23.8,25,2813,11.75,-92,10.5,4803,0,5,1012207,
,19.7,26.3,18,2812,11.75,-91,11.2,4802,0,5,1011907,
,21.6,25.1,24,2811,11.74,-91,10.8,4800,0,5,1011607,
,21.7,26.0,19,2810,11.72,-91,11,4799,0,5,1011307,
,22.3,24.6,20,2809,11.69,-90,10,4798,0,5,1011007,
,21.9,25.0,14,2808,11.67,-91,10.5,4796,0,5,1010707,
,21.6,24.5,24,2807,11.69,-91,10.8,4795,0,5,1010407,
,21.6,26.1,24,2806,11.68,-91,10.2,4794,0,5,1010107,
,20.9,26.4,18,2805,11.67,-91,11,4792,0,5,1009807,
,23.0,27.1,22,2804,11.67,-90,10.8,4790,0,5,1009507,
,21.6,24.8,23,2803,11.65,-90,11,4788,0,5,1009207,
,21.4,28.1,12,2802,11.64,-91,11,4786,0,5,1008907,
,22.3,26.7,23,2801,11.64,-91,11.5,4784,0,5,1008607,
,23.1,27.2,15,2800,11.65,-91,11.5,4783,0,5,1008307,
,23.8,25.7,16,2799,11.64,-91,10.8,4781,0,5,1008007,
,22.4,26.9,18,2798,11.63,-91,11,4780,0,5,1007707,
,22.7,25.2,21,2797,11.64,-91,11.2,4778,0,5,1007407,
,21.0,26.2,22,2796,11.62,-90,10.2,4777,0,5,1007107,
,21.2,25.1,19,2795,11.63,-90,10.2,4776,0,5,1006807,
,22.3,25.7,17,2794,11.64,-91,11.2,4774,0,5,1006507,
,21.2,24.3,16,2793,11.65,-91,11.5,4773,0,5,1006207,
,22.4,27.6,19,2792,11.65,-90,10.5,4771,0,5,1005907,
,24.4,26.2,14,2791,11.64,-91,10.8,4770,0,5,1005607,
,22.8,26.4,17,2790,11.63,-91,10.8,4769,0,5,1005307,
,22.7,25.7,17,2789,11.62,-90,10.8,4768,0,5,1005007,
,21.3,26.6,17,2788,11.62,-90,10.2,4767,0,5,1004707,
,22.0,25.7,13,2787,11.64,-91,11,4766,0,5,1004407,
,21.6,25.6,15,2786,11.65,-90,10.5,4765,0,5,1004107,
,21.9,25.4,11,2785,11.65,-91,11.2,4763,0,5,1003807,
,24.2,26.5,13,2784,11.64,-91,11.2,4761,0,5,1003507,
,23.7,27.1,11,2783,11.61,-90,10.2,4759,0,5,1003207,
,21.1,26.2,13,2782,11.61,-90,10.8,4757,0,5,1002907,
,24.1,27.8,12,2781,11.63,-91,10,4755,0,5,1002607,
,23.6,27.0,8,2780,11.63,-90,10.8,4753,0,5,1002307,
,23.7,26.8,16,2779,11.63,-90,10.2,4751,0,5,1002007,
,21.3,27.8,12,2778,11.64,-89,10.5,4749,0,5,1001707,
,23.1,28.6,12,2777,11.62,-90,10.2,4748,0,5,1001407,
,24.1,28.4,9,2776,11.63,-91,10,4747,0,5,1001107,
,24.0,27.1,12,2775,11.63,-90,10.2,4745,0,5,1000807,
,21.1,27.1,13,2774,11.64,-89,10.5,4744,0,5,1000507,
,22.6,26.6,13,2773,11.63,-90,10.2,4742,0,5,1000207,
,21.9,26.3,10,2772,11.64,-90,10.8,4740,0,5,999907,
,22.6,25.8,10,2771,11.64,-90,10.2,4739,0,5,999607,
,20.7,23.8,15,2770,11.62,-90,10.2,4737,0,5,999307,
,21.4,24.7,21,2769,11.62,-91,10.5,4736,0,5,999007,
,22.3,25.5,20,2768,11.64,-91,10.8,4735,0,5,998707,
,19.5,22.3,21,2767,11.65,-91,10.5,4734,0,5,998407,
,19.1,21.4,14,2766,11.64,-91,10.8,4733,0,5,998107,
,18.8,20.8,12,2765,11.64,-90,10.5,4732,0,5,997807,
,18.2,21.9,14,2764,11.63,-90,10.2,4731,0,5,997507,
,16.8,20.8,14,2763,11.63,-91,11,4729,0,5,997207,
,18.0,21.4,15,2762,11.63,-91,10.5,4728,0,5,996907,
,17.3,19.3,21,2761,11.64,-90,10.5,4727,0,5,996607,
,17.3,20.7,20,2760,11.65,-91,11,4725,0,5,996307,
,17.6,20.3,16,2759,11.64,-90,11,4724,0,5,996007,
,16.6,20.5,22,2758,11.65,-91,11,4722,0,5,995707,
,16.3,20.4,13,2757,11.62,-91,11,4720,0,5,995407,
,16.7,20.5,14,2756,11.63,-91,10.5,4719,0,5,995107,
,16.7,19.2,6,2755,11.65,-91,11.2,4717,0,5,994807,
,17.3,20.9,18,2754,11.65,-91,10.5,4715,0,5,994507,
,16.5,19.3,20,2753,11.65,-91,10.5,4714,0,5,994207,
,14.7,17.1,15,2752,11.65,-91,11,4713,0,5,993907,
,11.7,17.3,0,2751,11.64,-92,10.5,4711,0,5,993607,
,10.7,12.4,7,2750,11.63,-91,10.5,4710,0,5,993307,
,9.7,11.0,2,2749,11.63,-92,10.2,4708,0,5,993007,
,10.7,13.1,2,2748,11.64,-91,11.2,4707,0,5,992707,
,9.9,13.2,2,2747,11.64,-92,10.2,4706,0,5,992407,
,10.4,14.1,3,2746,11.64,-91,11,4704,0,5,992107,
,11.5,14.4,351,2745,11.65,-91,10.2,4703,0,5,991807,
,10.6,12.4,358,2744,11.63,-91,10.8,4701,0,5,991507,
,11.4,14.0,359,2743,11.63,-92,10.5,4700,0,5,991207,
,10.4,12.8,358,2742,11.64,-91,10.5,4699,0,5,990907,
,11.8,13.7,351,2741,11.62,-91,10.2,4697,0,5,990607,
,11.5,13.4,1,2740,11.64,-91,11.8,4696,0,5,990307,
,12.3,14.2,2,2739,11.65,-92,10.2,4694,0,5,990007,
,10.7,12.9,346,2738,11.65,-91,11,4692,0,5,989707,
,10.5,12.2,356,2737,11.63,-91,11,4691,0,5,989407,
,11.6,13.4,1,2736,11.62,-91,10.2,4690,0,5,989107,
,9.6,12.4,356,2735,11.63,-91,11.2,4689,0,5,988807,
,12.0,13.4,5,2734,11.64,-91,10.5,4688,0,5,988507,
,11.0,13.1,356,2733,11.64,-91,11,4687,0,5,988207,
,11.9,14.1,358,2732,11.64,-91,11,4686,0,5,987907,
,10.2,14.2,1,2731,11.62,-91,11.2,4684,0,5,987607,
,11.8,15.6,350,2730,11.63,-91,11.2,4683,0,5,987307,
,12.1,13.9,349,2729,11.64,-91,11,4682,0,5,987007,
,10.6,13.9,353,2728,11.64,-91,10.2,4681,0,5,986707,
,13.0,15.2,355,2727,11.65,-90,11,4680,0,5,986407,
,12.6,14.7,0,2726,11.64,-91,11,4679,0,5,986107,
,13.5,15.5,354,2725,11.65,-91,10.2,4678,0,5,985807,
,13.9,16.3,1,2724,11.63,-91,10.8,4677,0,5,985507,
,12.3,15.2,354,2723,11.63,-90,10.5,4675,0,5,985207,
,12.8,16.5,351,2722,11.64,-90,10.5,4673,0,5,984907,
,14.9,16.6,354,2721,11.65,-91,10.5,4671,0,5,984607,
,14.4,16.1,3,2720,11.64,-91,10.8,4669,0,5,984307,
,11.6,14.7,348,2719,11.65,-91,10.8,4667,0,5,984007,
,13.4,16.9,350,2718,11.63,-90,10.5,4666,0,5,983707,
,14.5,16.3,0,2717,11.62,-90,10.8,4665,0,5,983407,
,13.9,18.5,359,2716,11.64,-91,11,4664,0,5,983107,
,13.6,18.2,357,2715,11.64,-91,10.8,4663,0,5,982807,
,15.3,18.1,5,2714,11.65,-91,9.8,4662,0,5,982507,
,14.3,16.2,7,2713,11.65,-91,11,4660,0,5,982207,
,10.9,15.4,2,2712,11.64,-91,11,4659,0,5,981907,
,15.2,16.9,0,2711,11.63,-91,10.2,4657,0,5,981607,
,13.3,16.0,8,2710,11.63,-91,10.5,4656,0,5,981307,
,13.8,16.5,359,2709,11.65,-91,10.2,4654,0,5,981007,
,13.6,18.4,7,2708,11.65,-91,11,4652,0,5,980707,
,14.8,17.2,2,2707,11.65,-91,11.2,4650,0,5,980407,
,13.6,14.8,8,2706,11.64,-91,11.2,4648,0,5,980107,
,13.7,14.9,8,2705,11.63,-91,11.5,4647,0,5,979807,
,11.6,15.8,1,2704,11.63,-92,11,4645,0,5,979507,
,13.8,15.9,5,2703,11.64,-91,10.8,4643,0,5,979207,
,12.4,15.1,358,2702,11.65,-90,10.5,4641,0,5,978907,
,13.4,15.7,359,2701,11.65,-91,11,4640,0,5,978607,
,14.7,16.8,2,2700,11.64,-91,11,4638,0,5,978307,
,14.2,16.8,353,2699,11.64,-92,10.8,4636,0,5,978007,
,14.4,16.4,4,2698,11.62,-92,11,4635,0,5,977707,
,13.0,15.6,348,2697,11.62,-92,10.8,4633,0,5,977407,
,14.1,15.6,355,2696,11.64,-90,10.8,4632,0,5,977107,
,14.0,16.7,0,2695,11.64,-91,10.8,4630,0,5,976807,
,15.8,18.9,359,2694,11.65,-91,11,4628,0,5,976507,
,16.0,18.3,354,2693,11.63,-91,11,4626,0,5,976207,
,13.9,17.1,354,2692,11.62,-91,11.2,4625,0,5,975907,
,13.3,16.9,353,2691,11.62,-91,10.2,4623,0,5,975607,
,15.9,20.2,352,2690,11.63,-91,10.8,4621,0,5,975307,
,14.6,16.8,339,2689,11.64,-92,10.8,4619,0,5,975007,
,14.8,18.0,350,2688,11.63,-91,11,4618,0,5,974707,
,12.9,17.3,353,2687,11.64,-92,11.5,4617,0,5,974407,
,15.8,18.0,340,2686,11.64,-92,10.8,4616,0,5,974107,
,14.9,17.3,341,2685,11.61,-91,11.8,4614,0,5,973807,
,15.2,18.1,336,2684,11.62,-91,10.2,4613,0,5,973507,
,13.3,17.1,347,2683,11.64,-91,11,4611,0,5,973207,
,14.5,17.1,340,2682,11.63,-92,10.8,4609,0,5,972907,
,15.0,17.2,340,2681,11.64,-92,11,4607,0,5,972607,
,15.1,17.1,338,2680,11.64,-92,10.8,4606,0,5,972307,
,14.8,16.4,334,2679,11.62,-91,11.5,4604,0,5,972007,
,13.8,17.6,334,2678,11.61,-90,10.5,4603,0,5,971707,
,14.5,17.4,349,2677,11.62,-92,11,4601,0,5,971407,
,14.9,19.7,334,2676,11.63,-92,10.2,4599,0,5,971107,
,14.8,18.8,339,2675,11.63,-91,10.5,4598,0,5,970807,
,14.2,16.9,336,2674,11.64,-91,10.5,4596,0,5,970507,
,14.0,18.3,329,2673,11.64,-91,11.2,4595,0,5,970207,
,15.9,17.8,351,2672,11.61,-91,10.5,4593,0,5,969907,
,15.1,18.0,339,2671,11.62,-91,10.8,4591,0,5,969607,
,16.0,17.5,334,2670,11.62,-91,10,4590,0,5,969307,
,13.1,15.5,339,2669,11.63,-91,10.2,4589,0,5,969007,
,10.9,14.8,345,2668,11.63,-91,10,4587,0,5,968707,
,14.5,16.6,344,2667,11.62,-91,10.8,4585,0,5,968407,
,9.7,12.9,352,2666,11.61,-91,10.8,4583,0,5,968107,
,11.1,15.9,346,2665,11.61,-92,10.8,4581,0,5,967807,
,14.0,16.7,342,2664,11.61,-91,10.5,4579,0,5,967507,
,15.4,19.3,349,2663,11.63,-91,11.2,4577,0,5,967207,
,16.7,19.6,350,2662,11.62,-90,10.5,4575,0,5,966907,
,16.4,18.7,347,2661,11.63,-91,10.8,4574,0,5,966607,
,9.3,12.1,9,2660,11.62,-91,11,4572,0,5,966307,
,10.0,12.7,2,2659,11.60,-92,10.2,4570,0,5,966007,
,11.3,13.6,353,2658,11.60,-92,11,4568,0,5,965707,
,10.3,12.6,354,2657,11.62,-91,10.8,4566,0,5,965407,
,9.8,12.9,349,2656,11.62,-92,10.8,4564,0,5,965107,
,11.4,13.4,346,2655,11.62,-92,10,4562,0,5,964807,
,11.8,15.9,342,2654,11.63,-91,10.8,4561,0,5,964507,
,12.9,14.3,331,2653,11.60,-92,10.2,4559,0,5,964207,
,8.7,12.7,322,2652,11.61,-91,10.5,4557,0,5,963907,
,7.9,10.5,319,2651,11.61,-91,10.5,4555,0,5,963607,
,9.0,9.7,331,2650,11.62,-91,10.5,4554,0,5,963307,
,8.2,10.6,322,2649,11.62,-91,10,4552,0,5,963007,
,8.7,10.1,335,2648,11.62,-91,11,4551,0,5,962707,
,5.9,8.2,321,2647,11.62,-91,9.5,4549,0,5,962407,
,5.7,7.9,320,2646,11.60,-92,10.2,4547,0,5,962107,
,6.0,7.2,318,2645,11.61,-91,10.8,4545,0,5,961807,
,6.3,7.3,290,2644,11.62,-91,9.8,4543,0,5,961507,
,5.0,7.1,308,2643,11.61,-91,9.8,4541,0,5,961207,
,6.8,7.8,287,2642,11.62,-91,10,4540,0,5,960907,
,5.8,13.9,290,2641,11.61,-91,10.8,4538,0,5,960607,
,13.8,15.1,329,2640,11.60,-91,9.8,4536,0,5,960307,
,13.4,15.2,333,2639,11.60,-93,10.2,4534,0,5,960007,
,10.4,15.6,326,2638,11.60,-91,10.8,4532,0,5,959707,
,11.1,21.4,332,2637,11.61,-91,10.5,4531,0,5,959407,
,7.9,37.4,322,2636,11.62,-91,10.5,4529,0,5,959107,
,7.1,38.0,323,2635,11.62,-91,11.2,4527,0,5,958807,
,6.9,13.5,316,2634,11.62,-91,10,4525,0,5,958507,
,5.2,10.1,314,2633,11.60,-91,10.8,4523,0,5,958207,
,8.0,12.7,317,2632,11.60,-90,11,4521,0,5,957907,
,7.9,17.8,327,2631,11.62,-91,11.5,4519,0,5,957607,
,5.0,7.7,312,2630,11.62,-92,10.2,4517,0,5,957307,
,3.4,8.6,333,2629,11.63,-91,11.2,4515,0,5,957007,
,1.8,5.6,347,2628,11.62,-91,10.2,4514,0,5,956707,
,5.8,21.2,326,2627,11.62,-91,10.8,4513,0,5,956407,
,6.9,14.1,318,2626,11.61,-91,10.2,4512,0,5,956107,
,7.1,10.4,323,2625,11.62,-91,10.2,4510,0,5,955807,
,6.9,9.4,328,2624,11.62,-91,10.8,4508,0,5,955507,
,7.1,8.8,339,2623,11.64,-91,10.5,4506,0,5,955207,
,7.7,10.7,325,2622,11.64,-91,11.2,4504,0,5,954907,
,6.7,9.8,321,2621,11.64,-91,10.5,4502,0,5,954607,
,8.6,16.7,341,2620,11.62,-91,10.5,4500,0,5,954307,
,9.2,12.1,350,2619,11.62,-92,10.8,4498,0,5,954007,
,10.8,12.7,343,2618,11.64,-91,10.8,4496,0,5,953707,
,11.8,14.0,330,2617,11.64,-91,10.8,4495,0,5,953407,
,12.2,14.2,334,2616,11.65,-91,10.2,4493,0,5,953107,
,12.2,15.2,339,2615,11.65,-91,10,4491,0,5,952807,
,14.2,16.5,343,2614,11.65,-91,10.2,4489,0,5,952507,
,12.4,14.4,354,2613,11.64,-91,10.5,4488,0,5,952207,
,14.0,18.5,344,2612,11.66,-90,10,4486,0,5,951907,
,15.2,18.0,347,2611,11.66,-90,10.2,4484,0,5,951607,
,14.6,19.0,331,2610,11.67,-91,9.8,4482,0,5,951307,
,16.8,19.5,333,2609,11.68,-91,10,4481,0,5,951007,
,15.5,18.2,340,2608,11.67,-90,11,4480,0,5,950707,
,14.5,16.8,347,2607,11.66,-90,10.5,4478,0,5,950407,
,16.6,19.4,340,2606,11.67,-91,10.2,4477,0,5,950107,
,14.5,18.1,336,2605,11.69,-91,11,4475,0,5,949807,
,13.1,17.0,326,2604,11.70,-91,9.8,4473,0,5,949507,
,14.9,18.8,328,2603,11.68,-91,10.5,4471,0,5,949207,
,17.4,20.4,330,2602,11.71,-92,10,4470,0,5,948907,
,15.4,19.5,324,2601,11.68,-91,10.2,4469,0,5,948607,
,16.4,20.8,326,2600,11.68,-91,10.5,4468,0,5,948307,
,16.2,19.9,330,2599,11.69,-90,9.8,4467,0,5,948007,
,17.2,20.7,328,2598,11.72,-90,10.2,4466,0,5,947707,
,14.1,17.4,335,2597,11.72,-90,11.2,4464,0,5,947407,
,15.4,17.6,337,2596,11.74,-90,10.2,4463,0,5,947107,
,14.0,17.5,334,2595,11.74,-91,9.8,4462,0,5,946807,
,14.1,16.0,328,2594,11.72,-90,10.5,4461,0,5,946507,
,13.3,18.7,332,2593,11.70,-92,10.2,4459,0,5,946207,
,15.4,19.6,334,2592,11.70,-90,10,4458,0,5,945907,
,13.3,16.6,327,2591,11.68,-91,11,4456,0,5,945607,
,15.8,18.5,331,2590,11.68,-91,10.2,4455,0,5,945307,
,13.4,19.5,326,2589,11.69,-90,10.2,4453,0,5,945007,
,16.2,21.2,327,2588,11.68,-90,10.8,4452,0,5,944707,
,19.5,23.3,330,2587,11.69,-90,10.8,4451,0,5,944407,
,20.6,22.7,330,2586,11.70,-91,10.5,4450,0,5,944107,
,19.0,21.7,332,2585,11.72,-90,10,4449,0,5,943807,
,16.5,21.9,350,2584,11.73,-90,10.5,4448,0,5,943507,
,21.8,24.0,338,2583,11.75,-91,10.2,4447,0,5,943207,
,15.4,20.4,326,2582,11.74,-90,10.2,4446,0,5,942907,
,16.7,23.7,321,2581,11.74,-90,10.2,4445,0,5,942607,
,20.8,23.6,337,2580,11.78,-90,10,4444,0,5,942307,
,18.8,22.4,328,2579,11.79,-90,11,4443,0,5,942007,
,18.0,22.0,328,2578,11.75,-90,9.8,4442,0,5,941707,
,18.4,22.0,336,2577,11.75,-90,10.5,4441,0,5,941407,
,16.6,21.1,332,2576,11.78,-91,10,4440,0,5,941107,
,16.8,20.7,329,2575,11.75,-91,10.5,4439,0,5,940808,
,15.4,20.6,324,2574,11.73,-91,10.2,4437,0,5,940507,
,17.0,20.6,338,2573,11.71,-91,10,4436,0,5,940207,
,15.4,17.9,346,2572,11.74,-91,10,4434,0,5,939907,
,14.9,17.4,350,2571,11.75,-91,9.8,4433,0,5,939607,
,16.1,19.8,343,2570,11.76,-91,10.5,4432,0,5,939307,
,15.1,19.9,333,2569,11.76,-91,10.2,4431,0,5,939007,
,17.1,19.8,333,2568,11.69,-91,9.8,4430,0,5,938707,
,16.5,19.1,334,2567,11.67,-90,10,4429,0,5,938407,
,14.9,17.3,332,2566,11.69,-91,10.5,4428,0,5,938107,
,14.2,17.3,347,2565,11.71,-90,9.8,4427,0,5,937807,
,13.5,15.8,345,2564,11.71,-91,10.2,4425,0,5,937507,
,15.0,17.2,352,2563,11.71,-91,10,4424,0,5,937207,
,14.4,18.3,352,2562,11.68,-91,10.8,4422,0,5,936908,
,16.7,18.7,351,2561,11.70,-91,10.2,4421,0,5,936607,
,15.7,19.6,353,2560,11.72,-92,10.8,4420,0,5,936307,
,15.3,18.3,353,2559,11.74,-92,10.5,4418,0,5,936007,
,14.0,19.1,345,2558,11.74,-91,10.5,4417,0,5,935707,
,16.2,19.2,343,2557,11.74,-92,10.5,4416,0,5,935407,
,16.5,19.5,346,2556,11.73,-92,10.5,4415,0,5,935107,
,15.0,18.0,348,2555,11.72,-91,10.5,4413,0,5,934807,
,15.5,18.5,349,2554,11.72,-91,10,4411,0,5,934507,
,17.5,20.4,350,2553,11.72,-91,10.2,4409,0,5,934207,
,17.8,21.4,345,2552,11.73,-92,10.5,4408,0,5,933907,
,16.8,21.3,346,2551,11.73,-92,10.5,4407,0,5,933607,
,18.8,21.8,346,2550,11.72,-91,10.2,4406,0,5,933307,
,17.7,21.1,351,2549,11.70,-91,10,4405,0,5,933008,
,18.1,21.7,352,2548,11.69,-92,10.2,4404,0,5,932707,
,17.2,20.7,348,2547,11.70,-91,10.8,4402,0,5,932407,
,18.8,21.3,348,2546,11.71,-91,11.2,4400,0,5,932107,
,19.5,23.0,350,2545,11.71,-92,11,4399,0,5,931807,
,18.8,21.6,343,2544,11.69,-92,10.5,4398,0,5,931507,
,19.8,22.2,341,2543,11.71,-91,10.5,4397,0,5,931207,
,17.9,21.9,347,2542,11.69,-93,10,4395,0,5,930908,
,16.6,19.1,348,2541,11.69,-92,10,4394,0,5,930607,
,16.6,19.8,349,2540,11.72,-92,10.2,4393,0,5,930307,
,15.5,18.8,352,2539,11.71,-92,11,4391,0,5,930007,
,16.0,18.4,0,2538,11.71,-91,10.2,4390,0,5,929707,
,15.7,18.1,359,2537,11.73,-91,10.2,4389,0,5,929407,
,15.2,17.6,355,2536,11.70,-92,10.8,4388,0,5,929108,
,13.7,18.0,356,2535,11.70,-93,10.5,4387,0,5,928807,
,15.4,18.0,353,2534,11.71,-92,11,4386,0,5,928507,
,14.9,17.1,358,2533,11.73,-91,10.5,4384,0,5,928207,
,14.6,16.7,355,2532,11.71,-92,10.8,4382,0,5,927907,
,13.6,15.7,354,2531,11.71,-92,10.8,4381,0,5,927607,
,10.6,11.9,339,2530,11.71,-93,10.2,4380,0,5,927307,
,9.5,11.6,328,2529,11.67,-93,11,4379,0,5,927008,
,9.9,11.7,329,2528,11.67,-92,11,4378,0,5,926707,
,9.3,11.1,328,2527,11.70,-91,10.5,4377,0,5,926407,
,8.9,10.4,323,2526,11.69,-91,10.2,4376,0,5,926107,
,7.4,10.2,316,2525,11.67,-92,10.5,4375,0,5,925807,
,7.4,11.8,319,2524,11.66,-92,11,4374,0,5,925507,
,10.4,12.0,325,2523,11.67,-92,10.2,4373,0,5,925207,
,7.2,8.8,321,2522,11.65,-92,10.5,4371,0,5,924908,
,6.5,8.9,313,2521,11.65,-92,10.5,4369,0,5,924607,
,6.7,8.8,318,2520,11.66,-93,9.2,4368,0,5,924307,
,7.1,9.1,317,2519,11.66,-92,10.2,4366,0,5,924007,
,6.6,9.4,320,2518,11.66,-92,10,4364,0,5,923707,
,7.2,9.5,312,2517,11.66,-92,10.2,4362,0,5,923407,
,7.2,9.0,311,2516,11.64,-92,10.8,4360,0,5,923108,
,8.6,11.6,310,2515,11.63,-91,10.5,4359,0,5,922807,
,9.1,11.7,311,2514,11.64,-92,9.8,4358,0,5,922507,
,8.4,10.3,318,2513,11.65,-92,10.8,4357,0,5,922207,
,7.1,8.8,319,2512,11.65,-92,10.8,4355,0,5,921907,
,7.8,10.7,320,2511,11.65,-92,10.2,4354,0,5,921607,
,9.6,12.8,314,2510,11.65,-92,10.2,4352,0,5,921307,
,11.5,13.0,312,2509,11.63,-92,10.8,4350,0,5,921008,
,8.6,12.1,313,2508,11.64,-93,10.5,4349,0,5,920707,
,8.6,10.2,314,2507,11.65,-92,10.8,4348,0,5,920407,
,6.9,9.0,315,2506,11.65,-92,10,4346,0,5,920107,
,7.5,9.0,306,2505,11.65,-92,10.2,4344,0,5,919807,
,5.3,6.7,315,2504,11.66,-92,10.5,4343,0,5,919507,
,6.3,7.8,312,2503,11.64,-92,10.5,4342,0,5,919208,
,5.6,6.5,315,2502,11.63,-92,10,4341,0,5,918907,
,3.8,5.1,316,2501,11.64,-92,10.5,4339,0,5,918607,
,3.9,5.0,320,2500,11.65,-93,11,4338,0,5,918307,
,5.3,6.5,327,2499,11.65,-92,10.2,4336,0,5,918007,
,5.6,6.6,326,2498,11.65,-92,10.8,4334,0,5,917707,
,5.3,6.5,332,2497,11.66,-92,10.2,4332,0,5,917407,
,6.1,7.2,338,2496,11.63,-92,10.5,4330,0,5,917108,
,6.2,6.7,334,2495,11.64,-93,10.5,4328,0,5,916807,
,5.3,6.9,316,2494,11.66,-92,10.5,4326,0,5,916507,
,4.4,9.6,335,2493,11.66,-92,10,4325,0,5,916207,
,5.4,7.4,332,2492,11.66,-92,10.5,4323,0,5,915907,
,4.1,5.9,301,2491,11.65,-92,10.8,4321,0,5,915607,
,4.0,5.0,327,2490,11.64,-93,10.2,4320,0,5,915308,
,4.3,5.8,317,2489,11.64,-92,10.5,4318,0,5,915008,
,5.5,6.6,327,2488,11.65,-93,10.5,4316,0,5,914707,
,4.4,5.3,317,2487,11.66,-92,10.2,4314,0,5,914407,
,3.5,4.7,316,2486,11.65,-92,10.5,4313,0,5,914107,
,5.0,7.0,316,2485,11.65,-93,10.5,4312,0,5,913807,
,5.3,7.2,352,2484,11.65,-93,10.2,4311,0,5,913507,
,5.1,6.5,340,2483,11.64,-92,10.2,4310,0,5,913208,
,5.7,7.4,327,2482,11.64,-93,10.2,4308,0,5,912907,
,6.7,7.7,330,2481,11.66,-92,10.8,4306,0,5,912607,
,6.6,8.4,326,2480,11.66,-92,10.2,4305,0,5,912307,
,8.3,9.7,330,2479,11.66,-92,10.5,4304,0,5,912007,
,8.0,11.7,328,2478,11.66,-92,10.8,4303,0,5,911707,
,10.5,12.2,334,2477,11.64,-92,11,4302,0,5,911408,
,11.1,14.8,328,2476,11.64,-92,10.2,4301,0,5,911108,
,12.9,15.1,337,2475,11.65,-91,10.8,4299,0,5,910807,
,12.9,14.3,332,2474,11.66,-91,10.2,4298,0,5,910507,
,11.0,14.4,332,2473,11.66,-91,10.8,4297,0,5,910207,
,11.9,15.1,341,2472,11.65,-90,10.8,4295,0,5,909907,
,12.8,15.9,334,2471,11.66,-92,10.5,4294,0,5,909607,
,13.7,16.4,328,2470,11.64,-91,10.2,4293,0,5,909308,
,13.6,16.1,329,2469,11.64,-91,10.2,4292,0,5,909008,
,11.1,16.9,325,2468,11.66,-91,11.2,4290,0,5,908707,
,12.6,17.7,322,2467,11.66,-92,10.2,4289,0,5,908407,
,12.3,15.6,319,2466,11.67,-91,10.8,4288,0,5,908107,
,12.0,15.4,306,2465,11.67,-91,10.2,4287,0,5,907807,
,11.5,16.2,254,2464,11.66,-91,10,4285,0,5,907508,
,14.0,15.6,241,2463,11.65,-92,10.5,4284,0,5,907208,
,15.2,17.9,247,2462,11.66,-91,10.5,4283,0,5,906907,
,15.3,18.6,247,2461,11.66,-92,11.5,4282,0,5,906607,
,15.9,18.7,243,2460,11.66,-92,10.5,4280,0,5,906308,
,15.4,19.7,248,2459,11.66,-92,10.5,4279,0,5,906007,
,16.2,20.2,245,2458,11.66,-91,10.8,4278,0,5,905708,
,10.5,13.3,254,2457,11.65,-91,11.2,4276,0,5,905408,
,11.2,14.0,253,2456,11.64,-92,10.8,4274,0,5,905108,
,9.3,14.3,258,2455,11.66,-91,10.5,4273,0,5,904808,
,8.0,10.9,285,2454,11.66,-92,10.5,4272,0,5,904508,
,3.1,4.7,235,2453,11.66,-92,10.2,4271,0,5,904208,
,0.9,1.5,142,2452,11.67,-91,10.8,4270,0,5,903908,
,0.3,1.0,186,2451,11.65,-92,11,4269,0,5,903608,
,0.9,1.2,314,2450,11.65,-92,10.2,4268,0,5,903308,
,1.1,1.3,273,2449,11.65,-92,11,4266,0,5,903008,
,0.5,0.9,10,2448,11.66,-92,10,4265,0,5,902708,
,1.3,1.6,31,2447,11.66,-92,11,4264,0,5,902408,
,0.9,1.2,33,2446,11.66,-92,11,4263,0,5,902108,
,0.5,1.4,354,2445,11.67,-91,10.2,4262,0,5,901808,
,1.4,2.7,352,2444,11.64,-92,10.8,4261,0,5,901508,
,2.4,3.4,329,2443,11.64,-92,10.8,4259,0,5,901208,
,2.7,4.6,317,2442,11.65,-91,10.5,4258,0,5,900908,
,4.9,6.9,265,2441,11.66,-92,11.2,4257,0,5,900608,
,4.6,5.6,272,2440,11.66,-92,10.5,4255,0,5,900308,
,4.6,4.9,306,2439,11.66,-92,10.5,4253,0,5,900008,
,4.6,4.8,298,2438,11.65,-92,10.8,4252,0,5,899708,
,2.8,3.1,283,2437,11.65,-92,10.2,4250,0,5,899408,
,1.6,1.9,191,2436,11.65,-92,10.2,4248,0,5,899108,
,1.5,2.5,182,2435,11.66,-92,10.8,4247,0,5,898808,
,1.7,2.1,131,2434,11.66,-92,11.2,4246,0,5,898508,
,2.1,2.5,116,2433,11.66,-92,10.5,4244,0,5,898208,
,2.8,4.6,159,2432,11.66,-92,10.5,4243,0,5,897908,
,3.6,4.0,144,2431,11.64,-91,10.5,4242,0,5,897608,
,3.3,3.7,141,2430,11.64,-92,10.2,4241,0,5,897308,
,3.0,4.0,130,2429,11.65,-91,10.5,4240,0,5,897008,
,3.4,4.4,129,2428,11.66,-91,10.8,4238,0,5,896708,
,4.4,4.5,117,2427,11.66,-92,11.2,4237,0,5,896408,
,3.8,4.6,101,2426,11.65,-92,11,4235,0,5,896108,
,4.5,4.7,90,2425,11.64,-91,10.8,4233,0,5,895808,
,4.5,4.7,100,2424,11.64,-92,10.5,4231,0,5,895508,
,3.9,4.3,65,2423,11.66,-92,10.5,4229,0,5,895208,
,3.8,4.2,70,2422,11.66,-91,10.5,4228,0,5,894908,
,4.2,5.2,61,2421,11.66,-91,10.5,4227,0,5,894608,
,3.8,4.7,42,2420,11.66,-92,10.8,4225,0,5,894308,
,4.2,5.8,47,2419,11.66,-92,10.5,4224,0,5,894008,
,5.0,5.5,43,2418,11.65,-92,10.5,4222,0,5,893708,
,5.2,5.9,35,2417,11.64,-92,10.5,4220,0,5,893408,
,5.2,5.7,23,2416,11.66,-92,11,4218,0,5,893108,
,4.8,5.3,26,2415,11.66,-92,10.8,4216,0,5,892808,
,5.1,6.3,23,2414,11.66,-92,10.5,4215,0,5,892508,
,5.6,6.7,12,2413,11.66,-92,10.8,4213,0,5,892208,
,5.3,6.4,20,2412,11.63,-93,10.5,4211,0,5,891908,
,5.0,5.4,19,2411,11.62,-92,10.2,4209,0,5,891608,
,4.5,5.7,13,2410,11.63,-92,10.5,4207,0,5,891308,
,4.8,7.0,0,2409,11.64,-93,10.5,4205,0,5,891008,
,6.1,7.8,14,2408,11.65,-93,10.2,4203,0,5,890708,
,7.1,7.8,12,2407,11.65,-92,10.5,4202,0,5,890408,
,6.3,9.3,350,2406,11.66,-92,10.5,4200,0,5,890108,
,7.7,8.9,356,2405,11.65,-93,10.2,4198,0,5,889808,
,7.5,8.9,334,2404,11.65,-92,9,4197,0,5,889508,
,7.0,10.0,311,2403,11.66,-93,10.2,4195,0,5,889208,
,10.5,13.7,306,2402,11.66,-93,10.5,4193,0,5,888908,
,10.0,16.4,265,2401,11.67,-93,10,4191,0,5,888608,
,7.0,8.5,329,2400,11.67,-93,10,4190,0,5,888308,
,6.9,9.4,5,2399,11.68,-93,10.5,4189,0,5,888008,
,6.7,10.6,338,2398,11.66,-93,10.5,4187,0,5,887708,
,6.1,9.3,319,2397,11.67,-93,10.5,4185,0,5,887408,
,12.5,18.1,235,2396,11.69,-93,10.5,4183,0,5,887108,
,15.5,17.6,200,2395,11.69,-93,10,4181,0,5,886808,
,16.2,18.9,204,2394,11.69,-93,10,4179,0,5,886508,
,15.4,18.2,204,2393,11.68,-92,10.5,4178,0,5,886208,
,15.4,20.3,204,2392,11.67,-93,10.2,4176,0,5,885908,
,16.3,18.7,205,2391,11.66,-93,10,4174,0,5,885608,
,14.5,20.4,228,2390,11.68,-93,9.5,4172,0,5,885308,
,17.0,20.1,201,2389,11.70,-93,10.2,4170,0,5,885008,
,13.5,16.4,208,2388,11.69,-93,10.8,4169,0,5,884708,
,14.1,19.7,215,2387,11.69,-93,10.5,4167,0,5,884408,
,15.6,19.0,216,2386,11.71,-93,10.2,4165,0,5,884108,
,17.7,21.7,219,2385,11.67,-92,10.5,4163,0,5,883808,
,15.6,19.2,216,2384,11.67,-93,10,4161,0,5,883508,
,15.4,18.8,216,2383,11.70,-93,10.2,4159,0,5,883208,
,16.0,20.6,214,2382,11.69,-93,10.2,4157,0,5,882908,
,16.8,19.9,210,2381,11.69,-94,10,4156,0,5,882608,
,17.6,21.6,212,2380,11.70,-92,10.5,4154,0,5,882308,
,17.1,19.9,212,2379,11.67,-92,10.5,4152,0,5,882008,
,14.6,17.7,211,2378,11.67,-93,10,4150,0,5,881708,
,14.9,17.5,213,2377,11.69,-94,11,4148,0,5,881408,
,16.2,19.4,216,2376,11.70,-93,10,4147,0,5,881108,
,15.1,17.9,215,2375,11.69,-93,10.2,4146,0,5,880808,
,14.7,18.7,214,2374,11.69,-92,10.2,4144,0,5,880508,
,16.9,20.2,211,2373,11.70,-93,10.5,4143,0,5,880208,
,15.8,19.8,211,2372,11.67,-93,10,4141,0,5,879908,
,18.6,21.4,212,2371,11.67,-93,10.5,4139,0,5,879608,
,18.1,23.4,214,2370,11.70,-93,10.2,4138,0,5,879308,
,20.0,25.3,217,2369,11.70,-93,10.2,4137,0,5,879008,
,16.0,18.5,223,2368,11.70,-93,10.2,4136,0,5,878708,
,15.8,18.6,216,2367,11.69,-92,10.8,4135,0,5,878408,
,15.3,21.7,212,2366,11.68,-93,10,4133,0,5,878108,
,19.3,22.9,210,2365,11.67,-92,9.8,4131,0,5,877808,
,17.6,20.6,211,2364,11.69,-93,9.5,4130,0,5,877508,
,18.4,22.5,210,2363,11.70,-92,10.2,4128,0,5,877208,
,19.2,23.2,210,2362,11.70,-92,10.8,4126,0,5,876908,
,19.6,23.0,210,2361,11.71,-92,9.5,4125,0,5,876608,
,18.6,23.1,213,2360,11.71,-93,10.2,4123,0,5,876308,
,19.7,22.5,213,2359,11.69,-93,10.5,4122,0,5,876008,
,19.2,23.6,212,2358,11.71,-91,10.5,4120,0,5,875708,
,19.9,24.0,213,2357,11.73,-93,10.5,4118,0,5,875408,
,20.0,25.3,213,2356,11.74,-93,10.5,4116,0,5,875108,
,19.7,24.0,213,2355,11.74,-93,10.5,4114,0,5,874808,
,19.8,26.1,215,2354,11.74,-91,10.8,4113,0,5,874508,
,20.7,26.8,215,2353,11.73,-92,11,4111,0,5,874208,
,22.6,26.0,213,2352,11.73,-91,10.5,4110,0,5,873908,
,21.1,25.3,213,2351,11.75,-91,11,4108,0,5,873608,
,22.4,26.8,215,2350,11.78,-92,10.8,4106,0,5,873308,
,20.5,28.7,212,2349,11.79,-93,10.2,4104,0,5,873008,
,22.1,25.7,212,2348,11.80,-92,10.5,4102,0,5,872708,
,20.3,25.0,213,2347,11.81,-91,10.8,4100,0,5,872408,
,21.0,28.2,212,2346,11.80,-92,10.2,4099,0,5,872108,
,22.1,29.6,214,2345,11.83,-92,11,4097,0,5,871808,
,22.2,30.5,217,2344,11.86,-92,10.2,4096,0,5,871508,
,22.6,26.1,212,2343,11.89,-92,10.8,4094,0,5,871208,
,20.6,25.6,216,2342,11.91,-92,10.5,4092,0,5,870908,
,21.4,25.6,211,2341,11.94,-91,10.8,4091,0,5,870608,
,20.6,25.0,214,2340,11.96,-92,11.2,4089,0,5,870308,
,19.5,22.5,210,2339,12.01,-93,10.5,4087,0,5,870008,
,19.8,24.4,210,2338,12.06,-93,10.2,4085,0,5,869708,
,20.0,25.1,211,2337,12.14,-91,10.5,4083,0,5,869408,
,21.3,26.2,209,2336,12.20,-93,10.5,4082,0,5,869108,
,23.1,27.0,208,2335,12.25,-91,11.2,4080,0,5,868808,
,20.0,23.9,210,2334,12.27,-92,10.2,4079,0,5,868508,
,19.6,25.9,210,2333,12.26,-92,10.2,4078,0,5,868208,
,18.8,26.8,211,2332,12.26,-92,10.2,4077,0,5,867908,
,20.1,24.9,208,2331,12.28,-91,10.5,4076,0,5,867608,
,21.6,27.2,210,2330,12.28,-91,10.2,4074,0,5,867308,
,20.6,24.6,213,2329,12.28,-91,10.8,4072,0,5,867008,
,20.5,25.2,209,2328,12.28,-92,10.2,4070,0,5,866708,
,23.0,26.1,212,2327,12.29,-91,9.8,4068,0,5,866408,
,21.7,26.6,213,2326,12.26,-93,10.8,4066,0,5,866108,
,22.9,28.3,213,2325,12.27,-92,10.8,4064,0,5,865808,
,22.6,27.0,213,2324,12.28,-91,10.2,4063,0,5,865508,
,21.1,25.5,208,2323,12.29,-91,10.5,4062,0,5,865208,
,22.6,29.1,211,2322,12.30,-92,10.5,4061,0,5,864908,
,23.6,29.2,210,2321,12.29,-91,10,4060,0,5,864608,
,23.2,30.9,209,2320,12.27,-92,10.8,4059,0,5,864308,
,21.9,27.0,210,2319,12.28,-91,10.5,4057,0,5,864008,
,24.2,28.0,209,2318,12.30,-92,10.8,4056,0,5,863708,
,24.3,28.4,210,2317,12.30,-92,10.8,4054,0,5,863408,
,25.6,29.8,209,2316,12.30,-92,10.5,4052,0,5,863108,
,26.3,31.1,206,2315,12.30,-91,10.2,4051,0,5,862808,
,25.1,31.0,205,2314,12.31,-91,11,4049,0,5,862508,
,23.0,29.3,207,2313,12.28,-92,10.5,4047,0,5,862208,
,23.3,29.6,205,2312,12.28,-91,10.5,4046,0,5,861908,
,22.1,28.8,207,2311,12.31,-91,10.5,4044,0,5,861608,
,25.6,30.8,208,2310,12.31,-92,10.5,4042,0,5,861308,
,24.9,30.8,207,2309,12.31,-91,11.2,4040,0,5,861008,
,25.6,29.4,204,2308,12.32,-93,10,4038,0,5,860708,
,23.1,28.0,203,2307,12.29,-91,10.5,4037,0,5,860408,
,22.6,27.7,202,2306,12.29,-91,10.5,4035,0,5,860108,
,22.8,27.3,204,2305,12.31,-92,10.8,4034,0,5,859808,
,23.1,27.2,204,2304,12.32,-93,10,4032,0,5,859508,
,22.8,27.9,206,2303,12.32,-93,10.2,4030,0,5,859208,
,21.9,27.6,205,2302,12.31,-92,10.5,4028,0,5,858908,
,22.0,25.8,205,2301,12.32,-91,11.2,4026,0,5,858608,
,23.0,26.6,202,2300,12.30,-92,10.8,4025,0,5,858308,
,22.8,27.1,203,2299,12.30,-93,9.8,4023,0,5,858008,
,22.8,26.5,204,2298,12.31,-91,10.8,4022,0,5,857708,
,23.7,26.5,206,2297,12.32,-92,10.2,4021,0,5,857408,
,24.0,28.2,206,2296,12.32,-91,11,4019,0,5,857108,
,21.4,27.3,207,2295,12.33,-93,10.5,4017,0,5,856808,
,22.2,28.7,206,2294,12.30,-92,10.2,4015,0,5,856508,
,21.6,27.6,207,2293,12.30,-92,10,4014,0,5,856208,
,24.3,27.5,203,2292,12.31,-91,10,4013,0,5,855908,
,21.3,28.3,205,2291,12.32,-92,10.5,4011,0,5,855608,
,25.1,31.9,205,2290,12.32,-93,10.2,4009,0,5,855308,
,21.9,29.9,203,2289,12.32,-91,10.8,4008,0,5,855008,
,22.4,28.3,204,2288,12.33,-93,10,4007,0,5,854708,
,23.1,26.3,203,2287,12.30,-93,10.5,4005,0,5,854408,
,22.9,28.9,204,2286,12.31,-91,10.5,4003,0,5,854108,
,23.2,28.0,204,2285,12.33,-91,11.2,4002,0,5,853808,
,23.8,29.7,205,2284,12.33,-92,10.2,4000,0,5,853508,
,24.5,29.6,206,2283,12.32,-92,10.5,3998,0,5,853208,
,24.1,31.4,206,2282,12.33,-91,10,3996,0,5,852908,
,26.7,31.6,205,2281,12.30,-92,10,3995,0,5,852608,
,24.1,31.5,205,2280,12.30,-92,10.5,3994,0,5,852308,
,23.9,28.9,204,2279,12.31,-92,10.5,3993,0,5,852008,
,24.8,30.5,204,2278,12.33,-91,10.2,3991,0,5,851708,
,25.5,30.8,201,2277,12.33,-91,10.5,3990,0,5,851408,
,23.2,28.7,199,2276,12.33,-92,11,3989,0,5,851108,
,24.0,29.7,202,2274,12.31,-91,11,3987,0,5,850508,
,23.2,31.7,201,2275,12.34,-92,10.5,3988,0,5,850808,
,24.0,29.7,202,2274,12.31,-91,11,3987,0,5,850508,
,24.1,30.3,204,2273,12.31,-93,10.2,3986,0,5,850208,
,24.5,27.9,206,2272,12.32,-93,9.5,3985,0,5,849908,
,23.3,28.4,205,2271,12.33,-92,11,3984,0,5,849608,
,25.0,30.2,204,2270,12.32,-91,10.2,3982,0,5,849308,
,23.8,29.4,205,2269,12.32,-92,10.5,3980,0,5,849008,
,24.6,30.9,203,2268,12.32,-94,10.5,3978,0,5,848708,
,24.2,29.2,202,2267,12.31,-93,10.5,3977,0,5,848408,
,23.1,30.1,202,2266,12.31,-92,10.5,3976,0,5,848108,
,24.2,30.1,202,2265,12.33,-91,10.5,3975,0,5,847808,
,23.7,28.7,201,2264,12.32,-93,10,3974,0,5,847508,
,25.4,30.2,202,2263,12.33,-94,10,3973,0,5,847208,
,22.7,28.5,202,2262,12.28,-92,10.8,3972,0,5,846908,
,26.5,31.4,201,2261,12.07,-94,10.2,3971,0,5,846608,
,24.0,30.4,202,2260,11.99,-92,10,3969,0,5,846308,
,24.1,31.4,202,2259,12.03,-93,10.2,3968,0,5,846008,
,28.0,32.3,202,2258,12.01,-94,10.2,3967,0,5,845708,
,22.2,30.4,202,2257,11.99,-92,10.8,3965,0,5,845408,
,25.9,30.8,203,2256,11.96,-93,10.2,3964,0,5,845108,
,25.9,32.3,203,2255,11.97,-92,10.5,3963,0,5,844808,
,25.5,31.0,206,2254,11.90,-92,10.5,3962,0,5,844508,
,24.4,30.9,206,2253,11.85,-94,11,3961,0,5,844208,
,24.3,29.1,201,2252,11.84,-91,10.5,3960,0,5,843908,
,22.4,29.1,202,2251,11.83,-91,11.2,3959,0,5,843608,
,22.8,28.6,197,2250,11.82,-93,10.2,3958,0,5,843308,
,23.4,32.9,204,2249,11.83,-92,10.5,3957,0,5,843008,
,23.1,30.4,199,2248,11.83,-92,10.2,3956,0,5,842708,
,24.3,28.9,199,2247,11.83,-92,10.5,3955,0,5,842408,
,22.6,28.9,202,2246,11.84,-92,11,3954,0,5,842108,
,21.6,25.9,197,2245,11.84,-93,10.8,3953,0,5,841808,
,21.5,27.7,200,2244,11.81,-94,10.2,3952,0,5,841508,
,22.3,27.1,199,2243,11.82,-92,10.5,3951,0,5,841208,
,23.2,28.2,200,2242,11.81,-94,10.5,3950,0,5,840908,
,21.2,28.3,199,2241,11.77,-92,10,3949,0,5,840608,
,23.2,26.5,198,2240,11.75,-93,10.2,3948,0,5,840308,
,21.8,26.6,197,2239,11.76,-92,10.8,3947,0,5,840008,
,24.0,26.7,197,2238,11.75,-91,11.2,3946,0,5,839708,
,23.0,26.9,196,2237,11.77,-92,10.5,3945,0,5,839408,
,22.9,29.2,197,2236,11.76,-94,10.5,3943,0,5,839108,
,23.0,29.7,198,2235,11.75,-92,10.5,3941,0,5,838808,
,24.2,30.0,199,2234,11.72,-93,10.5,3939,0,5,838508,
,23.9,29.5,201,2233,11.73,-94,9.8,3938,0,5,838208,
,24.2,29.9,201,2232,11.72,-94,10,3937,0,5,837908,
,24.2,29.9,201,2232,11.72,-94,10,3937,0,5,837908,
,25.3,29.9,202,2231,11.70,-92,11,3936,0,5,837608,
,23.6,27.8,199,2230,11.70,-93,10.2,3935,0,5,837308,
,22.6,28.1,200,2229,11.70,-94,10.2,3934,0,5,837008,
,26.8,31.6,201,2228,11.66,-92,10.5,3932,0,5,836708,
,23.5,29.0,198,2227,11.66,-92,10.8,3931,0,5,836408,
,23.9,30.5,202,2226,11.68,-94,10,3929,0,5,836108,
,23.7,29.4,197,2225,11.68,-91,10.5,3928,0,5,835808,
,23.2,29.7,199,2224,11.67,-94,10,3927,0,5,835508,
,22.5,27.3,196,2223,11.68,-92,10.5,3925,0,5,835208,
,23.0,26.6,197,2222,11.67,-92,11,3924,0,5,834908,
,24.0,29.8,196,2221,11.66,-93,9.8,3923,0,5,834608,
,24.5,28.0,196,2220,11.66,-93,9.5,3921,0,5,834308,
,25.2,30.4,196,2219,11.68,-92,10.8,3920,0,5,834008,
,23.6,27.9,198,2218,11.67,-92,10.5,3918,0,5,833708,
,23.2,29.1,196,2217,11.68,-93,10,3917,0,5,833408,
,24.5,29.1,196,2216,11.67,-92,9,3915,0,5,833108,
,22.6,28.1,196,2215,11.66,-92,10.5,3914,0,5,832808,
,22.6,28.1,196,2215,11.66,-92,10.5,3914,0,5,832808,
,24.0,27.9,197,2214,11.65,-92,10.5,3913,0,5,832508,
,24.5,29.0,196,2213,11.67,-91,10.5,3912,0,5,832208,
,24.6,29.0,198,2212,11.67,-94,10.8,3911,0,5,831908,
,24.4,30.0,197,2211,11.66,-93,10.2,3910,0,5,831608,
,22.2,30.5,194,2210,11.67,-94,10.2,3908,0,5,831308,
,24.2,29.0,192,2209,11.65,-93,10,3907,0,5,831008,
,26.3,29.9,192,2208,11.65,-92,10.5,3906,0,5,830708,
,25.8,29.3,190,2207,11.65,-95,10,3905,0,5,830408,
,22.6,29.2,192,2206,11.67,-92,10.8,3904,0,5,830108,
,24.3,29.6,195,2205,11.67,-92,10.8,3903,0,5,829808,
,23.2,27.1,196,2204,11.68,-90,11,3902,0,5,829508,
,24.1,28.4,195,2203,11.68,-91,11,3901,0,5,829208,
,25.2,29.4,197,2202,11.66,-92,10.2,3900,0,5,828908,
,23.1,28.4,191,2201,11.66,-91,10.5,3899,0,5,828608,
,23.1,28.4,193,2200,11.68,-92,11.2,3898,0,5,828308,
,22.8,28.7,194,2199,11.67,-93,10,3896,0,5,828008,
,23.8,30.9,196,2198,11.67,-94,10,3895,0,5,827708,
,24.6,29.3,194,2197,11.68,-92,10.2,3893,0,5,827408,
,24.6,30.4,194,2196,11.68,-93,10.2,3892,0,5,827108,
,24.7,30.8,195,2195,11.65,-92,10.2,3890,0,5,826808,
,23.2,30.1,199,2194,11.66,-93,10.2,3889,0,5,826508,
,25.6,30.5,198,2193,11.67,-92,10.2,3888,0,5,826208,
,23.6,29.3,198,2192,11.67,-92,10,3887,0,5,825908,
,22.0,25.7,197,2191,11.67,-94,10,3886,0,5,825608,
,22.8,28.4,199,2190,11.67,-92,10,3884,0,5,825308,
,23.8,30.6,200,2189,11.66,-91,11,3882,0,5,825008,
,22.0,26.0,197,2188,11.66,-92,10,3880,0,5,824708,
,23.8,31.9,197,2187,11.67,-91,10.5,3879,0,5,824408,
,25.0,29.0,199,2186,11.67,-92,11,3878,0,5,824108,
,25.3,31.1,200,2185,11.67,-91,10.5,3876,0,5,823808,
,23.8,28.9,198,2184,11.67,-93,10.5,3874,0,5,823508,
,22.9,29.1,197,2183,11.67,-93,10,3873,0,5,823208,
,22.2,29.3,200,2182,11.65,-92,11,3872,0,5,822908,
,23.8,30.9,197,2181,11.66,-90,10.5,3870,0,5,822608,
,24.9,30.2,197,2180,11.67,-93,10.2,3868,0,5,822308,
,22.6,26.5,197,2179,11.67,-92,10.5,3867,0,5,822008,
,23.3,28.4,197,2178,11.68,-93,10.5,3866,0,5,821708,
,24.3,27.4,198,2177,11.67,-92,10.2,3864,0,5,821408,
,22.8,29.9,196,2176,11.65,-92,10,3862,0,5,821108,
,21.8,27.0,198,2175,11.65,-91,10.5,3861,0,5,820808,
,25.2,29.2,197,2174,11.66,-93,10.2,3860,0,5,820508,
,23.4,31.2,200,2173,11.67,-91,10.8,3858,0,5,820208,
,21.9,25.7,199,2172,11.67,-92,10.8,3857,0,5,819908,
,23.3,28.5,196,2171,11.66,-91,10.8,3856,0,5,819608,
,22.5,26.0,195,2170,11.67,-91,10.5,3855,0,5,819308,
,21.6,25.7,196,2169,11.65,-93,9.8,3854,0,5,819008,
,21.8,26.5,195,2168,11.66,-92,10.5,3852,0,5,818708,
,24.2,26.6,197,2167,11.66,-92,11,3850,0,5,818408,
,21.9,24.8,197,2166,11.67,-92,11,3849,0,5,818108,
,22.7,26.4,197,2165,11.67,-91,10.2,3848,0,5,817808,
,22.7,25.9,195,2164,11.67,-91,10.8,3846,0,5,817508,
,21.3,28.8,195,2163,11.65,-92,11.2,3844,0,5,817208,
,19.7,25.1,195,2162,11.65,-90,10,3843,0,5,816908,
,21.2,25.0,194,2161,11.67,-92,11,3841,0,5,816608,
,22.3,26.4,199,2160,11.67,-92,10.5,3839,0,5,816308,
,21.7,28.2,198,2159,11.66,-91,10.5,3838,0,5,816008,
,21.5,24.9,197,2158,11.66,-92,7.8,3836,0,5,815708,
,23.0,26.6,200,2157,11.67,-93,10.2,3834,0,5,815408,
,21.8,29.5,198,2156,11.64,-91,10.5,3833,0,5,815108,
,21.7,29.6,197,2155,11.65,-92,10.5,3831,0,5,814808,
,22.6,26.3,196,2154,11.66,-91,10.5,3830,0,5,814508,
,23.0,26.4,196,2153,11.66,-92,10.8,3828,0,5,814208,
,21.4,26.7,196,2152,11.66,-91,10,3827,0,5,813908,
,23.3,28.3,193,2151,11.67,-92,10.5,3826,0,5,813608,
,22.8,28.0,193,2150,11.65,-92,11.2,3824,0,5,813308,
,22.5,26.9,194,2149,11.65,-91,10.8,3822,0,5,813008,
,23.2,27.6,191,2148,11.66,-93,10.8,3821,0,5,812708,
,23.8,29.1,191,2147,11.67,-91,10.2,3819,0,5,812408,
,24.1,27.9,191,2146,11.67,-90,10.2,3818,0,5,812108,
,23.4,26.1,191,2145,11.67,-92,10.8,3816,0,5,811808,
,22.9,27.2,191,2144,11.67,-91,10.5,3814,0,5,811508,
,22.4,28.8,192,2143,11.65,-91,10.5,3812,0,5,811208,
,22.0,28.0,193,2142,11.65,-93,10.2,3811,0,5,810908,
,23.5,26.9,194,2141,11.67,-91,10.8,3810,0,5,810608,
,21.9,29.0,193,2140,11.67,-92,10.5,3808,0,5,810308,
,23.7,30.0,191,2139,11.67,-91,10.5,3806,0,5,810008,
,23.3,28.4,193,2138,11.67,-93,10.2,3804,0,5,809708,
,24.5,29.3,194,2137,11.65,-89,10.5,3802,0,5,809409,
,22.7,26.8,192,2136,11.65,-91,10,3800,0,5,809108,
,24.4,31.0,195,2135,11.66,-90,10.2,3799,0,5,808808,
,22.1,30.5,193,2134,11.66,-91,9.8,3797,0,5,808508,
,24.6,28.2,194,2133,11.66,-91,11.2,3795,0,5,808208,
,26.4,32.1,194,2132,11.67,-93,10.2,3794,0,5,807908,
,24.6,28.4,193,2131,11.66,-92,10.5,3792,0,5,807608,
,25.6,31.0,192,2130,11.65,-93,9.8,3790,0,5,807308,
,23.2,26.7,191,2129,11.64,-90,10,3789,0,5,807008,
,25.0,30.2,191,2128,11.66,-92,10.5,3788,0,5,806708,
,25.0,30.3,191,2127,11.67,-91,10.5,3786,0,5,806408,
,23.6,31.7,193,2126,11.67,-92,10.2,3784,0,5,806108,
,21.7,27.5,192,2125,11.67,-92,10.8,3782,0,5,805808,
,25.6,29.7,192,2124,11.65,-92,10.8,3781,0,5,805509,
,25.0,27.3,191,2123,11.65,-91,10.8,3780,0,5,805208,
,26.8,31.9,191,2122,11.65,-91,10.5,3779,0,5,804908,
,25.4,33.8,187,2121,11.67,-93,10,3777,0,5,804608,
,23.7,28.2,189,2120,11.67,-92,10,3775,0,5,804308,
,23.9,28.2,189,2119,11.67,-91,10.5,3773,0,5,804008,
,23.2,28.8,190,2118,11.67,-92,10.5,3771,0,5,803708,
,24.3,28.3,188,2117,11.66,-92,11,3769,0,5,803409,
,21.8,30.3,188,2116,11.64,-92,11.2,3767,0,5,803108,
,23.1,29.6,186,2115,11.66,-91,10.5,3765,0,5,802808,
,25.8,30.5,187,2114,11.65,-92,11.2,3763,0,5,802508,
,23.1,29.6,187,2113,11.66,-93,10,3761,0,5,802208,
,23.4,28.1,184,2112,11.66,-93,10.2,3760,0,5,801908,
,22.9,31.3,185,2111,11.67,-92,10.5,3759,0,5,801608,
,23.7,27.9,181,2110,11.65,-91,10.2,3757,0,5,801308,
,25.8,30.6,183,2109,11.65,-91,9.8,3755,0,5,801008,
,22.2,29.3,182,2108,11.66,-91,10.2,3753,0,5,800708,
,23.4,27.7,184,2107,11.65,-91,10.2,3751,0,5,800408,
,21.5,25.5,183,2106,11.67,-91,10.2,3749,0,5,800108,
,21.9,30.0,184,2105,11.67,-91,10.8,3747,0,5,799808,
,23.9,28.4,183,2104,11.65,-92,11,3745,0,5,799509,
,22.4,31.1,183,2103,11.65,-92,10.8,3743,0,5,799208,
,22.6,27.7,182,2102,11.66,-91,10.5,3742,0,5,798908,
,21.3,26.9,181,2101,11.66,-92,10.2,3740,0,5,798608,
,22.3,27.1,182,2100,11.67,-91,10.2,3738,0,5,798308,
,23.5,28.2,181,2099,11.67,-91,10,3736,0,5,798008,
,21.9,26.9,181,2098,11.67,-92,10.5,3734,0,5,797708,
,22.5,27.5,181,2097,11.64,-92,10,3733,0,5,797408,
,23.0,28.2,180,2096,11.65,-91,10,3732,0,5,797108,
,22.7,30.6,181,2095,11.66,-92,10,3730,0,5,796808,
,21.8,26.1,179,2094,11.64,-92,10,3728,0,5,796508,
,22.1,25.8,179,2093,11.65,-91,10.5,3726,0,5,796208,
,22.1,25.8,180,2092,11.66,-91,10.5,3725,0,5,795908,
,21.2,25.9,180,2091,11.62,-91,10.8,3723,0,5,795609,
,20.4,26.5,181,2090,11.63,-90,10.5,3721,0,5,795308,
,22.2,25.1,180,2089,11.63,-91,11,3719,0,5,795008,
,23.0,27.5,181,2088,11.66,-92,10.8,3717,0,5,794708,
,21.6,26.4,179,2087,11.64,-92,10.8,3715,0,5,794408,
,22.1,29.0,180,2086,11.65,-91,10.5,3713,0,5,794108,
,24.1,28.8,180,2085,11.65,-91,10.2,3711,0,5,793808,
,22.5,26.2,179,2084,11.63,-91,10,3709,0,5,793509,
,21.6,25.3,178,2083,11.63,-92,10.8,3708,0,5,793208,
,22.7,27.8,181,2082,11.64,-92,10.8,3707,0,5,792908,
,22.0,25.8,181,2081,11.64,-91,10.8,3705,0,5,792608,
,22.3,26.2,180,2080,11.64,-91,10.2,3703,0,5,792308,
,20.7,26.1,180,2079,11.66,-92,11,3701,0,5,792008,
,22.3,26.3,179,2078,11.63,-91,10,3699,0,5,791709,
,21.2,25.1,179,2077,11.62,-92,10.8,3697,0,5,791408,
,19.6,24.9,179,2076,11.63,-91,11.2,3695,0,5,791108,
,21.0,25.6,178,2075,11.64,-92,10.8,3693,0,5,790808,
,20.7,26.3,180,2074,11.64,-93,10,3691,0,5,790508,
,20.6,25.3,178,2073,11.65,-91,10,3690,0,5,790208,
,19.8,24.7,181,2072,11.64,-90,10.8,3689,0,5,789908,
,19.6,25.0,180,2071,11.64,-91,10.5,3687,0,5,789609,
,19.9,24.3,179,2070,11.66,-91,10.5,3685,0,5,789308,
,20.1,24.5,180,2069,11.67,-91,10.2,3683,0,5,789008,
,20.6,26.4,178,2068,11.69,-91,10.2,3681,0,5,788708,
,20.1,24.4,179,2067,11.69,-91,10.5,3679,0,5,788408,
,20.8,25.5,179,2066,11.70,-91,10.8,3677,0,5,788108,
,20.3,23.7,179,2065,11.69,-92,10,3675,0,5,787809,
,18.3,25.2,180,2064,11.70,-91,10,3673,0,5,787509,
,18.8,25.1,180,2063,11.72,-92,10.5,3672,0,5,787208,
,19.6,23.8,179,2062,11.74,-91,10.5,3671,0,5,786908,
,20.0,24.1,180,2061,11.76,-93,10,3669,0,5,786608,
,20.2,24.5,179,2060,11.78,-91,10.5,3667,0,5,786308,
,19.2,22.3,180,2059,11.79,-91,9.8,3665,0,5,786008,
,19.1,23.4,179,2058,11.79,-91,10.5,3663,0,5,785709,
,20.2,24.1,183,2057,11.81,-91,11.2,3661,0,5,785408,
,19.4,24.6,179,2056,11.83,-91,11.2,3659,0,5,785108,
,19.0,21.9,181,2055,11.87,-91,10.8,3657,0,5,784808,
,17.1,22.3,182,2054,11.89,-92,10.5,3655,0,5,784508,
,18.4,22.1,183,2053,11.93,-91,10.5,3653,0,5,784208,
,17.3,20.5,182,2052,11.95,-92,10.5,3652,0,5,783909,
,18.7,22.2,181,2051,11.99,-92,10,3650,0,5,783609,
,17.5,23.6,181,2050,12.06,-93,10.5,3648,0,5,783308,
,18.1,22.7,182,2049,12.12,-91,10.5,3646,0,5,783008,
,19.2,22.8,182,2048,12.18,-90,10.2,3644,0,5,782708,
,20.0,24.8,184,2047,12.22,-92,10.5,3642,0,5,782408,
,17.9,21.9,182,2046,12.25,-92,10.8,3640,0,5,782108,
,19.7,24.8,185,2045,12.23,-91,10.5,3638,0,5,781809,
,16.6,23.1,179,2044,12.24,-91,10,3636,0,5,781508,
,18.4,21.7,180,2043,12.25,-91,10.5,3634,0,5,781208,
,18.1,21.3,180,2042,12.25,-91,9.5,3633,0,5,780908,
,18.6,21.7,181,2041,12.26,-93,10.2,3631,0,5,780608,
,17.6,21.7,183,2040,12.25,-91,10.5,3630,0,5,780308,
,16.2,23.3,179,2039,12.26,-92,10.8,3629,0,5,780008,
,15.5,19.3,178,2038,12.25,-92,10.5,3627,0,5,779709,
,15.1,20.0,176,2037,12.25,-91,11,3625,0,5,779408,
,14.7,19.1,175,2036,12.27,-90,10.8,3624,0,5,779108,
,15.4,21.0,178,2035,12.27,-91,10.5,3622,0,5,778808,
,15.9,20.1,179,2034,12.28,-91,10.2,3621,0,5,778508,
,16.7,20.9,182,2033,12.28,-92,10.2,3619,0,5,778208,
,16.5,19.5,182,2032,12.27,-92,10.5,3618,0,5,777909,
,17.5,20.1,184,2031,12.26,-90,10.5,3616,0,5,777609,
,17.6,21.5,180,2030,12.27,-90,10.5,3614,0,5,777308,
,17.6,21.2,177,2029,12.28,-91,10.5,3612,0,5,777008,
,15.8,19.8,178,2028,12.28,-92,10.5,3610,0,5,776708,
,14.1,17.1,178,2027,12.28,-90,9.8,3608,0,5,776408,
,14.6,17.9,172,2026,12.29,-91,10.8,3606,0,5,776108,
,14.7,17.1,172,2025,12.26,-91,10,3604,0,5,775809,
,16.3,18.8,173,2024,12.26,-91,11,3602,0,5,775508,
,13.2,17.5,171,2023,12.27,-90,10.2,3600,0,5,775208,
,15.0,18.2,169,2022,12.28,-91,10.5,3599,0,5,774908,
,15.9,18.7,164,2021,12.29,-91,10.8,3598,0,5,774608,
,15.4,18.3,166,2020,12.29,-91,10.5,3596,0,5,774308,
,14.9,18.1,166,2019,12.28,-90,10.2,3594,0,5,774009,
,13.8,18.0,168,2018,12.28,-92,10.5,3592,0,5,773709,
,13.0,17.1,161,2017,12.31,-90,10.5,3590,0,5,773408,
,15.2,19.4,159,2016,12.32,-91,10.2,3588,0,5,773108,
,15.2,18.2,158,2015,12.31,-90,10.2,3587,0,5,772808,
,14.3,16.6,153,2014,12.31,-91,10,3586,0,5,772508,
,14.7,16.6,152,2013,12.31,-91,10.2,3584,0,5,772209,
,13.9,16.3,152,2012,12.27,-91,10.5,3583,0,5,771909,
,12.5,16.1,149,2011,12.27,-91,10,3581,0,5,771609,
,12.3,13.9,150,2010,12.29,-91,10,3580,0,5,771309,
,13.2,15.9,149,2009,12.29,-91,10.8,3578,0,5,771009,
,12.2,14.7,150,2008,12.29,-91,9.8,3577,0,5,770709,
,12.9,17.2,150,2007,12.32,-91,11,3575,0,5,770409,
,13.1,15.7,153,2006,12.30,-90,10.5,3573,0,5,770109,
,12.8,15.4,151,2005,12.31,-91,10,3572,0,5,769809,
,13.9,16.3,150,2004,12.31,-91,10.2,3570,0,5,769509,
,13.6,18.0,155,2003,12.34,-90,10.2,3568,0,5,769209,
,14.6,17.4,155,2002,12.34,-90,10.2,3567,0,5,768909,
,13.0,17.2,155,2001,12.35,-91,10.2,3565,0,5,768609,
,13.5,17.2,160,2000,12.35,-91,10.2,3563,0,5,768309,
,11.1,13.1,161,1999,12.33,-92,10.2,3562,0,5,768009,
,9.6,11.3,160,1998,12.33,-91,10.8,3561,0,5,767709,
,10.1,12.8,161,1997,12.33,-92,10.2,3559,0,5,767409,
,11.8,14.6,158,1996,12.33,-91,11.2,3557,0,5,767109,
,13.2,15.8,163,1995,12.33,-91,10.8,3555,0,5,766809,
,11.8,13.3,171,1994,12.33,-92,10.2,3554,0,5,766509,
,11.2,13.0,172,1993,12.31,-91,10.5,3552,0,5,766209,
,9.0,13.8,173,1992,12.31,-92,10.8,3551,0,5,765909,
,10.1,11.9,175,1991,12.31,-91,10.2,3550,0,5,765609,
,10.2,12.5,178,1990,12.34,-91,10.5,3548,0,5,765309,
,11.3,12.9,173,1989,12.35,-92,10.8,3547,0,5,765009,
,9.3,10.3,171,1988,12.35,-91,11.2,3545,0,5,764709,
,10.1,12.3,178,1987,12.37,-91,10,3544,0,5,764409,
,11.8,13.0,179,1986,12.37,-92,10.8,3542,0,5,764109,
,7.8,8.7,172,1985,12.37,-91,10,3540,0,5,763809,
,7.5,8.1,162,1984,12.39,-92,10.5,3538,0,5,763509,
,8.0,9.4,153,1983,12.37,-92,10.5,3536,0,5,763209,
,8.4,10.5,151,1982,12.37,-92,10.5,3535,0,5,762909,
,8.0,10.0,153,1981,12.36,-91,10.2,3533,0,5,762609,
,9.0,11.1,158,1980,12.33,-90,10,3531,0,5,762309,
,10.2,12.5,161,1979,12.32,-91,10,3530,0,5,762009,
,11.3,13.2,170,1978,12.33,-92,10.8,3529,0,5,761709,
,11.3,13.5,160,1977,12.35,-91,10.2,3527,0,5,761409,
,13.3,17.0,158,1976,12.36,-92,10.2,3525,0,5,761109,
,14.1,18.5,161,1975,12.37,-91,9.8,3523,0,5,760809,
,15.7,19.2,160,1974,12.37,-91,10,3522,0,5,760509,
,13.2,16.9,161,1973,12.36,-91,10,3520,0,5,760209,
,12.0,14.5,163,1972,12.36,-91,10.2,3519,0,5,759909,
,12.6,15.2,151,1971,12.25,-90,10.5,3517,0,5,759609,
,9.5,13.2,155,1970,12.11,-91,10.5,3515,0,5,759309,
,10.9,13.7,155,1969,12.08,-91,10,3513,0,5,759009,
,11.6,14.2,152,1968,12.05,-91,11,3511,0,5,758709,
,10.9,14.3,149,1967,12.05,-91,10.8,3509,0,5,758409,
,10.0,12.6,143,1966,12.00,-91,10,3507,0,5,758109,
,11.3,12.9,140,1965,12.00,-92,10.5,3506,0,5,757809,
,9.3,10.7,137,1964,11.99,-91,11.2,3504,0,5,757509,
,11.2,13.3,139,1963,11.97,-91,10,3502,0,5,757209,
,8.8,12.0,138,1962,11.94,-92,10.8,3501,0,5,756909,
,8.4,11.6,149,1961,11.87,-92,10.8,3499,0,5,756609,
,9.7,11.7,160,1960,11.85,-91,10.5,3497,0,5,756309,
,9.8,12.7,162,1959,11.83,-91,10.2,3496,0,5,756009,
,10.6,15.2,159,1958,11.83,-91,10.8,3494,0,5,755709,
,13.6,15.6,144,1957,11.82,-92,10.2,3492,0,5,755409,
,13.0,14.6,141,1956,11.81,-92,10.5,3490,0,5,755109,
,13.0,16.2,148,1955,11.81,-91,10.2,3488,0,5,754809,
,12.4,15.3,143,1954,11.80,-90,10.8,3487,0,5,754509,
,10.6,13.4,143,1953,11.78,-91,10,3486,0,5,754209,
,11.4,13.8,145,1952,11.77,-91,10.2,3485,0,5,753909,
,13.6,15.2,144,1951,11.77,-91,10.2,3483,0,5,753609,
,13.1,15.1,142,1950,11.76,-91,10.2,3481,0,5,753309,
,13.0,15.3,145,1949,11.76,-90,10,3480,0,5,753009,
,12.7,16.1,151,1948,11.76,-91,10.2,3478,0,5,752709,
,12.0,13.9,153,1947,11.74,-91,10,3477,0,5,752409,
,13.1,15.1,150,1946,11.74,-92,10.2,3475,0,5,752109,
,8.6,12.7,146,1945,11.74,-91,10.8,3474,0,5,751809,
,9.9,11.8,147,1944,11.72,-91,10.8,3473,0,5,751509,
,9.8,12.5,134,1943,11.72,-92,10.5,3471,0,5,751209,
,7.5,9.3,147,1942,11.71,-92,10,3470,0,5,750909,
,8.4,11.1,146,1941,11.69,-92,10.2,3468,0,5,750609,
,6.4,9.9,151,1940,11.66,-91,9,3466,0,5,750309,
,6.0,7.8,139,1939,11.67,-91,10.5,3465,0,5,750009,
,7.3,12.6,124,1938,11.69,-91,10.2,3463,0,5,749709,
,11.8,16.0,116,1937,11.70,-91,10,3461,0,5,749409,
,11.3,14.9,120,1936,11.69,-92,10.8,3459,0,5,749109,
,12.1,15.0,130,1935,11.70,-91,10,3457,0,5,748809,
,13.0,15.4,130,1934,11.66,-91,10.8,3455,0,5,748509,
,13.5,15.6,135,1933,11.67,-92,10.8,3454,0,5,748209,
,9.6,15.6,135,1932,11.67,-91,10.8,3453,0,5,747909,
,8.7,10.9,126,1931,11.67,-91,10,3452,0,5,747609,
,11.2,13.0,129,1930,11.67,-90,10.5,3450,0,5,747309,
,10.3,13.3,130,1929,11.67,-91,11,3449,0,5,747009,
,9.5,11.1,121,1928,11.67,-91,11.2,3448,0,5,746709,
,8.8,10.9,118,1927,11.65,-91,10.2,3446,0,5,746409,
,9.9,13.1,117,1926,11.66,-90,8.5,3445,0,5,746109,
,12.1,14.2,108,1925,11.67,-90,10.5,3443,0,5,745809,
,11.9,13.4,109,1924,11.67,-91,11,3441,0,5,745509,
,10.9,14.7,117,1923,11.67,-91,10,3439,0,5,745209,
,11.4,14.2,113,1922,11.69,-91,10.2,3438,0,5,744909,
,13.2,16.8,121,1921,11.66,-91,10.5,3436,0,5,744609,
,12.6,17.1,124,1920,11.66,-91,10.5,3434,0,5,744309,
,14.9,16.8,123,1919,11.67,-90,10.5,3432,0,5,744009,
,13.5,18.1,125,1918,11.68,-91,11,3430,0,5,743709,
,12.6,15.7,128,1917,11.68,-90,10.8,3428,0,5,743409,
,11.9,14.8,133,1916,11.69,-91,10.5,3426,0,5,743109,
,12.1,15.2,130,1915,11.70,-91,10.2,3424,0,5,742809,
,12.6,16.2,129,1914,11.66,-90,10.5,3422,0,5,742509,
,13.8,17.6,125,1913,11.66,-91,10,3420,0,5,742209,
,12.1,13.7,128,1912,11.68,-90,11,3419,0,5,741909,
,9.9,11.6,128,1911,11.68,-91,10.5,3417,0,5,741609,
,9.2,11.3,131,1910,11.68,-91,11.2,3415,0,5,741309,
,9.6,11.8,117,1909,11.69,-91,11,3413,0,5,741009,
,9.3,11.6,123,1908,11.66,-91,11.8,3411,0,5,740709,
,8.2,10.3,125,1907,11.66,-91,10.2,3409,0,5,740409,
,8.2,10.0,128,1906,11.67,-91,10.5,3408,0,5,740109,
,7.3,10.1,135,1905,11.67,-91,10.8,3406,0,5,739809,
,9.3,10.5,127,1904,11.67,-91,11.2,3404,0,5,739509,
,8.8,9.7,131,1903,11.68,-91,10.2,3402,0,5,739209,
,7.8,8.7,128,1902,11.68,-91,10.5,3401,0,5,738909,
,6.9,8.5,121,1901,11.66,-91,11,3399,0,5,738609,
,7.8,8.7,123,1900,11.66,-91,10.8,3397,0,5,738309,
,7.1,8.9,122,1899,11.67,-92,11,3395,0,5,738009,
,7.4,8.6,117,1898,11.67,-91,10.2,3394,0,5,737709,
,7.5,8.0,124,1897,11.67,-91,10.8,3392,0,5,737409,
,7.4,8.4,127,1896,11.68,-91,10.2,3390,0,5,737109,
,7.1,9.1,128,1895,11.68,-91,10.2,3388,0,5,736809,
,7.5,9.6,128,1894,11.66,-92,10.5,3386,0,5,736509,
,8.2,10.0,128,1893,11.66,-91,10.8,3384,0,5,736209,
,7.5,10.4,128,1892,11.67,-91,11,3383,0,5,735909,
,8.3,10.3,126,1891,11.67,-90,10.2,3381,0,5,735609,
,8.8,11.0,128,1890,11.68,-91,11.5,3380,0,5,735309,
,9.1,10.6,127,1889,11.67,-91,10.8,3378,0,5,735009,
,8.7,9.7,132,1888,11.65,-91,10.5,3377,0,5,734709,
,7.8,10.3,130,1887,11.65,-91,11.2,3375,0,5,734409,
,7.1,8.4,134,1886,11.67,-91,10.8,3373,0,5,734109,
,6.9,8.3,136,1885,11.67,-91,10.2,3372,0,5,733809,
,7.0,8.0,140,1884,11.67,-91,9.8,3370,0,5,733509,
,5.5,7.8,137,1883,11.67,-91,10.8,3369,0,5,733209,
,6.4,8.9,138,1882,11.67,-91,9.8,3368,0,5,732909,
,6.9,9.4,128,1881,11.65,-91,10.5,3367,0,5,732609,
,7.6,9.9,129,1880,11.65,-92,10.5,3365,0,5,732309,
,7.4,9.1,134,1879,11.67,-91,10,3363,0,5,732009,
,6.7,9.5,134,1878,11.67,-91,10.8,3362,0,5,731709,
,7.1,9.4,130,1877,11.67,-91,11,3360,0,5,731409,
,7.6,10.3,128,1876,11.67,-91,10.5,3359,0,5,731109,
,8.1,11.0,130,1875,11.66,-91,10.8,3357,0,5,730809,
,8.3,10.1,129,1874,11.66,-91,10.8,3356,0,5,730509,
,7.5,11.2,130,1873,11.67,-91,11,3354,0,5,730209,
,8.9,10.9,125,1872,11.68,-90,11,3353,0,5,729909,
,8.4,10.7,132,1871,11.68,-91,11,3351,0,5,729609,
,9.9,11.0,125,1870,11.68,-90,9.8,3349,0,5,729309,
,8.4,11.1,129,1869,11.67,-91,10.5,3347,0,5,729009,
,9.6,11.4,128,1868,11.66,-90,10,3345,0,5,728709,
,8.9,11.6,132,1867,11.66,-91,10.8,3343,0,5,728409,
,10.0,12.7,132,1866,11.68,-90,10.5,3341,0,5,728109,
,9.3,14.2,132,1865,11.67,-90,10.5,3339,0,5,727809,
,10.4,14.7,131,1864,11.69,-90,10.5,3337,0,5,727509,
,10.6,12.0,132,1863,11.68,-90,10.8,3336,0,5,727209,
,9.7,11.8,132,1862,11.66,-91,11,3335,0,5,726909,
,10.5,12.5,135,1861,11.66,-90,10.5,3333,0,5,726609,
,8.8,12.4,140,1860,11.67,-91,10.8,3331,0,5,726309,
,12.3,14.3,136,1859,11.67,-91,10.8,3329,0,5,726009,
,10.2,13.0,133,1858,11.69,-90,9.8,3327,0,5,725709,
,9.9,11.3,137,1857,11.67,-90,10,3325,0,5,725409,
,9.7,12.1,135,1856,11.68,-91,11.2,3323,0,5,725109,
,10.4,13.0,140,1855,11.66,-90,10.8,3321,0,5,724809,
,10.5,13.7,139,1854,11.66,-90,10.2,3319,0,5,724509,
,10.2,13.6,138,1853,11.68,-90,10,3317,0,5,724209,
,10.7,14.1,139,1852,11.68,-90,9.5,3316,0,5,723909,
,12.7,16.1,136,1851,11.68,-90,11.2,3314,0,5,723609,
,12.9,14.9,141,1850,11.68,-91,10.8,3312,0,5,723309,
,11.7,14.9,144,1849,11.66,-90,10.5,3310,0,5,723009,
,11.1,13.5,144,1848,11.66,-90,10.2,3308,0,5,722709,
,10.9,13.9,145,1847,11.67,-91,10.2,3306,0,5,722409,
,11.1,15.7,139,1846,11.68,-91,9.8,3304,0,5,722109,
,10.6,13.8,142,1845,11.68,-90,11,3302,0,5,721809,
,9.7,11.7,141,1844,11.68,-90,10.2,3300,0,5,721509,
,9.1,11.8,146,1843,11.68,-91,10.8,3298,0,5,721209,
,10.5,13.0,145,1842,11.66,-90,10.5,3297,0,5,720909,
,8.0,10.2,144,1841,11.66,-91,10.5,3295,0,5,720609,
,10.4,12.2,147,1840,11.68,-91,10.2,3293,0,5,720309,
,12.4,14.9,147,1839,11.68,-90,9.8,3291,0,5,720009,
,9.6,13.7,140,1838,11.68,-91,10.2,3289,0,5,719709,
,12.0,14.5,134,1837,11.69,-91,10,3287,0,5,719409,
,9.4,11.0,129,1836,11.66,-91,10.5,3285,0,5,719109,
,9.5,11.6,131,1835,11.67,-90,11,3283,0,5,718809,
,9.3,10.9,130,1834,11.67,-90,10.5,3281,0,5,718509,
,9.1,11.4,133,1833,11.68,-91,10,3279,0,5,718209,
,9.6,12.7,135,1832,11.68,-90,10.2,3278,0,5,717909,
,9.3,11.0,129,1831,11.69,-91,10,3276,0,5,717609,
,7.4,9.6,132,1830,11.68,-90,10.8,3274,0,5,717309,
,7.3,8.7,131,1829,11.66,-91,10.8,3272,0,5,717009,
,7.7,8.9,135,1828,11.66,-90,10.5,3270,0,5,716709,
,8.2,9.9,135,1827,11.67,-91,10,3268,0,5,716409,
,7.0,9.4,140,1826,11.68,-90,10.2,3266,0,5,716109,
,8.7,10.0,139,1825,11.68,-91,10,3264,0,5,715809,
,8.3,9.7,138,1824,11.68,-91,10.5,3262,0,5,715509,
,8.1,11.1,137,1823,11.66,-91,11.2,3260,0,5,715209,
,8.9,10.6,132,1822,11.66,-91,10.2,3259,0,5,714909,
,8.8,10.7,136,1821,11.66,-91,11.2,3257,0,5,714609,
,8.3,10.8,136,1820,11.68,-91,10.2,3255,0,5,714309,
,9.7,11.6,133,1819,11.68,-91,10.8,3254,0,5,714009,
,9.0,10.8,136,1818,11.68,-91,10.2,3252,0,5,713709,
,8.4,10.2,136,1817,11.69,-91,10.8,3250,0,5,713409,
,8.8,10.8,138,1816,11.66,-90,10,3248,0,5,713109,
,8.2,10.3,138,1815,11.66,-91,10.5,3246,0,5,712809,
,8.6,10.2,140,1814,11.69,-91,11,3244,0,5,712509,
,8.8,11.0,140,1813,11.68,-91,11.2,3242,0,5,712209,
,8.0,10.2,132,1812,11.68,-91,10.5,3241,0,5,711909,
,9.2,11.1,137,1811,11.68,-91,11,3239,0,5,711609,
,8.9,11.5,133,1810,11.66,-91,10.5,3237,0,5,711309,
,8.2,12.9,127,1809,11.66,-90,10.5,3235,0,5,711009,
,7.8,9.4,128,1808,11.66,-91,10.8,3234,0,5,710709,
,9.9,11.4,121,1807,11.68,-91,10.8,3232,0,5,710409,
,9.5,10.7,127,1806,11.68,-91,11,3230,0,5,710109,
,8.3,10.8,127,1805,11.68,-91,10.2,3228,0,5,709809,
,7.7,11.3,129,1804,11.68,-91,10.5,3227,0,5,709509,
,8.5,10.2,123,1803,11.66,-91,11.8,3225,0,5,709209,
,9.1,10.8,126,1802,11.66,-91,10.2,3224,0,5,708909,
,8.7,11.0,123,1801,11.67,-91,11,3222,0,5,708609,
,7.7,11.3,130,1800,11.67,-91,10,3220,0,5,708309,
,7.5,9.9,130,1799,11.68,-92,10.2,3218,0,5,708009,
,6.7,8.9,117,1798,11.67,-91,10.2,3216,0,5,707709,
,7.8,8.6,109,1797,11.66,-92,10.5,3214,0,5,707409,
,6.2,7.6,114,1796,11.65,-92,10.8,3212,0,5,707109,
,5.7,7.4,124,1795,11.66,-91,11,3210,0,5,706809,
,4.9,6.5,110,1794,11.67,-92,10.8,3208,0,5,706509,
,6.4,8.4,110,1793,11.67,-92,10.5,3206,0,5,706209,
,6.7,8.5,106,1792,11.67,-92,10.2,3205,0,5,705909,
,6.2,8.0,108,1791,11.68,-91,11,3204,0,5,705609,
,6.9,7.7,97,1790,11.66,-92,11.2,3203,0,5,705309,
,7.3,8.6,95,1789,11.65,-91,10.8,3201,0,5,705009,
,6.4,8.7,101,1788,11.67,-92,10.8,3199,0,5,704709,
,7.9,9.7,107,1787,11.67,-91,10.2,3197,0,5,704409,
,7.6,9.0,109,1786,11.68,-91,10.8,3195,0,5,704109,
,5.8,8.0,114,1785,11.67,-92,10.8,3193,0,5,703809,
,6.0,7.2,108,1784,11.68,-92,10.5,3191,0,5,703509,
,7.1,8.9,111,1783,11.66,-91,10.8,3189,0,5,703209,
,8.6,10.1,112,1782,11.66,-92,10.8,3188,0,5,702909,
,9.1,10.3,112,1781,11.68,-91,11,3186,0,5,702609,
,9.2,10.7,112,1780,11.68,-91,10.8,3184,0,5,702309,
,8.5,10.4,114,1779,11.69,-90,10.5,3182,0,5,702009,
,9.1,10.3,110,1778,11.70,-91,10.5,3180,0,5,701709,
,6.6,9.3,117,1777,11.68,-91,10.5,3178,0,5,701409,
,7.9,9.5,123,1776,11.68,-91,11,3176,0,5,701109,
,7.1,9.7,121,1775,11.71,-91,11.5,3174,0,5,700809,
,8.7,10.8,106,1774,11.72,-91,11,3173,0,5,700509,
,9.1,10.8,108,1773,11.73,-91,11,3171,0,5,700209,
,9.1,10.5,103,1772,11.73,-91,11.5,3170,0,5,699909,
,9.3,10.8,104,1771,11.75,-91,11.5,3168,0,5,699609,
,9.3,10.9,106,1770,11.74,-91,10.8,3166,0,5,699309,
,9.6,11.4,108,1769,11.75,-91,10.5,3165,0,5,699009,
,8.6,10.9,114,1768,11.78,-90,10.2,3163,0,5,698709,
,9.2,10.3,107,1767,11.79,-91,11,3161,0,5,698409,
,9.2,10.8,108,1766,11.81,-91,11.2,3159,0,5,698109,
,9.2,11.1,112,1765,11.83,-91,11.2,3157,0,5,697809,
,9.6,11.6,109,1764,11.84,-91,11,3156,0,5,697509,
,9.3,11.6,104,1763,11.86,-90,10.8,3154,0,5,697209,
,11.0,12.5,106,1762,11.91,-91,11,3153,0,5,696909,
,9.8,11.1,105,1761,11.95,-90,10.8,3152,0,5,696609,
,8.4,9.9,103,1760,11.99,-91,10.8,3150,0,5,696309,
,8.3,11.3,101,1759,12.05,-91,10.5,3148,0,5,696009,
,7.8,9.5,104,1758,12.10,-91,11,3146,0,5,695709,
,8.8,10.0,105,1757,12.14,-90,10.8,3145,0,5,695409,
,9.1,12.0,104,1756,12.19,-91,11,3143,0,5,695109,
,9.9,12.2,91,1755,12.24,-90,11,3141,0,5,694809,
,8.9,11.3,104,1754,12.25,-91,11.2,3139,0,5,694509,
,9.5,11.3,100,1753,12.23,-91,10.5,3138,0,5,694209,
,10.5,12.2,98,1752,12.26,-91,11.2,3136,0,5,693909,
,12.1,13.6,92,1751,12.25,-91,11,3134,0,5,693609,
,9.4,11.4,98,1750,12.25,-90,10.5,3133,0,5,693309,
,12.2,14.6,94,1749,12.26,-90,11,3131,0,5,693009,
,11.4,13.5,92,1748,12.27,-91,11,3129,0,5,692709,
,11.5,13.5,103,1747,12.26,-90,10.8,3127,0,5,692409,
,12.2,15.1,94,1746,12.26,-90,10.5,3125,0,5,692109,
,12.7,14.4,93,1745,12.26,-91,11,3123,0,5,691809,
,12.7,14.6,104,1744,12.25,-90,10.2,3122,0,5,691509,
,12.7,14.0,96,1743,12.26,-90,10.2,3120,0,5,691209,
,11.9,13.6,99,1742,12.27,-90,11,3118,0,5,690909,
,12.8,14.9,108,1741,12.27,-90,10.2,3116,0,5,690609,
,10.3,14.1,102,1740,12.27,-90,10.5,3115,0,5,690309,
,12.1,15.7,102,1739,12.26,-90,10.5,3114,0,5,690009,
,13.1,14.8,106,1738,12.25,-91,10.8,3112,0,5,689709,
,13.2,15.2,100,1737,12.25,-90,10.5,3111,0,5,689409,
,12.6,17.9,95,1736,12.24,-90,10.5,3109,0,5,689109,
,12.5,14.6,102,1735,12.27,-90,10.2,3107,0,5,688809,
,11.8,15.0,99,1734,12.28,-91,11.8,3105,0,5,688509,
,14.5,16.9,88,1733,12.28,-90,11,3104,0,5,688209,
,12.6,16.1,91,1732,12.30,-91,10.8,3102,0,5,687909,
,12.5,15.2,94,1731,12.26,-91,10.8,3101,0,5,687609,
,12.1,13.9,92,1730,12.26,-91,10.8,3100,0,5,687309,
,11.8,15.3,98,1729,12.28,-91,10.8,3098,0,5,687009,
,13.0,15.5,98,1728,12.29,-90,10.5,3096,0,5,686709,
,12.2,14.4,104,1727,12.29,-91,10.5,3094,0,5,686409,
,11.7,15.6,100,1726,12.28,-90,10.5,3093,0,5,686109,
,10.9,14.8,100,1725,12.26,-91,11,3092,0,5,685809,
,11.3,15.1,94,1724,12.26,-89,10.5,3091,0,5,685509,
,13.2,16.7,87,1723,12.28,-91,11.2,3090,0,5,685209,
,13.1,15.4,91,1722,12.30,-91,10.5,3088,0,5,684909,
,12.4,15.2,103,1721,12.30,-91,10.5,3086,0,5,684609,
,11.4,15.3,100,1720,12.31,-90,10.8,3085,0,5,684309,
,13.4,16.6,89,1719,12.31,-90,10.5,3083,0,5,684009,
,14.5,16.3,94,1718,12.28,-91,11.5,3081,0,5,683709,
,13.4,18.0,105,1717,12.28,-90,10.8,3080,0,5,683409,
,12.9,16.2,95,1716,12.31,-90,10.5,3079,0,5,683109,
,12.2,14.8,98,1715,12.32,-91,10.2,3078,0,5,682809,
,11.0,13.9,96,1714,12.31,-90,10.8,3076,0,5,682509,
,8.9,11.9,94,1713,12.31,-91,10.2,3074,0,5,682209,
,10.1,12.3,98,1712,12.30,-90,10.2,3072,0,5,681909,
,9.7,13.4,92,1711,12.30,-91,10.5,3071,0,5,681609,
,11.4,13.4,104,1710,12.30,-91,10.8,3069,0,5,681309,
,11.3,15.5,86,1709,12.32,-91,11,3067,0,5,681009,
,13.0,15.7,88,1708,12.32,-91,10.5,3065,0,5,680709,
,11.9,13.3,89,1707,12.32,-91,11.2,3063,0,5,680409,
,9.8,16.1,88,1706,12.33,-91,11,3061,0,5,680109,
,10.2,12.7,90,1705,12.30,-91,11.5,3060,0,5,679809,
,10.7,14.0,91,1704,12.31,-91,11,3058,0,5,679509,
,12.9,15.5,86,1703,12.32,-91,11.5,3056,0,5,679209,
,10.6,12.9,90,1702,12.33,-91,11.5,3054,0,5,678909,
,9.6,11.5,90,1701,12.32,-91,11,3053,0,5,678609,
,11.2,12.7,106,1700,12.32,-93,10,3051,0,5,678309,
,8.9,10.8,102,1699,12.29,-91,10.2,3050,0,5,678009,
,8.1,10.5,76,1698,12.28,-92,10.2,3049,0,5,677709,
,9.3,12.9,62,1697,12.29,-92,10.8,3048,0,5,677409,
,9.2,12.3,41,1696,12.32,-91,11,3047,0,5,677109,
,9.5,11.2,39,1695,12.32,-92,10.5,3046,0,5,676809,
,7.5,9.7,48,1694,12.32,-92,10.8,3044,0,5,676509,
,8.4,9.8,44,1693,12.32,-92,11.5,3042,0,5,676209,
,7.9,8.8,41,1692,12.30,-92,11,3040,0,5,675909,
,8.9,10.0,50,1691,12.29,-92,10.2,3038,0,5,675609,
,8.9,10.0,47,1690,12.32,-91,11,3036,0,5,675309,
,9.0,11.0,43,1689,12.32,-92,10.8,3035,0,5,675009,
,9.5,10.2,45,1688,12.31,-91,10.8,3034,0,5,674709,
,9.6,11.1,44,1687,12.30,-91,10.5,3032,0,5,674409,
,8.5,9.7,45,1686,12.20,-92,9.8,3030,0,5,674109,
,9.3,10.5,45,1685,11.98,-92,11.2,3028,0,5,673809,
,9.5,10.5,49,1684,11.96,-92,10.8,3026,0,5,673509,
,9.5,11.1,41,1683,11.97,-92,11.5,3024,0,5,673209,
,9.7,10.9,46,1682,11.96,-92,11,3022,0,5,672909,
,9.0,10.5,52,1681,11.98,-92,10.5,3021,0,5,672609,
,9.7,11.2,48,1680,11.90,-92,10.5,3019,0,5,672309,
,9.6,10.3,50,1679,11.89,-92,10.8,3018,0,5,672009,
,10.0,11.2,45,1678,11.87,-91,10.5,3016,0,5,671709,
,9.4,10.3,46,1677,11.87,-92,11,3014,0,5,671409,
,9.1,11.1,51,1676,11.87,-92,11.2,3012,0,5,671109,
,8.1,10.7,66,1675,11.85,-92,10.8,3010,0,5,670809,
,9.4,10.7,53,1674,11.83,-92,11,3008,0,5,670509,
,9.4,12.2,54,1673,11.83,-92,11,3006,0,5,670209,
,10.4,11.7,43,1672,11.80,-91,10.5,3004,0,5,669909,
,10.0,13.6,47,1671,11.80,-92,10.8,3003,0,5,669609,
,10.2,12.9,46,1670,11.80,-92,10.5,3001,0,5,669309,
,11.4,14.3,38,1669,11.79,-92,11,2999,0,5,669009,
,11.7,14.5,38,1668,11.78,-91,11,2997,0,5,668709,
,13.2,14.3,36,1667,11.76,-91,10.8,2995,0,5,668409,
,11.3,14.0,42,1666,11.73,-92,11.2,2994,0,5,668109,
,11.8,14.0,36,1665,11.72,-92,10.8,2992,0,5,667809,
,10.9,13.2,31,1664,11.73,-91,11.5,2990,0,5,667509,
,11.8,13.7,36,1663,11.73,-92,10.8,2989,0,5,667209,
,12.0,14.2,33,1662,11.73,-92,10.8,2987,0,5,666909,
,12.2,14.3,36,1661,11.71,-93,10,2986,0,5,666609,
,11.9,13.5,37,1660,11.72,-93,10.2,2984,0,5,666309,
,10.5,14.7,49,1659,11.66,-93,10.5,2982,0,5,666009,
,8.9,12.5,47,1658,11.66,-93,9.5,2980,0,5,665709,
,9.6,12.9,46,1657,11.67,-93,10.5,2979,0,5,665409,
,11.1,13.6,39,1656,11.66,-93,10.5,2978,0,5,665109,
,10.9,12.6,37,1655,11.67,-93,10.5,2976,0,5,664809,
,11.1,13.3,35,1654,11.66,-93,10.8,2974,0,5,664509,
,9.7,12.2,43,1653,11.63,-92,10.5,2972,0,5,664210,
,10.3,12.3,26,1652,11.63,-92,10.8,2970,0,5,663909,
,11.0,13.0,27,1651,11.64,-93,10.2,2969,0,5,663609,
,10.4,12.2,29,1650,11.65,-92,11,2967,0,5,663309,
,9.0,10.8,35,1649,11.64,-92,11.2,2965,0,5,663009,
,9.5,10.6,34,1648,11.63,-93,9.5,2963,0,5,662709,
,9.1,11.8,40,1647,11.63,-92,11.2,2962,0,5,662409,
,10.2,13.2,44,1646,11.61,-93,11,2960,0,5,662109,
,10.5,12.3,42,1645,11.61,-92,11,2958,0,5,661809,
,10.4,13.8,53,1644,11.63,-92,10.8,2956,0,5,661509,
,13.2,16.1,54,1643,11.63,-92,10.2,2955,0,5,661209,
,12.3,13.8,43,1642,11.64,-91,10.8,2953,0,5,660909,
,10.7,12.8,52,1641,11.62,-92,10.8,2952,0,5,660609,
,9.5,11.6,51,1640,11.61,-93,10.5,2950,0,5,660310,
,10.5,13.2,52,1639,11.61,-93,11,2948,0,5,660009,
,11.0,13.5,43,1638,11.62,-92,11,2946,0,5,659709,
,12.2,14.0,47,1637,11.64,-92,10.8,2944,0,5,659409,
,10.6,12.2,49,1636,11.62,-93,10.8,2942,0,5,659109,
,10.8,12.6,53,1635,11.63,-92,11,2940,0,5,658809,
,10.6,12.9,50,1634,11.64,-92,10.2,2939,0,5,658509,
,10.2,11.8,53,1633,11.61,-92,11.2,2937,0,5,658209,
,9.0,11.2,56,1632,11.60,-92,10.8,2935,0,5,657909,
,9.6,11.1,57,1631,11.63,-92,10.8,2934,0,5,657609,
,8.3,10.8,49,1630,11.63,-92,10.5,2932,0,5,657309,
,9.1,13.3,43,1629,11.62,-93,10,2930,0,5,657009,
,10.7,12.7,46,1628,11.62,-92,10.8,2929,0,5,656709,
,9.6,11.0,54,1627,11.61,-93,11,2928,0,5,656410,
,8.1,9.7,42,1626,11.62,-92,10.5,2926,0,5,656109,
,9.1,12.2,52,1625,11.62,-92,10.8,2925,0,5,655809,
,10.8,12.6,44,1624,11.62,-92,11,2924,0,5,655509,
,8.6,11.2,49,1623,11.63,-92,10.5,2922,0,5,655209,
,10.2,11.8,43,1622,11.62,-92,10.8,2920,0,5,654909,
,12.0,14.3,40,1621,11.63,-91,11.2,2919,0,5,654609,
,9.7,14.7,47,1620,11.61,-91,10.8,2917,0,5,654310,
,8.7,13.6,47,1619,11.61,-91,11,2915,0,5,654009,
,10.7,13.7,44,1618,11.62,-91,11,2914,0,5,653709,
,9.8,12.8,47,1617,11.62,-92,11,2912,0,5,653409,
,11.1,12.8,54,1616,11.63,-92,10.5,2910,0,5,653109,
,9.2,10.4,49,1615,11.63,-93,10.2,2908,0,5,652809,
,8.8,13.3,62,1614,11.61,-92,10.8,2907,0,5,652510,
,9.7,12.7,53,1613,11.60,-92,10.5,2905,0,5,652209,
,9.0,11.2,56,1612,11.62,-92,11,2903,0,5,651909,
,10.9,12.5,50,1611,11.64,-92,11.2,2902,0,5,651609,
,10.0,12.6,44,1610,11.62,-92,11.2,2900,0,5,651309,
,8.7,11.0,31,1609,11.62,-92,10.5,2898,0,5,651009,
,9.6,11.6,48,1608,11.62,-92,10.2,2896,0,5,650709,
,9.4,16.4,40,1607,11.60,-91,11,2894,0,5,650410,
,11.8,13.9,51,1606,11.61,-91,11.5,2892,0,5,650109,
,9.1,10.7,37,1605,11.61,-92,10.5,2890,0,5,649809,
,7.8,12.3,35,1604,11.62,-92,11,2889,0,5,649509,
,11.9,14.5,40,1603,11.61,-92,10.8,2887,0,5,649209,
,10.8,16.5,49,1602,11.62,-92,11.2,2886,0,5,648909,
,12.1,14.7,53,1601,11.60,-92,10.2,2885,0,5,648610,
,10.9,13.9,40,1600,11.60,-92,11,2883,0,5,648309,
,10.5,13.1,42,1599,11.61,-92,11,2881,0,5,648009,
,10.2,14.9,58,1598,11.63,-92,11,2879,0,5,647709,
,11.2,14.1,48,1597,11.62,-92,10.8,2877,0,5,647409,
,11.0,13.5,35,1596,11.62,-92,10.8,2875,0,5,647109,
,7.0,9.9,34,1595,11.63,-92,10.8,2873,0,5,646809,
,7.5,9.7,32,1594,11.60,-91,11.2,2871,0,5,646510,
,3.7,9.2,56,1593,11.61,-93,10.2,2869,0,5,646209,
,4.7,8.2,32,1592,11.62,-92,10.5,2867,0,5,645909,
,5.4,7.6,34,1591,11.62,-91,10.2,2866,0,5,645609,
,3.4,8.6,57,1590,11.63,-92,11.2,2864,0,5,645309,
,9.3,11.5,55,1589,11.63,-92,11,2862,0,5,645009,
,8.0,10.7,57,1588,11.60,-92,11.2,2860,0,5,644710,
,8.2,10.8,46,1587,11.61,-92,11,2858,0,5,644410,
,7.9,9.3,48,1586,11.61,-92,10.8,2857,0,5,644109,
,5.3,6.5,64,1585,11.63,-91,11,2855,0,5,643809,
,6.2,7.1,19,1584,11.63,-92,10.2,2853,0,5,643509,
,3.9,8.6,12,1583,11.61,-92,11.2,2852,0,5,643209,
,5.2,7.5,25,1582,11.62,-92,11,2850,0,5,642909,
,3.8,6.6,358,1581,11.60,-92,10.5,2849,0,5,642610,
,3.9,6.6,5,1580,11.60,-92,11,2848,0,5,642309,
,5.3,8.4,24,1579,11.62,-92,10.8,2846,0,5,642009,
,5.4,8.2,49,1578,11.61,-91,11,2845,0,5,641709,
,2.7,6.1,27,1577,11.62,-92,10.5,2843,0,5,641409,
,6.2,8.6,43,1576,11.62,-92,10.5,2841,0,5,641109,
,2.4,4.1,38,1575,11.61,-92,11.2,2840,0,5,640810,
,2.5,3.6,358,1574,11.59,-91,10.5,2838,0,5,640510,
,1.6,5.0,343,1573,11.60,-92,10.8,2836,0,5,640209,
,2.4,5.1,327,1572,11.61,-91,10.8,2834,0,5,639909,
,3.3,6.2,317,1571,11.61,-91,10.5,2833,0,5,639609,
,4.1,6.8,325,1570,11.62,-92,10.8,2832,0,5,639309,
,6.8,9.8,351,1569,11.62,-91,10.8,2830,0,5,639009,
,7.9,9.8,33,1568,11.61,-92,10.2,2828,0,5,638710,
,6.4,10.0,23,1567,11.60,-91,10.5,2827,0,5,638409,
,7.9,9.7,36,1566,11.62,-92,11,2825,0,5,638109,
,7.8,13.2,30,1565,11.62,-91,10.8,2823,0,5,637809,
,8.9,13.5,22,1564,11.63,-91,10.8,2821,0,5,637509,
,8.6,10.9,30,1563,11.62,-92,10.8,2819,0,5,637209,
,9.4,13.7,27,1562,11.61,-92,10.5,2817,0,5,636910,
,10.6,12.5,16,1561,11.60,-92,11,2816,0,5,636610,
,9.2,11.4,10,1560,11.61,-92,10.2,2814,0,5,636309,
,9.1,12.1,21,1559,11.62,-92,11,2812,0,5,636009,
,11.3,13.0,21,1558,11.62,-91,11,2811,0,5,635709,
,11.6,12.9,9,1557,11.63,-92,11,2810,0,5,635409,
,9.7,11.5,23,1556,11.62,-91,11.2,2808,0,5,635110,
,9.0,11.9,14,1555,11.61,-92,10.8,2806,0,5,634810,
,10.7,13.0,16,1554,11.61,-91,11,2804,0,5,634510,
,8.8,10.1,3,1553,11.62,-91,10.5,2802,0,5,634210,
,8.7,11.4,4,1552,11.62,-91,11.2,2800,0,5,633910,
,8.7,11.5,24,1551,11.63,-91,10.5,2799,0,5,633610,
,7.7,10.0,13,1550,11.62,-91,11.2,2798,0,5,633310,
,8.3,11.4,356,1549,11.60,-92,10.8,2797,0,5,633010,
,6.8,12.9,19,1548,11.60,-91,11.2,2795,0,5,632710,
,8.9,11.7,343,1547,11.61,-92,10.5,2793,0,5,632410,
,9.2,12.2,348,1546,11.61,-91,10.8,2791,0,5,632110,
,8.8,12.7,348,1545,11.62,-91,11,2790,0,5,631810,
,9.9,11.6,353,1544,11.62,-92,11,2788,0,5,631510,
,9.9,13.5,359,1543,11.62,-91,11,2786,0,5,631210,
,11.6,14.1,9,1542,11.61,-92,10.2,2784,0,5,630910,
,9.4,13.3,346,1541,11.60,-91,11.5,2783,0,5,630610,
,10.4,12.1,359,1540,11.62,-91,10.5,2781,0,5,630310,
,11.2,12.6,7,1539,11.62,-92,11.2,2779,0,5,630010,
,11.3,13.2,358,1538,11.62,-91,10.2,2777,0,5,629710,
,10.2,12.7,359,1537,11.61,-92,11.5,2775,0,5,629410,
,10.0,12.2,3,1536,11.60,-92,10.8,2773,0,5,629110,
,10.8,13.5,11,1535,11.60,-91,10.8,2772,0,5,628810,
,10.3,12.3,346,1534,11.61,-92,11,2770,0,5,628510,
,8.4,10.9,345,1533,11.62,-91,11,2768,0,5,628210,
,9.3,11.5,3,1532,11.61,-91,10.5,2766,0,5,627910,
,7.4,9.5,3,1531,11.62,-92,10.2,2765,0,5,627610,
,7.0,9.2,344,1530,11.62,-92,10,2763,0,5,627310,
,8.1,10.1,341,1529,11.60,-91,10.5,2762,0,5,627010,
,7.5,9.3,330,1528,11.60,-93,10.5,2761,0,5,626710,
,6.3,8.9,342,1527,11.61,-92,10.8,2759,0,5,626410,
,8.5,9.7,0,1526,11.60,-92,11.2,2757,0,5,626110,
,6.5,8.2,325,1525,11.60,-92,10.8,2755,0,5,625810,
,7.4,8.8,326,1524,11.62,-92,11.2,2753,0,5,625510,
,7.5,9.4,332,1523,11.60,-92,11.2,2752,0,5,625210,
,8.2,10.5,312,1522,11.60,-91,11,2750,0,5,624910,
,7.3,10.4,327,1521,11.61,-91,11.2,2749,0,5,624610,
,10.0,14.5,353,1520,11.62,-92,10.5,2747,0,5,624310,
,9.6,12.4,339,1519,11.63,-91,11,2745,0,5,624010,
,9.1,12.1,341,1518,11.63,-91,10.8,2743,0,5,623710,
,7.6,9.8,314,1517,11.63,-92,10.5,2742,0,5,623410,
,10.5,13.9,342,1516,11.61,-91,10.5,2740,0,5,623110,
,8.7,14.2,328,1515,11.60,-91,11,2738,0,5,622810,
,10.4,14.6,329,1514,11.63,-91,10.2,2737,0,5,622510,
,9.3,12.4,327,1513,11.62,-91,10.5,2736,0,5,622210,
,10.5,12.5,330,1512,11.63,-91,10.5,2734,0,5,621910,
,7.5,11.3,323,1511,11.63,-91,11.2,2733,0,5,621610,
,9.2,11.1,331,1510,11.61,-91,10.8,2731,0,5,621310,
,8.7,12.5,325,1509,11.60,-91,10.8,2729,0,5,621010,
,9.6,13.5,330,1508,11.61,-92,10.8,2727,0,5,620710,
,8.5,11.6,328,1507,11.63,-92,10.5,2726,0,5,620410,
,8.4,12.2,322,1506,11.61,-91,10.8,2725,0,5,620110,
,9.0,14.5,326,1505,11.62,-92,11.2,2724,0,5,619810,
,9.5,14.0,325,1504,11.63,-92,10.5,2722,0,5,619510,
,12.4,15.3,331,1503,11.61,-92,11.2,2720,0,5,619210,
,12.0,15.2,323,1502,11.61,-91,10.5,2718,0,5,618910,
,10.9,16.6,315,1501,11.62,-91,11.8,2717,0,5,618610,
,11.3,14.6,316,1500,11.65,-91,11.2,2715,0,5,618310,
,11.4,14.6,324,1499,11.63,-91,10.5,2714,0,5,618010,
,13.6,14.7,336,1498,11.64,-91,11.5,2712,0,5,617710,
,12.8,15.9,340,1497,11.62,-91,10.8,2710,0,5,617410,
,15.0,18.2,339,1496,11.62,-92,11,2708,0,5,617110,
,13.7,17.1,337,1495,11.64,-92,11.5,2706,0,5,616810,
,12.9,17.8,326,1494,11.65,-91,11,2704,0,5,616510,
,13.4,17.3,327,1493,11.66,-91,10.8,2703,0,5,616210,
,13.1,17.3,325,1492,11.66,-91,11.5,2701,0,5,615910,
,11.8,14.9,318,1491,11.67,-92,10.8,2700,0,5,615610,
,12.2,17.0,316,1490,11.66,-91,10.8,2698,0,5,615310,
,11.3,17.7,317,1489,11.66,-92,10.8,2696,0,5,615010,
,15.1,19.5,336,1488,11.71,-92,10.8,2695,0,5,614710,
,12.3,16.1,322,1487,11.71,-92,11,2693,0,5,614410,
,12.1,17.4,314,1486,11.74,-91,10.8,2691,0,5,614110,
,13.8,17.2,326,1485,11.76,-91,11.2,2690,0,5,613810,
,10.4,14.5,319,1484,11.76,-91,10.2,2689,0,5,613510,
,12.6,17.1,312,1483,11.78,-91,10.8,2688,0,5,613210,
,13.4,18.3,314,1482,11.79,-91,11,2687,0,5,612910,
,11.8,18.4,318,1481,11.84,-91,10.8,2686,0,5,612610,
,13.4,17.0,314,1480,11.88,-91,10.2,2684,0,5,612310,
,13.1,20.2,325,1479,11.91,-91,10.5,2683,0,5,612010,
,15.2,18.8,327,1478,11.95,-90,10.8,2682,0,5,611710,
,15.3,20.9,326,1477,12.00,-91,10.5,2680,0,5,611410,
,15.9,21.1,326,1476,12.07,-90,9.8,2678,0,5,611110,
,16.2,19.3,323,1475,12.13,-91,9.8,2677,0,5,610810,
,13.9,18.9,314,1474,12.19,-92,11,2675,0,5,610510,
,14.5,20.0,316,1473,12.21,-91,11,2674,0,5,610210,
,13.5,17.4,314,1472,12.21,-92,11,2672,0,5,609910,
,13.7,18.4,320,1471,12.20,-90,10.2,2671,0,5,609610,
,15.2,21.2,324,1470,12.20,-91,11.8,2669,0,5,609310,
,13.3,21.6,315,1469,12.22,-90,10.8,2668,0,5,609010,
,15.0,20.0,308,1468,12.23,-90,10.2,2666,0,5,608710,
,15.9,20.3,311,1467,12.23,-91,10,2664,0,5,608410,
,15.5,22.3,314,1466,12.23,-91,11,2662,0,5,608110,
,16.5,24.6,312,1465,12.24,-91,11.5,2660,0,5,607810,
,16.3,21.8,313,1464,12.22,-92,10.8,2659,0,5,607510,
,17.5,21.0,310,1463,12.22,-90,10.5,2657,0,5,607210,
,16.0,20.4,312,1462,12.24,-90,11,2655,0,5,606910,
,20.7,24.5,308,1461,12.24,-91,10.2,2654,0,5,606610,
,19.1,22.9,306,1460,12.24,-90,10.5,2652,0,5,606310,
,21.3,25.0,306,1459,12.24,-92,11.2,2650,0,5,606010,
,15.0,20.6,317,1458,12.23,-91,11.5,2649,0,5,605710,
,16.7,21.5,315,1457,12.22,-91,10.8,2647,0,5,605410,
,15.5,20.5,314,1456,12.22,-91,10.5,2645,0,5,605110,
,16.3,23.8,316,1455,12.25,-90,10.5,2644,0,5,604810,
,16.6,22.7,310,1454,12.25,-92,11,2643,0,5,604510,
,18.9,24.3,308,1453,12.25,-91,10.2,2641,0,5,604210,
,16.1,20.5,316,1452,12.25,-90,10.2,2639,0,5,603910,
,15.7,21.2,313,1451,12.24,-91,10.5,2638,0,5,603610,
,16.4,21.4,324,1450,12.24,-90,11,2637,0,5,603310,
,17.0,24.4,324,1449,12.26,-91,10.8,2635,0,5,603010,
,17.3,23.2,320,1448,12.26,-91,10.8,2634,0,5,602710,
,19.8,25.2,312,1447,12.26,-91,10.8,2633,0,5,602410,
,21.7,25.8,303,1446,12.27,-92,10,2632,0,5,602110,
,22.5,28.0,303,1445,12.23,-90,10.5,2630,0,5,601810,
,25.3,28.9,304,1444,12.24,-90,10.2,2628,0,5,601510,
,24.5,29.5,302,1443,12.25,-91,9.8,2626,0,5,601210,
,25.4,30.6,300,1442,12.27,-91,10.8,2625,0,5,600910,
,21.4,25.8,303,1441,12.27,-90,10.5,2624,0,5,600610,
,21.7,28.0,307,1440,12.27,-90,10.5,2622,0,5,600310,
,19.3,27.0,308,1439,12.27,-91,10.8,2620,0,5,600010,
,21.2,27.3,294,1438,12.26,-90,10.5,2618,0,5,599710,
,21.6,27.8,302,1437,12.26,-91,10.8,2617,0,5,599410,
,21.4,26.0,303,1436,12.27,-90,10.8,2615,0,5,599110,
,23.7,30.1,298,1435,12.28,-90,11,2614,0,5,598810,
,22.5,30.5,303,1434,12.27,-91,11,2612,0,5,598510,
,22.6,28.1,308,1433,12.27,-90,10,2610,0,5,598210,
,24.8,30.0,303,1432,12.25,-91,11.2,2608,0,5,597910,
,22.2,30.5,303,1431,12.26,-91,11,2607,0,5,597610,
,25.6,30.3,300,1430,12.26,-90,10.5,2606,0,5,597310,
,23.7,27.6,304,1429,12.28,-90,10.8,2605,0,5,597010,
,22.9,27.5,305,1428,12.29,-90,10.5,2603,0,5,596710,
,22.0,30.6,307,1427,12.29,-90,10.2,2602,0,5,596410,
,22.6,30.7,307,1426,12.30,-91,10,2601,0,5,596110,
,22.6,31.3,308,1425,12.28,-91,10,2599,0,5,595810,
,20.1,28.2,309,1424,12.27,-91,10.2,2598,0,5,595510,
,22.2,28.3,302,1423,12.30,-90,10.2,2597,0,5,595210,
,24.0,28.9,299,1422,12.30,-91,10.5,2595,0,5,594910,
,20.4,32.5,297,1421,12.30,-90,10.5,2593,0,5,594610,
,27.5,31.3,304,1420,12.30,-90,10.5,2591,0,5,594310,
,25.4,31.4,302,1419,12.31,-90,10,2590,0,5,594010,
,25.0,29.2,302,1418,12.28,-90,10,2589,0,5,593710,
,24.7,31.5,298,1417,12.29,-91,10.2,2588,0,5,593410,
,26.9,31.2,300,1416,12.30,-90,10.2,2587,0,5,593110,
,24.7,29.7,291,1415,12.32,-90,10.2,2586,0,5,592810,
,21.5,26.8,291,1414,12.32,-90,10.5,2584,0,5,592510,
,24.8,29.4,292,1413,12.32,-91,10.5,2583,0,5,592210,
,21.5,29.3,288,1412,12.31,-90,10.8,2581,0,5,591910,
,23.0,28.4,282,1411,12.30,-92,10.5,2580,0,5,591610,
,22.9,33.4,276,1410,12.32,-90,10.5,2578,0,5,591310,
,24.7,30.3,272,1409,12.32,-90,10.2,2577,0,5,591010,
,26.1,29.9,274,1408,12.33,-91,10.5,2575,0,5,590710,
,26.4,31.2,273,1407,12.32,-91,10.5,2573,0,5,590410,
,26.3,32.6,288,1406,12.32,-91,11.5,2572,0,5,590110,
,24.9,29.1,277,1405,12.30,-91,11,2570,0,5,589810,
,25.0,31.5,273,1404,12.30,-91,10.5,2569,0,5,589510,
,25.6,30.1,283,1403,12.32,-91,10.8,2567,0,5,589210,
,26.9,31.7,273,1402,12.32,-91,11,2566,0,5,588910,
,27.2,34.7,271,1401,12.32,-90,10.5,2565,0,5,588610,
,25.5,32.1,272,1400,12.31,-90,11,2564,0,5,588310,
,28.1,35.3,274,1399,12.28,-91,11,2563,0,5,588010,
,26.4,31.8,282,1398,12.27,-90,11,2562,0,5,587710,
,25.0,32.0,276,1397,12.28,-91,11,2561,0,5,587410,
,27.2,33.4,279,1396,12.30,-91,10,2560,0,5,587110,
,25.0,33.8,278,1395,12.32,-92,10.2,2559,0,5,586810,
,26.3,33.8,266,1394,12.32,-91,10.2,2558,0,5,586510,
,28.2,33.6,266,1393,12.31,-91,10.2,2557,0,5,586210,
,26.7,31.9,261,1392,12.27,-91,11,2556,0,5,585910,
,27.2,33.1,267,1391,12.03,-90,10.2,2555,0,5,585610,
,24.6,36.6,274,1390,11.90,-91,10.2,2554,0,5,585310,
,25.1,33.4,272,1389,11.94,-91,10.2,2552,0,5,585010,
,27.0,31.9,278,1388,12.02,-92,10.5,2551,0,5,584710,
,24.5,31.3,275,1387,11.99,-91,10.2,2550,0,5,584410,
,23.2,30.3,281,1386,11.95,-91,9.8,2548,0,5,584110,
,28.9,34.8,269,1385,11.89,-90,10.2,2547,0,5,583810,
,29.3,36.0,270,1384,11.91,-91,10.5,2546,0,5,583510,
,24.8,31.9,268,1383,11.92,-90,11.2,2545,0,5,583210,
,25.7,31.8,273,1382,11.89,-91,10.2,2544,0,5,582910,
,26.8,32.4,279,1381,11.95,-91,11,2543,0,5,582610,
,28.4,33.1,269,1380,11.89,-91,10.8,2542,0,5,582310,
,27.9,32.5,263,1379,11.91,-90,10.5,2541,0,5,582010,
,27.4,32.7,268,1378,11.83,-92,10.8,2539,0,5,581710,
,24.0,36.0,270,1377,11.83,-91,10.2,2538,0,5,581410,
,28.0,33.0,266,1376,11.84,-90,10.2,2536,0,5,581110,
,27.7,32.4,271,1375,11.82,-91,10.8,2534,0,5,580810,
,23.4,31.7,268,1374,11.80,-91,10.8,2533,0,5,580510,
,25.6,29.3,266,1373,11.80,-92,10.5,2531,0,5,580210,
,27.5,32.3,256,1372,11.84,-91,10.8,2530,0,5,579910,
,24.2,30.7,264,1371,11.87,-91,11.2,2529,0,5,579610,
,26.2,32.3,258,1370,11.88,-91,11.2,2527,0,5,579310,
,24.9,31.7,265,1369,11.86,-90,10.8,2526,0,5,579010,
,26.0,33.5,264,1368,11.82,-91,10.2,2525,0,5,578710,
,29.5,34.3,261,1367,11.78,-92,10.5,2523,0,5,578410,
,29.3,36.3,262,1366,11.70,-91,11,2522,0,5,578110,
,30.0,37.1,265,1365,11.65,-91,10,2521,0,5,577810,
,25.6,30.3,264,1364,11.66,-91,11,2519,0,5,577510,
,23.8,30.7,266,1363,11.66,-91,10.8,2517,0,5,577210,
,22.7,29.1,267,1362,11.66,-91,10.5,2515,0,5,576910,
,25.0,31.0,264,1361,11.66,-91,10.5,2514,0,5,576610,
,27.4,32.8,267,1360,11.64,-91,10.5,2512,0,5,576310,
,24.2,33.9,266,1359,11.63,-91,11,2510,0,5,576010,
,27.0,37.2,273,1358,11.63,-91,10.2,2509,0,5,575710,
,25.7,31.8,275,1357,11.65,-92,10.8,2508,0,5,575410,
,24.4,33.0,270,1356,11.65,-92,10.2,2507,0,5,575110,
,24.7,30.5,270,1355,11.64,-91,10.8,2506,0,5,574810,
,24.4,29.9,270,1354,11.64,-92,11,2505,0,5,574510,
,26.0,31.1,269,1353,11.62,-90,10.2,2504,0,5,574210,
,24.1,30.2,266,1352,11.62,-91,10,2503,0,5,573910,
,23.6,28.0,270,1351,11.64,-91,10.5,2502,0,5,573610,
,25.6,30.4,281,1350,11.64,-91,10.2,2501,0,5,573310,
,19.3,25.4,270,1349,11.64,-92,11.2,2500,0,5,573010,
,19.2,24.4,273,1348,11.64,-90,10.2,2499,0,5,572710,
,22.9,28.2,270,1347,11.63,-92,10.2,2498,0,5,572410,
,19.7,23.9,267,1346,11.62,-92,11,2497,0,5,572110,
,23.7,28.6,267,1345,11.62,-92,10.2,2496,0,5,571810,
,24.3,30.1,271,1344,11.64,-91,10.8,2494,0,5,571510,
,25.8,33.9,269,1343,11.64,-92,10,2492,0,5,571210,
,25.3,34.8,271,1342,11.65,-91,10.5,2491,0,5,570910,
,28.6,34.6,273,1341,11.65,-91,10.8,2490,0,5,570610,
,28.8,36.4,275,1340,11.63,-91,10.8,2489,0,5,570310,
,28.1,34.6,280,1339,11.62,-92,10.2,2488,0,5,570010,
,30.2,34.3,276,1338,11.65,-92,11,2487,0,5,569710,
,25.4,31.7,278,1337,11.65,-92,10.8,2486,0,5,569410,
,23.2,27.8,277,1336,11.65,-92,10.8,2484,0,5,569110,
,22.3,30.7,277,1335,11.65,-92,10.5,2483,0,5,568810,
,27.4,34.8,276,1334,11.64,-92,11,2482,0,5,568510,
,28.2,33.9,275,1333,11.65,-92,10.8,2481,0,5,568210,
,26.0,36.8,261,1332,11.66,-91,10.5,2479,0,5,567910,
,33.7,43.1,253,1331,11.69,-92,10.5,2478,0,5,567610,
,32.0,39.9,212,1330,11.71,-92,10.5,2477,0,5,567310,
,34.8,43.5,207,1329,11.70,-92,10.8,2476,0,5,567010,
,33.1,43.8,204,1328,11.71,-91,10.5,2475,0,5,566710,
,36.1,46.2,200,1327,11.68,-92,10.5,2474,0,5,566410,
,34.9,41.5,199,1326,11.68,-92,10.5,2473,0,5,566110,
,34.3,41.6,196,1325,11.71,-92,10.8,2472,0,5,565810,
,34.1,43.3,197,1324,11.71,-91,10.8,2471,0,5,565510,
,33.1,38.5,197,1323,11.73,-92,11,2470,0,5,565210,
,32.9,41.0,197,1322,11.71,-92,10.5,2469,0,5,564910,
,33.6,43.8,200,1321,11.73,-92,11,2468,0,5,564610,
,35.1,42.1,200,1320,11.69,-93,10,2467,0,5,564310,
,29.1,39.8,197,1319,11.69,-91,10.2,2466,0,5,564010,
,32.6,42.0,199,1318,11.72,-92,10,2465,0,5,563710,
,34.2,41.3,203,1317,11.72,-91,10,2464,0,5,563410,
,30.3,40.4,202,1316,11.72,-91,10.5,2462,0,5,563110,
,34.7,41.7,200,1315,11.72,-90,10.2,2461,0,5,562810,
,33.4,45.1,200,1314,11.69,-91,10.2,2460,0,5,562510,
,34.5,41.2,200,1313,11.68,-91,10.5,2459,0,5,562210,
,35.2,45.7,198,1312,11.71,-93,10.5,2458,0,5,561910,
,34.5,44.8,195,1311,11.71,-91,10.5,2457,0,5,561610,
,33.8,41.4,197,1310,11.72,-91,10.2,2456,0,5,561310,
,33.5,45.3,197,1309,11.72,-92,11,2455,0,5,561010,
,32.7,39.0,195,1308,11.72,-92,10.5,2453,0,5,560710,
,33.5,44.7,194,1307,11.68,-92,10.8,2452,0,5,560410,
,36.5,44.3,194,1306,11.67,-90,10.5,2451,0,5,560110,
,34.6,43.2,192,1305,11.71,-92,11,2450,0,5,559810,
,34.8,43.9,191,1304,11.72,-92,10.2,2448,0,5,559510,
,36.2,44.2,191,1303,11.72,-90,10.8,2447,0,5,559210,
,32.6,43.3,192,1302,11.71,-90,10.5,2446,0,5,558910,
,32.3,39.4,193,1301,11.69,-91,10.2,2445,0,5,558610,
,34.3,41.3,194,1300,11.67,-92,10.8,2444,0,5,558310,
,32.5,42.8,191,1299,11.70,-90,9.8,2443,0,5,558010,
,34.9,43.0,191,1298,11.73,-91,10.2,2442,0,5,557710,
,32.4,42.4,192,1297,11.72,-91,10,2441,0,5,557410,
,34.0,40.2,191,1296,11.72,-91,10.2,2440,0,5,557110,
,35.2,43.1,194,1295,11.73,-90,10,2439,0,5,556810,
,36.1,43.6,197,1294,11.68,-91,10.5,2438,0,5,556510,
,38.2,46.0,194,1293,11.69,-91,10.8,2437,0,5,556210,
,34.7,45.9,193,1292,11.72,-91,11.2,2436,0,5,555910,
,34.7,40.3,192,1291,11.71,-91,10.8,2435,0,5,555610,
,32.0,40.8,193,1290,11.71,-91,10.2,2434,0,5,555310,
,31.6,37.8,191,1289,11.71,-90,10.2,2433,0,5,555010,
,32.4,45.9,192,1288,11.68,-90,10.2,2432,0,5,554710,
,33.1,40.5,191,1287,11.68,-91,10.8,2431,0,5,554410,
,33.0,40.2,188,1286,11.69,-90,10.2,2430,0,5,554110,
,32.8,39.2,189,1285,11.71,-90,10.2,2429,0,5,553810,
,33.7,40.2,190,1284,11.71,-90,10.5,2427,0,5,553510,
,33.4,41.1,191,1283,11.72,-91,10,2426,0,5,553210,
,31.2,37.8,190,1282,11.72,-91,10.2,2425,0,5,552910,
,33.8,44.6,188,1281,11.67,-90,10.5,2424,0,5,552610,
,32.8,40.3,190,1280,11.68,-91,10.8,2422,0,5,552310,
,33.4,40.0,188,1279,11.71,-90,10.2,2421,0,5,552010,
,31.7,40.8,185,1278,11.71,-90,10.8,2420,0,5,551710,
,33.8,41.6,184,1277,11.71,-91,10.2,2419,0,5,551410,
,30.9,41.5,187,1276,11.71,-91,10,2418,0,5,551110,
,32.6,41.5,189,1275,11.68,-92,10.8,2417,0,5,550810,
,31.5,38.7,187,1274,11.68,-92,10,2416,0,5,550510,
,30.8,35.1,190,1273,11.70,-90,10.2,2415,0,5,550210,
,30.8,37.4,189,1272,11.71,-92,10.5,2414,0,5,549910,
,31.4,36.9,187,1271,11.71,-91,11.2,2413,0,5,549610,
,30.5,37.1,185,1270,11.72,-90,10.2,2411,0,5,549310,
,30.1,36.2,189,1269,11.72,-91,10.2,2410,0,5,549010,
,27.1,37.0,191,1268,11.69,-91,10.5,2409,0,5,548710,
,29.5,35.3,189,1267,11.67,-94,10,2407,0,5,548410,
,28.8,35.4,190,1266,11.71,-92,10.2,2406,0,5,548110,
,29.8,36.6,191,1265,11.71,-91,10,2405,0,5,547810,
,30.0,35.8,192,1264,11.71,-91,10.2,2404,0,5,547510,
,31.1,37.7,189,1263,11.72,-91,10.2,2403,0,5,547210,
,27.6,33.6,189,1262,11.67,-92,10.8,2402,0,5,546910,
,28.7,33.1,192,1261,11.68,-91,11,2401,0,5,546610,
,28.0,33.2,190,1260,11.69,-91,11,2399,0,5,546310,
,32.3,40.5,191,1259,11.71,-90,10,2397,0,5,546010,
,33.6,42.7,190,1258,11.72,-91,10.5,2395,0,5,545710,
,37.5,47.8,184,1257,11.71,-90,10.2,2393,0,5,545410,
,34.1,41.9,185,1256,11.71,-91,10.8,2392,0,5,545110,
,32.5,40.7,183,1255,11.68,-92,11,2391,0,5,544810,
,33.5,41.8,184,1254,11.67,-91,10.5,2390,0,5,544510,
,33.5,41.1,185,1253,11.72,-93,10,2389,0,5,544210,
,30.6,38.4,183,1252,11.72,-91,10.2,2387,0,5,543910,
,31.0,41.2,185,1251,11.72,-91,10.8,2386,0,5,543610,
,33.4,43.3,185,1250,11.71,-92,10.8,2384,0,5,543310,
,33.8,39.9,185,1249,11.72,-92,10,2382,0,5,543010,
,31.0,41.2,185,1248,11.68,-92,10.8,2380,0,5,542710,
,29.9,41.1,184,1247,11.69,-92,11,2379,0,5,542410,
,27.3,36.2,189,1246,11.71,-90,10.5,2377,0,5,542110,
,28.2,33.5,191,1245,11.72,-91,10.5,2375,0,5,541810,
,28.5,36.1,190,1244,11.73,-91,9.8,2373,0,5,541510,
,29.1,35.6,190,1243,11.72,-90,9.8,2372,0,5,541210,
,26.5,34.5,190,1242,11.68,-92,10.5,2371,0,5,540910,
,28.9,35.3,190,1241,11.68,-90,10,2370,0,5,540610,
,29.4,36.0,188,1240,11.71,-90,10.2,2368,0,5,540310,
,29.7,36.9,190,1239,11.71,-91,10.5,2367,0,5,540010,
,29.3,37.5,190,1238,11.72,-92,10.5,2365,0,5,539710,
,28.6,38.1,192,1237,11.71,-92,10.2,2363,0,5,539410,
,26.3,33.3,190,1236,11.67,-93,10.5,2361,0,5,539110,
,28.7,36.8,188,1235,11.69,-91,10.5,2360,0,5,538810,
,30.8,36.3,188,1234,11.69,-91,10.8,2359,0,5,538510,
,28.8,36.2,191,1233,11.71,-91,9.8,2357,0,5,538210,
,29.2,36.2,191,1232,11.72,-90,10,2355,0,5,537910,
,28.4,37.9,191,1231,11.72,-93,10,2354,0,5,537610,
,26.2,37.3,191,1230,11.72,-90,10,2352,0,5,537310,
,28.2,33.0,191,1229,11.70,-91,10.8,2350,0,5,537010,
,29.9,34.4,192,1228,11.69,-92,10,2348,0,5,536710,
,29.2,35.2,191,1227,11.71,-92,10.5,2346,0,5,536410,
,29.5,37.0,190,1226,11.72,-90,10,2344,0,5,536110,
,30.0,34.3,189,1225,11.73,-92,9.8,2343,0,5,535810,
,27.1,33.4,190,1224,11.72,-93,10.5,2341,0,5,535510,
,27.0,33.8,189,1223,11.73,-90,10,2340,0,5,535210,
,28.8,34.3,190,1222,11.69,-91,10,2338,0,5,534910,
,27.0,32.7,188,1221,11.70,-92,10.5,2337,0,5,534610,
,29.1,35.6,190,1220,11.72,-91,10,2336,0,5,534310,
,28.7,34.8,190,1219,11.72,-91,10.2,2335,0,5,534010,
,30.5,36.6,189,1218,11.73,-91,10.8,2333,0,5,533710,
,28.9,34.6,188,1217,11.73,-92,10.5,2332,0,5,533410,
,29.8,36.3,186,1216,11.70,-91,9.8,2330,0,5,533111,
,30.1,39.2,184,1215,11.71,-93,10.5,2328,0,5,532810,
,29.9,35.9,186,1214,11.72,-92,11.2,2327,0,5,532510,
,29.3,35.6,189,1213,11.73,-91,10.2,2325,0,5,532210,
,29.3,33.0,185,1212,11.73,-92,10.8,2323,0,5,531910,
,28.2,36.1,189,1211,11.74,-90,10,2322,0,5,531610,
,29.5,35.9,191,1210,11.73,-92,10.2,2320,0,5,531310,
,27.3,37.3,190,1209,11.71,-92,10.8,2319,0,5,531010,
,27.3,34.5,189,1208,11.71,-94,10.5,2318,0,5,530710,
,30.0,37.8,185,1207,11.74,-91,9.8,2316,0,5,530410,
,30.8,36.0,183,1206,11.74,-91,9.8,2314,0,5,530110,
,26.6,35.7,187,1205,11.74,-92,10.2,2312,0,5,529810,
,30.5,35.5,184,1204,11.74,-92,10,2310,0,5,529510,
,26.0,31.6,184,1203,11.74,-93,10.5,2308,0,5,529211,
,26.3,33.7,183,1202,11.73,-92,10,2306,0,5,528910,
,27.9,36.7,183,1201,11.74,-92,10.5,2305,0,5,528610,
,29.4,36.1,185,1200,11.76,-91,11,2303,0,5,528310,
,29.0,32.9,184,1199,11.77,-91,11.2,2301,0,5,528010,
,27.6,37.5,183,1198,11.77,-91,10,2300,0,5,527710,
,29.2,35.0,184,1197,11.79,-91,10.2,2298,0,5,527410,
,29.2,38.0,185,1196,11.76,-92,10.2,2296,0,5,527111,
,28.8,35.9,182,1195,11.78,-90,10.2,2294,0,5,526810,
,27.1,33.3,184,1194,11.81,-91,10.5,2292,0,5,526510,
,25.9,34.4,184,1193,11.82,-92,10.5,2291,0,5,526210,
,26.1,32.5,184,1192,11.83,-91,10.2,2290,0,5,525910,
,27.7,33.3,182,1191,11.85,-91,10.5,2289,0,5,525610,
,28.3,33.3,185,1190,11.85,-92,10,2287,0,5,525311,
,26.1,33.2,185,1189,11.87,-90,10.2,2286,0,5,525010,
,28.2,35.6,185,1188,11.90,-92,10.2,2285,0,5,524710,
,28.3,33.4,183,1187,11.95,-90,10,2283,0,5,524410,
,28.5,35.0,184,1186,11.98,-92,10.5,2281,0,5,524110,
,27.0,31.6,184,1185,12.04,-91,10.2,2279,0,5,523810,
,26.7,33.7,187,1184,12.08,-93,9.8,2277,0,5,523510,
,24.9,29.4,186,1183,12.10,-91,10.8,2276,0,5,523211,
,26.7,32.0,186,1182,12.15,-93,10,2275,0,5,522910,
,27.8,33.4,187,1181,12.21,-92,10.5,2274,0,5,522610,
,24.1,28.0,186,1180,12.24,-94,9.8,2272,0,5,522310,
,25.3,32.5,186,1179,12.26,-91,9.5,2270,0,5,522010,
,26.1,34.1,186,1178,12.28,-91,10.5,2269,0,5,521710,
,25.3,32.6,184,1177,12.27,-90,10.2,2268,0,5,521411,
,27.3,32.7,186,1176,12.25,-91,10.5,2266,0,5,521111,
,27.2,34.0,186,1175,12.26,-90,9.8,2264,0,5,520810,
,25.4,30.5,188,1174,12.29,-91,10.5,2263,0,5,520510,
,26.6,32.0,187,1173,12.29,-92,10.2,2262,0,5,520210,
,24.1,29.1,187,1171,12.30,-91,10.5,2257,0,5,519610,
,24.2,27.7,189,1170,12.27,-92,10.8,2255,0,5,519311,
,25.1,28.9,192,1169,12.27,-92,10.2,2254,0,5,519010,
,23.3,27.2,190,1168,12.29,-93,10,2253,0,5,518710,
,21.5,25.6,190,1167,12.30,-94,10,2251,0,5,518410,
,24.6,28.3,191,1166,12.29,-91,10.8,2249,0,5,518110,
,25.1,28.6,191,1165,12.29,-91,10.5,2247,0,5,517810,
,25.0,28.3,193,1164,12.30,-91,10.5,2245,0,5,517510,
,22.1,28.1,191,1163,12.27,-91,11,2243,0,5,517211,
,21.2,26.8,190,1162,12.28,-92,10.2,2241,0,5,516910,
,22.7,27.0,191,1161,12.31,-91,10.2,2239,0,5,516610,
,22.8,29.0,191,1160,12.30,-91,10.2,2238,0,5,516310,
,23.0,26.5,191,1159,12.30,-91,10.8,2237,0,5,516010,
,22.9,25.9,190,1158,12.30,-93,9.8,2235,0,5,515710,
,23.3,28.2,190,1157,12.28,-92,10.8,2234,0,5,515411,
,22.4,29.0,191,1156,12.27,-90,10,2233,0,5,515110,
,22.3,27.2,191,1155,12.30,-92,10.5,2231,0,5,514810,
,23.0,29.0,190,1154,12.31,-93,9.8,2229,0,5,514510,
,23.0,28.1,191,1153,12.31,-93,10.2,2227,0,5,514210,
,24.6,32.2,192,1152,12.31,-92,10.5,2226,0,5,513910,
,22.7,28.7,192,1151,12.31,-91,10.2,2225,0,5,513610,
,23.7,29.5,188,1150,12.29,-92,10.2,2223,0,5,513311,
,24.7,29.4,189,1149,12.29,-92,10.8,2222,0,5,513010,
,22.8,26.3,190,1148,12.31,-91,10.2,2220,0,5,512710,
,21.2,25.0,191,1147,12.31,-92,9.8,2218,0,5,512410,
,21.7,27.3,192,1146,12.31,-91,10.5,2216,0,5,512110,
,23.1,28.9,190,1145,12.31,-91,10,2215,0,5,511810,
,23.7,31.1,189,1144,12.30,-91,10.5,2214,0,5,511511,
,24.9,31.4,188,1143,12.29,-90,10.2,2212,0,5,511211,
,26.4,31.7,187,1142,12.30,-90,9.8,2211,0,5,510910,
,25.5,33.1,183,1141,12.32,-92,10.5,2209,0,5,510610,
,25.3,30.9,184,1140,12.32,-91,10.5,2208,0,5,510310,
,25.9,31.7,185,1139,12.32,-90,10,2207,0,5,510010,
,25.4,30.6,187,1138,12.32,-92,10.5,2206,0,5,509710,
,24.5,29.2,187,1137,12.29,-91,10.2,2204,0,5,509411,
,26.2,31.5,185,1136,12.29,-93,10.2,2203,0,5,509110,
,25.6,34.3,186,1135,12.30,-91,10.5,2202,0,5,508810,
,24.1,29.2,184,1134,12.31,-92,9.8,2201,0,5,508510,
,24.7,30.1,186,1133,12.32,-93,10,2200,0,5,508210,
,25.0,29.8,188,1132,12.32,-92,9.8,2199,0,5,507910,
,24.0,28.1,188,1131,12.30,-92,10.2,2197,0,5,507611,
,23.8,28.0,190,1130,12.30,-92,10.2,2196,0,5,507311,
,23.9,28.8,191,1129,12.31,-91,10.2,2194,0,5,507010,
,23.0,29.5,191,1128,12.32,-91,10.8,2193,0,5,506710,
,24.1,31.5,190,1127,12.32,-91,10.5,2192,0,5,506410,
,23.7,30.1,190,1126,12.32,-93,10.2,2191,0,5,506110,
,22.9,28.2,189,1125,12.33,-92,10.5,2189,0,5,505810,
,22.7,26.9,191,1124,12.31,-92,10,2188,0,5,505511,
,22.1,27.9,191,1123,12.31,-92,10.2,2186,0,5,505211,
,24.4,29.0,191,1122,12.32,-92,10.5,2184,0,5,504910,
,21.0,26.8,192,1121,12.33,-92,10.5,2183,0,5,504610,
,25.9,30.6,192,1120,12.32,-92,10.8,2182,0,5,504310,
,24.8,28.9,190,1119,12.33,-91,11.2,2181,0,5,504010,
,25.0,30.2,190,1118,12.31,-92,10.5,2180,0,5,503711,
,22.7,27.6,189,1117,12.30,-91,11,2179,0,5,503411,
,23.2,27.5,189,1116,12.31,-91,10.5,2178,0,5,503110,
,22.4,27.8,189,1115,12.32,-90,10.8,2177,0,5,502811,
,23.2,29.4,189,1114,12.32,-93,10.5,2175,0,5,502511,
,23.6,28.5,189,1113,12.32,-93,10.2,2173,0,5,502211,
,23.6,29.8,190,1112,12.33,-93,10.2,2172,0,5,501911,
,23.8,28.3,190,1111,12.30,-91,10.5,2170,0,5,501611,
,25.2,31.8,189,1110,12.29,-92,10.5,2169,0,5,501311,
,24.2,29.8,188,1109,12.31,-92,10.5,2168,0,5,501011,
,24.5,27.8,189,1108,12.31,-93,10.2,2167,0,5,500711,
,22.5,28.4,188,1107,12.30,-93,10,2166,0,5,500411,
,23.2,27.9,188,1106,12.05,-91,10,2165,0,5,500111,
,23.5,29.3,187,1105,12.03,-91,10,2164,0,5,499811,
,24.3,29.8,186,1104,12.00,-92,10.8,2163,0,5,499511,
,22.1,28.0,186,1103,11.97,-94,10,2162,0,5,499211,
,20.0,25.5,188,1102,11.90,-92,9.8,2161,0,5,498911,
,23.1,28.0,190,1101,11.90,-93,10.2,2160,0,5,498611,
,21.9,27.9,189,1100,11.93,-91,10,2159,0,5,498311,
,25.0,29.8,183,1099,11.92,-91,10.5,2158,0,5,498011,
,26.1,30.3,182,1098,11.91,-90,10.5,2157,0,5,497711,
,21.6,27.1,185,1097,11.91,-92,10.5,2156,0,5,497411,
,22.5,28.2,184,1096,11.94,-91,10.5,2155,0,5,497111,
,21.1,26.4,183,1095,11.90,-92,10.2,2154,0,5,496811,
,23.6,28.3,184,1094,11.94,-92,10.2,2153,0,5,496511,
,23.7,29.7,183,1093,11.94,-91,10,2152,0,5,496211,
,23.0,28.0,185,1092,11.87,-93,10.2,2151,0,5,495914,
,24.6,31.5,181,1091,11.89,-92,10.2,2150,0,5,495611,
,23.2,29.0,183,1090,11.83,-91,10.2,2149,0,5,495311,
,23.5,27.7,184,1089,11.86,-91,9.8,2148,0,5,495011,
,23.0,27.0,185,1088,11.87,-92,10,2147,0,5,494711,
,20.7,26.7,185,1087,11.92,-92,10.2,2145,0,5,494411,
,23.0,27.9,184,1086,11.92,-90,10.5,2144,0,5,494111,
,20.8,25.5,184,1085,11.88,-91,10.2,2142,0,5,493811,
,21.2,25.8,187,1084,11.86,-91,10.2,2141,0,5,493511,
,21.9,25.8,188,1083,11.82,-91,9.8,2139,0,5,493211,
,20.1,25.6,188,1082,11.80,-93,10.2,2137,0,5,492911,
,20.1,25.9,188,1081,11.79,-93,10,2135,0,5,492611,
,20.5,24.5,188,1080,11.80,-91,11,2134,0,5,492311,
,19.1,23.5,188,1079,11.77,-92,10.2,2133,0,5,492011,
,21.3,25.7,187,1078,11.74,-92,10.2,2132,0,5,491711,
,19.7,25.2,190,1077,11.72,-92,10.5,2131,0,5,491411,
,19.7,23.1,188,1076,11.73,-92,10.5,2130,0,5,491111,
,20.0,24.4,190,1075,11.72,-92,10.5,2129,0,5,490811,
,18.8,24.4,188,1074,11.72,-93,10.5,2128,0,5,490511,
,20.3,23.9,190,1073,11.71,-93,10.2,2127,0,5,490211,
,19.0,24.4,191,1072,11.68,-92,10.5,2126,0,5,489911,
,18.4,20.6,192,1071,11.67,-93,10,2125,0,5,489611,
,18.8,22.1,189,1070,11.69,-92,10.2,2123,0,5,489311,
,18.0,23.4,192,1069,11.70,-93,10,2122,0,5,489011,
,19.8,22.6,189,1068,11.70,-92,10.5,2121,0,5,488711,
,18.0,23.6,189,1067,11.69,-92,10.2,2120,0,5,488411,
,20.0,23.7,188,1066,11.64,-93,10,2118,0,5,488111,
,19.9,23.3,189,1065,11.67,-93,9.8,2117,0,5,487811,
,18.4,24.4,186,1064,11.66,-91,10.5,2115,0,5,487511,
,20.0,22.8,191,1063,11.69,-93,10.2,2114,0,5,487211,
,18.8,21.2,191,1062,11.69,-92,10.5,2113,0,5,486911,
,19.5,23.3,193,1061,11.69,-93,10,2111,0,5,486611,
,18.9,22.3,194,1060,11.69,-93,10,2110,0,5,486311,
,21.1,23.2,194,1059,11.68,-92,10.2,2109,0,5,486011,
,20.0,24.6,194,1058,11.67,-93,10,2107,0,5,485711,
,19.1,24.4,196,1057,11.64,-93,10,2106,0,5,485411,
,21.9,25.7,194,1056,11.64,-92,9.5,2105,0,5,485111,
,19.1,25.3,194,1055,11.70,-93,10,2103,0,5,484811,
,21.6,24.9,195,1054,11.70,-91,10.2,2102,0,5,484511,
,21.9,25.6,194,1053,11.70,-93,10,2100,0,5,484211,
,23.4,26.7,193,1052,11.67,-92,10.5,2099,0,5,483911,
,22.9,26.3,193,1051,11.67,-93,10.2,2098,0,5,483611,
,21.1,24.4,192,1050,11.69,-94,10.5,2097,0,5,483311,
,20.7,25.3,191,1049,11.70,-94,10.5,2096,0,5,483011,
,19.5,24.1,194,1048,11.69,-92,10.8,2095,0,5,482711,
,19.4,26.1,192,1047,11.70,-93,10,2094,0,5,482411,
,22.3,27.6,192,1046,11.67,-92,10.5,2092,0,5,482111,
,20.7,25.4,193,1045,11.67,-93,10.5,2091,0,5,481811,
,19.8,24.6,192,1044,11.68,-92,10.2,2090,0,5,481511,
,22.6,26.4,189,1043,11.69,-93,10.2,2089,0,5,481211,
,20.3,24.1,190,1042,11.69,-93,10.5,2088,0,5,480911,
,20.7,25.9,191,1041,11.71,-93,9.8,2087,0,5,480611,
,19.6,24.6,194,1040,11.69,-93,9.5,2086,0,5,480311,
,20.5,24.0,188,1039,11.67,-91,10.8,2085,0,5,480011,
,20.1,26.1,189,1038,11.67,-91,10.8,2083,0,5,479711,
,21.6,26.4,184,1037,11.68,-93,9.8,2082,0,5,479411,
,21.1,24.2,187,1036,11.70,-93,9.8,2081,0,5,479111,
,21.9,26.3,185,1035,11.70,-92,10.2,2080,0,5,478811,
,21.4,24.9,186,1034,11.70,-92,11,2079,0,5,478511,
,22.5,26.4,187,1033,11.67,-93,10.2,2078,0,5,478211,
,19.5,24.4,185,1032,11.66,-92,11,2077,0,5,477911,
,21.4,25.7,186,1031,11.68,-91,9.8,2076,0,5,477611,
,22.4,25.8,182,1030,11.69,-92,10.5,2075,0,5,477311,
,22.9,26.7,186,1029,11.69,-91,10.2,2074,0,5,477011,
,19.5,25.9,186,1028,11.69,-92,10.2,2073,0,5,476711,
,21.4,26.4,185,1027,11.70,-91,10.2,2072,0,5,476411,
,22.2,26.2,184,1026,11.67,-91,10.5,2071,0,5,476111,
,22.0,25.0,184,1025,11.67,-93,9.8,2069,0,5,475811,
,19.9,24.5,185,1024,11.68,-95,10.2,2067,0,5,475511,
,21.1,24.7,183,1023,11.69,-91,10.5,2066,0,5,475211,
,20.6,24.6,185,1022,11.69,-93,9.8,2064,0,5,474911,
,20.2,25.5,184,1021,11.68,-93,9.8,2063,0,5,474611,
,20.4,25.0,185,1020,11.68,-94,10.5,2062,0,5,474311,
,21.5,26.7,186,1019,11.67,-92,10.2,2061,0,5,474011,
,23.0,26.6,186,1018,11.67,-93,10.2,2059,0,5,473711,
,20.4,25.5,188,1017,11.69,-93,10.2,2058,0,5,473411,
,20.8,25.2,186,1016,11.69,-92,10.8,2057,0,5,473111,
,21.1,24.4,182,1015,11.69,-91,11.2,2055,0,5,472811,
,21.0,24.6,184,1014,11.70,-93,9.8,2054,0,5,472511,
,21.1,24.8,183,1013,11.66,-91,10.8,2052,0,5,472211,
,21.1,24.0,185,1012,11.66,-92,11.2,2050,0,5,471911,
,19.1,22.4,182,1011,11.68,-92,11,2049,0,5,471611,
,19.9,23.9,182,1010,11.69,-92,10.2,2048,0,5,471311,
,17.8,23.9,182,1009,11.70,-92,10,2047,0,5,471011,
,18.2,23.4,183,1008,11.70,-93,10,2045,0,5,470711,
,19.0,23.9,182,1007,11.70,-92,10.8,2044,0,5,470411,
,18.3,22.5,181,1006,11.66,-92,10.2,2043,0,5,470111,
,18.4,21.3,179,1005,11.66,-91,10.8,2042,0,5,469811,
,17.5,20.5,180,1004,11.68,-91,10.8,2041,0,5,469511,
,19.8,24.4,185,1003,11.69,-91,10.2,2040,0,5,469211,
,19.2,24.6,180,1002,11.70,-92,10.2,2039,0,5,468911,
,17.1,21.1,183,1001,11.69,-91,10.8,2037,0,5,468611,
,17.5,21.8,184,1000,11.66,-93,10.2,2036,0,5,468311,
,17.3,23.1,182,999,11.66,-92,10.5,2034,0,5,468011,
,16.1,21.1,182,998,11.68,-93,10.2,2032,0,5,467711,
,15.9,20.7,184,997,11.69,-91,10.2,2031,0,5,467411,
,17.3,20.4,185,996,11.69,-91,10.8,2029,0,5,467111,
,16.9,20.3,187,995,11.68,-91,10.5,2027,0,5,466811,
,15.4,18.7,187,994,11.68,-92,10,2026,0,5,466511,
,15.8,18.8,186,993,11.66,-93,10.2,2025,0,5,466211,
,16.9,19.6,187,992,11.67,-92,10.2,2024,0,5,465911,
,16.0,18.3,187,991,11.68,-92,10.5,2022,0,5,465611,
,16.9,19.7,188,990,11.68,-91,11.8,2021,0,5,465311,
,16.2,18.3,187,989,11.69,-93,10,2019,0,5,465011,
,16.7,20.5,186,988,11.68,-92,10.5,2017,0,5,464711,
,14.6,17.7,180,987,11.67,-91,10.5,2016,0,5,464411,
,13.7,16.3,181,986,11.66,-91,10,2015,0,5,464111,
,15.4,18.4,184,985,11.67,-93,10.5,2013,0,5,463811,
,16.6,18.4,182,984,11.67,-92,10.8,2011,0,5,463511,
,15.2,17.9,180,983,11.67,-92,10.8,2009,0,5,463211,
,15.2,17.9,181,982,11.68,-91,11,2008,0,5,462911,
,15.1,18.2,184,981,11.68,-91,10.5,2006,0,5,462611,
,13.3,15.5,186,980,11.66,-93,10.2,2005,0,5,462311,
,13.4,18.6,183,979,11.66,-92,11,2003,0,5,462011,
,14.5,17.0,184,978,11.68,-92,10.2,2001,0,5,461711,
,13.1,17.3,181,977,11.69,-93,10,1999,0,5,461411,
,14.1,17.0,183,976,11.68,-91,10.8,1997,0,5,461111,
,14.3,17.8,180,975,11.68,-91,10.5,1995,0,5,460811,
,14.7,17.2,179,974,11.66,-92,10.5,1993,0,5,460511,
,12.8,15.4,179,973,11.66,-91,10.5,1991,0,5,460211,
,13.0,14.9,179,972,11.66,-92,10.8,1989,0,5,459911,
,12.1,14.8,176,971,11.68,-93,10.5,1987,0,5,459611,
,11.8,13.7,176,970,11.67,-92,10.5,1985,0,5,459311,
,11.6,13.9,174,969,11.67,-91,10.5,1984,0,5,459011,
,12.3,13.8,179,968,11.67,-91,11,1982,0,5,458711,
,11.5,13.0,178,967,11.66,-91,10.5,1981,0,5,458411,
,11.1,12.9,179,966,11.65,-91,10.8,1980,0,5,458111,
,11.7,13.2,181,965,11.67,-91,10.5,1979,0,5,457811,
,10.2,11.8,179,964,11.67,-93,10,1977,0,5,457511,
,10.0,11.6,178,963,11.67,-91,10.5,1976,0,5,457211,
,8.1,11.4,173,962,11.67,-92,10.2,1974,0,5,456911,
,8.9,10.8,175,961,11.65,-92,10.5,1972,0,5,456611,
,7.7,8.8,175,960,11.65,-92,10.8,1970,0,5,456311,
,8.2,8.9,173,959,11.65,-92,10.2,1968,0,5,456011,
,7.8,9.0,173,958,11.66,-92,10.2,1966,0,5,455711,
,7.2,8.2,171,957,11.66,-92,10.5,1965,0,5,455411,
,7.2,8.3,168,956,11.66,-93,10.2,1963,0,5,455111,
,7.7,8.7,165,955,11.66,-92,10.2,1961,0,5,454811,
,7.1,8.5,158,954,11.65,-92,10.8,1959,0,5,454511,
,7.4,8.3,159,953,11.64,-92,10.5,1958,0,5,454211,
,7.3,8.4,157,952,11.65,-92,10.5,1957,0,5,453911,
,6.8,7.6,152,951,11.66,-92,10,1955,0,5,453611,
,6.8,7.2,153,950,11.65,-92,10.5,1953,0,5,453311,
,6.3,6.9,156,949,11.66,-91,11,1952,0,5,453011,
,5.2,6.1,149,948,11.64,-92,10.8,1950,0,5,452711,
,5.2,6.4,137,947,11.63,-91,10.8,1948,0,5,452411,
,5.4,6.9,136,946,11.64,-92,10.5,1946,0,5,452111,
,6.2,6.7,151,945,11.65,-92,10.8,1944,0,5,451811,
,5.1,7.3,144,944,11.65,-92,11,1943,0,5,451511,
,3.6,4.9,136,943,11.65,-92,10.2,1941,0,5,451211,
,4.6,5.0,140,942,11.65,-92,10.8,1939,0,5,450911,
,3.3,4.4,142,941,11.63,-91,10.5,1938,0,5,450611,
,4.2,4.7,121,940,11.62,-92,10.5,1937,0,5,450311,
,3.9,4.1,106,939,11.65,-92,10.8,1935,0,5,450011,
,4.0,4.5,117,938,11.64,-92,11,1934,0,5,449711,
,4.1,5.1,120,937,11.64,-92,10.5,1932,0,5,449411,
,4.9,5.2,107,936,11.65,-92,10.5,1930,0,5,449111,
,4.6,4.9,109,935,11.63,-91,10.5,1929,0,5,448811,
,4.3,4.8,113,934,11.62,-92,10.5,1928,0,5,448511,
,4.8,5.4,112,933,11.64,-91,10,1926,0,5,448211,
,4.8,5.2,118,932,11.65,-91,10,1925,0,5,447911,
,4.3,5.0,112,931,11.65,-91,10.5,1923,0,5,447611,
,4.3,4.8,109,930,11.64,-91,10.5,1922,0,5,447311,
,3.8,4.0,114,929,11.63,-92,11,1920,0,5,447011,
,3.6,3.9,113,928,11.63,-91,10.5,1918,0,5,446711,
,3.6,4.7,122,927,11.63,-92,10.5,1916,0,5,446411,
,4.2,5.1,118,926,11.65,-92,11,1914,0,5,446111,
,4.6,5.2,108,925,11.65,-92,11.2,1912,0,5,445811,
,4.7,5.4,105,924,11.64,-92,10.8,1911,0,5,445511,
,4.6,4.8,100,923,11.65,-91,10.2,1909,0,5,445211,
,4.1,4.3,95,922,11.64,-92,10.8,1907,0,5,444911,
,3.6,4.5,95,921,11.64,-92,11,1905,0,5,444611,
,4.1,5.2,99,920,11.65,-92,11,1903,0,5,444311,
,3.8,4.2,103,919,11.66,-92,10.8,1901,0,5,444011,
,3.5,3.9,91,918,11.67,-92,10.5,1899,0,5,443711,
,2.6,3.0,95,917,11.67,-92,10.2,1897,0,5,443411,
,1.6,2.9,119,916,11.68,-93,10.2,1896,0,5,443111,
,2.7,3.3,104,915,11.66,-93,10.5,1894,0,5,442811,
,3.2,3.4,82,914,11.66,-92,10.2,1892,0,5,442511,
,3.4,3.9,53,913,11.70,-92,10.2,1890,0,5,442211,
,3.5,4.1,52,912,11.73,-93,10.5,1888,0,5,441911,
,4.3,5.0,46,911,11.75,-92,10.2,1886,0,5,441611,
,4.0,4.3,35,910,11.75,-92,10.2,1884,0,5,441311,
,3.8,4.2,34,909,11.75,-92,10.2,1882,0,5,441011,
,4.0,4.7,34,908,11.75,-92,10.2,1881,0,5,440711,
,4.6,4.9,36,907,11.79,-92,10,1879,0,5,440411,
,4.6,4.9,33,906,11.81,-92,10.5,1878,0,5,440111,
,4.8,5.0,30,905,11.84,-92,10.5,1877,0,5,439811,
,4.7,5.1,33,904,11.87,-92,10.5,1875,0,5,439511,
,4.7,5.3,36,903,11.88,-92,10.5,1874,0,5,439211,
,5.2,5.9,36,902,11.91,-91,10.2,1873,0,5,438911,
,5.7,6.7,36,901,11.94,-92,10.2,1872,0,5,438611,
,6.2,7.3,32,900,12.01,-92,10.5,1871,0,5,438311,
,6.1,6.9,31,899,12.09,-92,10.8,1869,0,5,438011,
,6.4,6.8,25,898,12.14,-92,10.8,1867,0,5,437711,
,5.3,6.0,31,897,12.20,-92,10.5,1865,0,5,437411,
,5.1,6.0,27,896,12.25,-92,10.5,1863,0,5,437111,
,5.8,6.8,28,895,12.23,-92,10,1861,0,5,436811,
,6.3,6.9,28,894,12.25,-93,10.5,1859,0,5,436511,
,6.3,7.4,26,893,12.25,-92,10.2,1857,0,5,436211,
,6.6,7.5,28,892,12.26,-92,10.5,1855,0,5,435911,
,6.0,7.2,24,891,12.25,-92,10,1853,0,5,435611,
,6.2,6.9,26,890,12.26,-92,10.5,1851,0,5,435311,
,6.0,7.2,20,889,12.23,-93,10.5,1849,0,5,435011,
,6.4,7.9,18,888,12.23,-93,9.8,1848,0,5,434711,
,6.9,7.6,14,887,12.25,-92,11,1846,0,5,434411,
,6.7,8.3,20,886,12.26,-93,10.8,1844,0,5,434111,
,7.4,8.3,19,885,12.25,-92,10.5,1843,0,5,433811,
,7.5,8.7,27,884,12.25,-92,10.5,1842,0,5,433511,
,7.5,8.3,25,883,12.25,-92,10.8,1841,0,5,433211,
,6.4,7.2,20,882,12.25,-92,10.8,1840,0,5,432911,
,6.7,8.0,6,881,12.25,-93,10.2,1838,0,5,432611,
,6.6,8.2,10,880,12.26,-92,10.2,1836,0,5,432311,
,6.7,7.4,8,879,12.27,-92,10.2,1834,0,5,432011,
,6.7,7.5,0,878,12.26,-93,10.2,1832,0,5,431711,
,6.9,7.6,358,877,12.27,-93,10.5,1830,0,5,431411,
,7.1,7.9,11,876,12.25,-92,10.5,1828,0,5,431111,
,6.6,7.4,6,875,12.25,-93,10.5,1827,0,5,430811,
,7.5,8.7,6,874,12.26,-92,10.2,1826,0,5,430511,
,8.0,9.9,6,873,12.27,-92,10.2,1825,0,5,430211,
,8.0,9.9,6,873,12.27,-92,10.2,1825,0,5,430211,
,9.1,9.9,5,872,12.27,-91,10.2,1824,0,5,429911,
,9.3,10.0,5,871,12.26,-92,10.5,1823,0,5,429611,
,8.7,9.3,0,870,12.27,-92,10.5,1822,0,5,429311,
,7.6,9.1,2,869,12.25,-93,10,1821,0,5,429011,
,9.2,10.7,2,868,12.26,-92,10,1820,0,5,428711,
,8.9,10.8,4,867,12.28,-92,10.5,1819,0,5,428411,
,9.9,11.8,1,866,12.27,-93,10.2,1818,0,5,428111,
,10.8,12.4,0,865,12.29,-92,10.5,1816,0,5,427811,
,11.8,13.2,359,864,12.27,-92,10.5,1815,0,5,427511,
,11.0,12.7,358,863,12.26,-91,10.5,1813,0,5,427211,
,11.4,12.9,0,862,12.26,-91,10.5,1811,0,5,426911,
,10.8,12.2,1,861,12.28,-92,10.5,1809,0,5,426611,
,9.8,10.5,1,860,12.29,-92,10.5,1808,0,5,426311,
,9.2,10.9,1,859,12.30,-92,10,1807,0,5,426011,
,9.1,10.6,357,858,12.30,-92,10.2,1805,0,5,425711,
,7.3,9.3,359,857,12.31,-92,10.5,1803,0,5,425411,
,9.5,10.6,351,856,12.28,-91,10.2,1801,0,5,425111,
,8.1,10.3,349,855,12.29,-92,10.8,1800,0,5,424811,
,9.4,10.8,346,854,12.31,-93,10.5,1798,0,5,424511,
,8.2,10.6,337,853,12.31,-93,10,1797,0,5,424211,
,10.2,11.3,343,852,12.31,-92,10.2,1795,0,5,423911,
,9.5,12.4,340,851,12.31,-92,10.2,1793,0,5,423611,
,10.8,12.3,349,850,12.28,-93,10.5,1792,0,5,423311,
,11.3,13.4,349,849,12.27,-93,10.5,1790,0,5,423011,
,11.9,13.1,345,848,12.28,-92,10.8,1788,0,5,422711,
,12.1,14.7,346,847,12.29,-92,10.5,1787,0,5,422411,
,13.2,15.3,342,846,12.27,-92,10.5,1786,0,5,422111,
,13.8,16.3,352,845,12.27,-92,10.2,1785,0,5,421811,
,15.5,17.3,347,844,12.25,-91,9.8,1783,0,5,421511,
,14.8,16.4,330,843,12.23,-92,10.8,1782,0,5,421211,
,12.7,16.1,322,842,12.21,-91,10.5,1780,0,5,420911,
,13.7,22.9,314,841,12.24,-92,10.8,1778,0,5,420611,
,18.7,21.0,306,840,12.22,-91,10.5,1776,0,5,420311,
,8.8,10.2,304,839,12.22,-92,9.8,1775,0,5,420011,
,8.2,9.3,0,838,12.26,-91,10.5,1773,0,5,419711,
,7.8,8.6,8,837,12.25,-91,11,1772,0,5,419411,
,7.2,8.5,7,836,12.25,-93,10,1770,0,5,419111,
,7.6,9.2,23,835,12.26,-92,10,1768,0,5,418811,
,7.7,8.5,25,834,12.28,-91,10.2,1767,0,5,418511,
,7.8,8.4,25,833,12.29,-92,10.2,1766,0,5,418211,
,7.5,8.2,30,832,12.30,-92,10.5,1765,0,5,417911,
,7.5,8.7,34,831,12.31,-91,10,1763,0,5,417611,
,7.7,8.3,33,830,12.29,-92,9.8,1761,0,5,417311,
,7.8,8.7,35,829,12.29,-91,10.2,1759,0,5,417011,
,8.3,9.5,37,828,12.31,-91,10.8,1757,0,5,416711,
,8.5,9.2,37,827,12.32,-92,10.5,1755,0,5,416411,
,7.3,8.0,38,826,12.13,-92,10.2,1753,0,5,416111,
,7.2,7.8,40,825,12.05,-92,9.8,1751,0,5,415811,
,7.1,7.8,44,824,12.00,-91,10.2,1749,0,5,415511,
,6.7,7.5,46,823,11.98,-91,10.8,1748,0,5,415211,
,6.3,7.2,46,822,11.93,-92,10.5,1746,0,5,414911,
,6.9,7.6,43,821,11.91,-92,10.2,1745,0,5,414611,
,7.4,8.6,46,820,11.97,-92,10.5,1743,0,5,414311,
,8.2,9.2,44,819,11.89,-92,10.5,1742,0,5,414011,
,6.8,7.5,44,818,11.89,-91,10.5,1740,0,5,413711,
,6.0,6.7,39,817,11.84,-91,9.8,1739,0,5,413411,
,6.9,7.8,45,816,11.83,-92,10.8,1737,0,5,413111,
,6.9,7.5,50,815,11.85,-92,11,1736,0,5,412811,
,5.7,6.1,51,814,11.86,-92,10.5,1734,0,5,412511,
,5.0,6.2,45,813,11.82,-92,10.5,1732,0,5,412211,
,5.8,6.5,39,812,11.80,-92,10.2,1730,0,5,411911,
,5.9,6.5,36,811,11.78,-92,10.2,1728,0,5,411611,
,5.5,6.1,32,810,11.79,-91,10.2,1726,0,5,411311,
,5.6,6.4,30,809,11.79,-92,10.5,1725,0,5,411011,
,6.2,6.6,30,808,11.80,-93,10,1723,0,5,410711,
,5.5,6.1,33,807,11.80,-92,10.2,1721,0,5,410411,
,6.0,6.5,35,806,11.78,-92,10.2,1720,0,5,410111,
,5.6,6.0,32,805,11.77,-92,10.2,1718,0,5,409811,
,5.6,6.1,25,804,11.75,-92,10.5,1716,0,5,409511,
,5.9,6.7,21,803,11.73,-92,10.8,1715,0,5,409211,
,6.0,6.4,24,802,11.74,-92,10.2,1713,0,5,408911,
,5.9,6.2,26,801,11.74,-92,10.2,1712,0,5,408611,
,5.6,6.0,25,800,11.73,-92,10,1710,0,5,408311,
,5.2,5.8,19,799,11.71,-92,10.2,1709,0,5,408011,
,5.1,5.4,19,798,11.72,-92,10.5,1708,0,5,407711,
,4.2,5.0,18,797,11.69,-92,10.2,1707,0,5,407411,
,4.9,5.1,17,796,11.70,-92,10,1706,0,5,407111,
,4.9,5.1,15,795,11.71,-92,10.2,1705,0,5,406811,
,4.5,5.3,20,794,11.70,-91,10.5,1704,0,5,406511,
,4.7,5.2,32,793,11.69,-92,10.8,1703,0,5,406211,
,4.8,5.6,41,792,11.71,-93,10.2,1701,0,5,405911,
,5.7,6.4,39,791,11.67,-92,10.5,1700,0,5,405611,
,6.2,6.8,40,790,11.66,-92,10.8,1698,0,5,405311,
,6.0,6.7,38,789,11.67,-92,10.5,1696,0,5,405011,
,6.1,6.7,36,788,11.67,-92,10.2,1694,0,5,404711,
,6.1,7.9,41,787,11.67,-92,10.2,1693,0,5,404411,
,7.3,8.6,43,786,11.66,-92,10.8,1691,0,5,404111,
,7.3,9.0,44,785,11.66,-93,10.5,1689,0,5,403811,
,6.7,7.5,44,784,11.63,-92,10.2,1688,0,5,403511,
,6.7,8.1,45,783,11.63,-92,10.5,1686,0,5,403211,
,7.8,8.7,37,782,11.64,-92,10.5,1684,0,5,402911,
,7.9,8.9,34,781,11.63,-92,10.8,1683,0,5,402611,
,7.0,8.5,37,780,11.64,-92,10.2,1682,0,5,402311,
,7.2,8.1,46,779,11.64,-92,10.5,1681,0,5,402011,
,6.9,8.5,48,778,11.61,-93,10.2,1680,0,5,401711,
,7.6,9.8,48,777,11.62,-93,9.8,1678,0,5,401411,
,8.6,9.8,52,776,11.63,-93,10.5,1676,0,5,401111,
,7.9,10.5,53,775,11.63,-92,10.5,1675,0,5,400811,
,9.3,11.0,55,774,11.64,-92,10.2,1673,0,5,400511,
,9.1,11.1,52,773,11.64,-92,10.5,1671,0,5,400211,
,9.0,12.1,53,772,11.64,-93,10.5,1669,0,5,399911,
,11.1,12.5,53,771,11.62,-93,10.8,1667,0,5,399611,
,10.2,12.9,54,770,11.61,-92,10.2,1665,0,5,399311,
,11.3,13.3,54,769,11.64,-93,10.5,1664,0,5,399011,
,11.4,13.0,56,768,11.63,-92,10.5,1662,0,5,398711,
,11.1,13.1,58,767,11.64,-92,10.5,1661,0,5,398411,
,10.9,13.5,58,766,11.63,-93,10.2,1659,0,5,398111,
,11.4,15.2,59,765,11.61,-92,10.5,1658,0,5,397812,
,13.2,16.0,43,764,11.61,-93,10.2,1657,0,5,397511,
,11.8,15.7,41,763,11.62,-92,9.8,1656,0,5,397211,
,13.5,15.2,35,762,11.63,-92,10.5,1655,0,5,396911,
,13.7,15.6,34,761,11.63,-93,10,1654,0,5,396611,
,13.9,15.2,36,760,11.62,-93,10.2,1653,0,5,396311,
,13.6,15.7,38,759,11.63,-93,10,1652,0,5,396011,
,12.8,14.8,36,758,11.61,-92,10.5,1651,0,5,395711,
,13.3,15.0,36,757,11.61,-93,10,1650,0,5,395411,
,12.8,14.2,38,756,11.62,-93,9.8,1649,0,5,395111,
,13.4,14.9,40,755,11.63,-93,10.2,1648,0,5,394811,
,13.5,15.3,40,754,11.63,-93,10.8,1647,0,5,394511,
,14.4,15.7,35,753,11.63,-94,10,1646,0,5,394211,
,13.8,15.3,34,752,11.61,-92,10.2,1645,0,5,393912,
,13.8,15.1,35,751,11.60,-93,10.5,1644,0,5,393611,
,13.9,15.4,35,750,11.61,-93,10.2,1643,0,5,393311,
,13.9,15.5,39,749,11.62,-92,10,1642,0,5,393011,
,12.1,15.6,46,748,11.62,-92,10.2,1641,0,5,392711,
,13.9,16.1,47,747,11.62,-93,9.8,1640,0,5,392411,
,15.8,17.3,50,746,11.63,-93,10,1639,0,5,392111,
,15.2,17.3,41,745,11.60,-93,10.5,1638,0,5,391811,
,13.5,16.5,41,744,11.59,-93,10.5,1637,0,5,391511,
,14.4,16.8,47,743,11.62,-92,10.8,1635,0,5,391211,
,13.7,16.9,48,742,11.62,-93,10.2,1634,0,5,390911,
,15.0,16.9,56,741,11.63,-93,10.2,1633,0,5,390611,
,14.6,15.8,55,740,11.63,-93,10.8,1631,0,5,390311,
,14.8,16.5,48,739,11.60,-93,10.2,1630,0,5,390012,
,14.0,16.1,41,738,11.61,-92,10.5,1629,0,5,389711,
,14.9,15.8,40,737,11.61,-93,10,1628,0,5,389411,
,13.7,16.1,45,736,11.62,-93,10,1627,0,5,389111,
,14.3,17.1,46,735,11.63,-93,9.8,1626,0,5,388811,
,15.1,16.8,46,734,11.63,-92,10.2,1625,0,5,388511,
,14.8,16.5,42,733,11.63,-93,10,1623,0,5,388211,
,12.5,13.7,50,732,11.62,-92,10.5,1622,0,5,387912,
,12.1,13.8,52,731,11.61,-93,10.2,1621,0,5,387611,
,12.4,14.6,48,730,11.63,-93,10,1619,0,5,387311,
,12.4,14.8,47,729,11.63,-93,10.2,1618,0,5,387011,
,12.1,14.5,43,728,11.64,-92,10,1617,0,5,386711,
,12.2,14.9,42,727,11.64,-93,10.5,1615,0,5,386411,
,12.7,14.1,45,726,11.62,-92,10.8,1614,0,5,386112,
,12.0,14.3,43,725,11.62,-91,10,1612,0,5,385811,
,12.1,13.5,46,724,11.63,-92,10.5,1611,0,5,385511,
,11.4,13.3,50,723,11.64,-91,10.8,1610,0,5,385211,
,11.4,13.5,50,722,11.64,-91,10.5,1609,0,5,384911,
,11.2,13.3,53,721,11.64,-92,10.5,1608,0,5,384611,
,10.8,12.9,47,720,11.64,-92,10.5,1607,0,5,384311,
,10.7,12.5,48,719,11.62,-92,10.8,1605,0,5,384012,
,9.3,9.8,45,718,11.62,-92,10.8,1604,0,5,383711,
,8.9,10.6,50,717,11.63,-92,10.5,1602,0,5,383411,
,8.6,9.8,51,716,11.64,-91,10.2,1601,0,5,383111,
,8.0,9.1,51,715,11.64,-91,10.2,1600,0,5,382811,
,7.9,9.8,51,714,11.64,-91,10.8,1599,0,5,382511,
,8.8,10.6,47,713,11.61,-91,10.5,1597,0,5,382212,
,9.0,10.9,59,712,11.62,-91,11,1596,0,5,381911,
,8.7,10.1,62,711,11.63,-92,10.5,1595,0,5,381611,
,8.8,9.6,59,710,11.63,-91,10.8,1594,0,5,381311,
,7.2,8.7,68,709,11.63,-91,11.2,1593,0,5,381011,
,6.4,10.0,69,708,11.63,-91,11,1592,0,5,380711,
,7.3,9.4,71,707,11.64,-91,10.8,1591,0,5,380411,
,7.0,8.4,69,706,11.62,-91,9.8,1590,0,5,380112,
,7.6,9.1,67,705,11.62,-90,10,1589,0,5,379811,
,8.3,12.2,67,704,11.65,-91,11,1588,0,5,379511,
,9.5,11.1,57,703,11.65,-91,10.8,1587,0,5,379211,
,8.9,11.9,58,702,11.65,-92,10.5,1586,0,5,378911,
,10.2,12.4,44,701,11.65,-91,10.2,1585,0,5,378611,
,9.4,10.7,49,700,11.63,-92,10.5,1583,0,5,378312,
,9.2,13.1,46,699,11.62,-92,10.5,1582,0,5,378012,
,10.2,12.5,49,698,11.64,-91,10.2,1581,0,5,377711,
,9.4,12.0,49,697,11.65,-92,11.2,1580,0,5,377411,
,9.2,11.7,54,696,11.65,-91,11.2,1578,0,5,377111,
,10.4,12.9,60,695,11.65,-92,10.5,1577,0,5,376811,
,9.9,11.9,60,694,11.65,-93,10.5,1576,0,5,376511,
,9.7,12.9,56,693,11.63,-92,11,1575,0,5,376212,
,9.8,11.1,66,692,11.63,-91,10,1574,0,5,375911,
,9.6,10.6,68,691,11.65,-91,11.2,1573,0,5,375611,
,8.5,10.1,75,690,11.65,-91,10.8,1572,0,5,375311,
,7.8,8.9,68,689,11.65,-91,11.2,1571,0,5,375011,
,8.5,9.3,62,688,11.65,-91,10.2,1570,0,5,374711,
,8.7,10.7,71,687,11.63,-91,11.2,1569,0,5,374412,
,7.8,10.3,70,686,11.64,-91,11,1567,0,5,374112,
,8.5,9.8,57,685,11.64,-91,10.5,1565,0,5,373811,
,8.1,9.1,57,684,11.65,-92,11.2,1563,0,5,373511,
,8.1,9.7,57,683,11.64,-91,9.8,1562,0,5,373211,
,9.1,10.5,64,682,11.65,-91,10.8,1561,0,5,372911,
,8.5,10.7,63,681,11.65,-91,11.5,1559,0,5,372611,
,7.9,14.3,61,680,11.63,-91,11,1558,0,5,372312,
,10.2,12.8,76,679,11.63,-91,11.2,1556,0,5,372012,
,9.1,10.5,75,678,11.64,-91,11,1555,0,5,371711,
,8.8,11.8,71,677,11.65,-91,10.8,1553,0,5,371411,
,9.9,11.4,72,676,11.65,-91,11.2,1551,0,5,371111,
,8.0,9.9,73,675,11.65,-92,10.8,1550,0,5,370811,
,8.4,10.8,74,674,11.63,-91,11.2,1548,0,5,370512,
,10.3,12.3,73,673,11.62,-91,11,1546,0,5,370212,
,9.2,11.6,72,672,11.64,-91,11.2,1545,0,5,369911,
,9.3,11.8,71,671,11.65,-91,10.8,1544,0,5,369611,
,8.1,12.3,63,670,11.65,-92,11,1543,0,5,369312,
,8.7,10.6,76,669,11.65,-91,10.5,1542,0,5,369011,
,7.8,11.2,66,668,11.65,-91,11.2,1540,0,5,368712,
,9.8,11.4,67,667,11.63,-91,11,1538,0,5,368412,
,8.7,10.5,74,666,11.63,-91,11.2,1537,0,5,368112,
,8.5,9.8,67,665,11.65,-91,10.8,1535,0,5,367812,
,8.8,11.4,67,664,11.64,-92,10.8,1534,0,5,367512,
,7.9,9.3,57,663,11.64,-90,10.2,1533,0,5,367212,
,7.9,9.2,63,662,11.65,-91,10.8,1531,0,5,366912,
,8.3,10.2,68,661,11.62,-91,11,1530,0,5,366612,
,8.2,9.4,74,660,11.62,-92,10.2,1528,0,5,366312,
,7.6,8.6,76,659,11.63,-92,10.8,1527,0,5,366012,
,6.7,8.3,62,658,11.65,-91,10.5,1525,0,5,365712,
,8.1,10.4,65,657,11.64,-91,11,1524,0,5,365412,
,8.5,10.4,71,656,11.65,-92,10.8,1523,0,5,365112,
,7.7,8.3,68,655,11.64,-91,11,1522,0,5,364812,
,7.0,7.9,68,654,11.63,-91,11,1521,0,5,364512,
,6.1,6.8,68,653,11.63,-91,10.8,1520,0,5,364212,
,5.7,6.5,63,652,11.65,-92,10.2,1518,0,5,363912,
,6.2,6.9,64,651,11.65,-91,11,1517,0,5,363612,
,6.4,7.3,60,650,11.64,-92,10.5,1516,0,5,363312,
,6.8,7.5,57,649,11.65,-92,10.2,1514,0,5,363012,
,6.5,7.9,51,648,11.64,-91,10.8,1513,0,5,362712,
,6.9,8.7,51,647,11.63,-92,10.5,1512,0,5,362412,
,7.3,7.8,50,646,11.64,-92,10.5,1510,0,5,362112,
,7.8,9.2,50,645,11.65,-91,10.8,1509,0,5,361812,
,7.3,9.2,50,644,11.65,-92,10.2,1507,0,5,361512,
,7.5,10.0,48,643,11.65,-92,10.5,1505,0,5,361212,
,8.7,9.3,49,642,11.65,-91,10.5,1504,0,5,360912,
,7.4,9.0,48,641,11.63,-92,11,1503,0,5,360612,
,8.4,9.4,47,640,11.63,-92,10.8,1501,0,5,360312,
,7.9,9.7,49,639,11.65,-92,10.2,1499,0,5,360012,
,9.1,10.0,44,638,11.65,-91,11.2,1498,0,5,359712,
,8.3,9.7,47,637,11.65,-92,10.5,1497,0,5,359412,
,8.3,10.1,45,636,11.65,-92,11,1495,0,5,359112,
,9.4,10.6,45,635,11.63,-92,10.2,1493,0,5,358812,
,8.5,9.8,39,634,11.63,-91,10.8,1491,0,5,358512,
,8.3,10.3,39,633,11.64,-92,10.5,1489,0,5,358212,
,8.9,9.8,42,632,11.65,-92,10.8,1488,0,5,357912,
,8.5,10.0,42,631,11.65,-92,11.2,1487,0,5,357612,
,8.9,10.6,35,630,11.65,-92,10.2,1486,0,5,357312,
,8.5,9.9,39,629,11.65,-91,10.8,1485,0,5,357012,
,8.2,9.5,42,628,11.63,-92,11.2,1483,0,5,356712,
,7.2,8.8,38,627,11.64,-91,10.5,1482,0,5,356412,
,7.9,9.2,36,626,11.66,-92,10.2,1481,0,5,356112,
,7.6,8.2,42,625,11.67,-91,10.5,1480,0,5,355812,
,7.1,7.8,47,624,11.66,-92,10.8,1478,0,5,355512,
,7.3,7.9,35,623,11.67,-92,10.8,1476,0,5,355212,
,7.8,8.6,36,622,11.66,-92,11,1475,0,5,354912,
,7.5,9.3,23,621,11.65,-92,11,1474,0,5,354612,
,8.2,10.0,32,620,11.67,-92,10.8,1473,0,5,354312,
,6.7,8.8,24,619,11.69,-92,10.5,1472,0,5,354012,
,7.8,9.0,32,618,11.70,-92,10.8,1471,0,5,353712,
,8.0,9.2,37,617,11.71,-92,10.5,1470,0,5,353412,
,8.0,9.5,22,616,11.72,-92,11,1469,0,5,353112,
,9.3,10.3,31,615,11.70,-92,11.2,1468,0,5,352812,
,9.3,10.8,23,614,11.73,-92,11,1466,0,5,352512,
,8.2,10.2,18,613,11.75,-91,11,1464,0,5,352212,
,9.7,11.4,20,612,11.78,-92,10.5,1463,0,5,351912,
,9.5,11.0,11,611,11.79,-91,10.8,1462,0,5,351612,
,9.0,11.9,17,610,11.81,-91,11,1460,0,5,351312,
,9.3,11.8,6,609,11.81,-92,11,1459,0,5,351012,
,8.8,10.9,14,608,11.84,-92,10.5,1458,0,5,350712,
,7.9,9.0,23,607,11.88,-92,10.5,1456,0,5,350412,
,7.7,9.0,32,606,11.91,-92,10.8,1455,0,5,350112,
,7.5,8.1,29,605,11.96,-92,10.5,1454,0,5,349812,
,7.5,8.1,29,605,11.96,-92,10.5,1454,0,5,349812,
,5.3,6.4,30,604,12.00,-92,11.2,1453,0,5,349512,
,5.3,6.1,43,603,12.04,-92,10.5,1452,0,5,349212,
,5.6,6.9,45,602,12.06,-92,10.5,1451,0,5,348912,
,4.9,6.7,51,601,12.11,-92,10.8,1450,0,5,348612,
,6.8,8.1,46,600,12.18,-92,10.5,1449,0,5,348312,
,7.7,8.5,49,599,12.21,-92,10.5,1448,0,5,348012,
,7.7,8.4,42,598,12.23,-92,10.8,1447,0,5,347712,
,7.8,8.4,44,597,12.22,-92,11,1446,0,5,347412,
,6.8,8.4,44,596,12.19,-92,10.8,1445,0,5,347112,
,6.8,8.4,44,596,12.19,-92,10.8,1445,0,5,347112,
,6.9,8.3,40,595,12.21,-92,11.2,1444,0,5,346812,
,7.9,8.9,43,594,12.21,-92,11,1443,0,5,346512,
,7.1,8.2,46,593,12.24,-92,11,1442,0,5,346212,
,8.5,10.0,40,592,12.25,-92,10.8,1441,0,5,345912,
,8.5,10.0,40,592,12.25,-92,10.8,1441,0,5,345912,
,8.6,10.3,40,591,12.24,-93,10.8,1440,0,5,345612,
,9.2,10.3,37,590,12.26,-91,10.5,1439,0,5,345312,
,9.3,9.9,37,589,12.23,-91,10.2,1438,0,5,345012,
,8.4,9.4,40,588,12.23,-92,10,1437,0,5,344712,
,8.5,9.9,41,587,12.25,-92,10.8,1436,0,5,344412,
,8.5,9.9,41,587,12.25,-92,10.8,1436,0,5,344412,
,9.0,10.2,36,586,12.25,-92,10.5,1435,0,5,344112,
,8.1,9.5,39,585,12.27,-91,10.5,1434,0,5,343812,
,7.8,8.8,36,584,12.40,-92,10.8,1432,0,5,343512,
,7.8,8.6,36,583,12.51,-92,10.5,1430,0,5,343212,
,7.9,8.8,38,582,12.63,-92,11,1429,0,5,342912,
,6.6,7.3,31,581,12.63,-92,10.5,1428,0,5,342612,
,6.2,8.1,37,580,12.66,-92,11,1427,0,5,342312,
,7.3,8.0,34,579,12.65,-91,10.5,1426,0,5,342012,
,8.1,9.4,40,578,12.65,-92,10.5,1425,0,5,341712,
,7.9,8.5,32,577,12.66,-92,10.8,1424,0,5,341415,
,7.7,8.5,39,576,12.63,-92,10.8,1423,0,5,341112,
,7.1,7.8,38,575,12.62,-92,10.8,1422,0,5,340812,
,6.9,8.7,33,574,12.63,-92,10.5,1421,0,5,340512,
,7.6,9.4,33,573,12.65,-92,10.8,1419,0,5,340212,
,7.2,9.4,32,572,12.65,-92,10.5,1417,0,5,339912,
,8.4,9.2,33,571,12.65,-91,10,1416,0,5,339612,
,8.1,8.8,33,570,12.67,-92,10.8,1415,0,5,339312,
,7.4,8.2,29,569,12.63,-92,10.8,1414,0,5,339012,
,6.6,7.7,20,568,12.65,-91,11.2,1413,0,5,338712,
,7.8,8.6,28,567,12.67,-92,10.5,1412,0,5,338412,
,6.6,7.6,21,566,12.66,-92,10.5,1410,0,5,338112,
,6.6,7.1,23,565,12.67,-92,11.2,1409,0,5,337812,
,5.9,6.9,18,564,12.66,-92,10.5,1408,0,5,337512,
,5.8,6.7,16,563,12.66,-92,10.8,1407,0,5,337212,
,5.5,5.9,24,562,12.66,-92,11.2,1406,0,5,336912,
,5.0,6.4,25,561,12.68,-92,10.8,1404,0,5,336612,
,5.9,6.6,32,560,12.41,-92,11,1403,0,5,336312,
,5.3,6.0,33,559,12.11,-91,10,1401,0,5,336012,
,5.5,6.2,29,558,12.05,-91,10,1400,0,5,335712,
,6.0,6.8,36,557,12.03,-92,10.5,1398,0,5,335412,
,5.4,6.4,46,556,11.98,-92,10.2,1397,0,5,335112,
,5.5,6.8,35,555,11.93,-92,10.8,1396,0,5,334812,
,6.9,7.6,37,554,11.93,-91,10.8,1394,0,5,334512,
,6.2,7.3,32,553,11.97,-91,10.2,1393,0,5,334212,
,5.9,6.7,41,552,11.92,-92,10,1392,0,5,333912,
,6.4,7.0,39,551,11.91,-91,10.5,1391,0,5,333612,
,5.5,6.6,35,550,11.89,-91,11.2,1390,0,5,333312,
,5.5,6.5,43,549,11.89,-91,10.5,1389,0,5,333012,
,5.0,6.0,36,548,11.89,-91,10.2,1388,0,5,332712,
,5.7,6.1,28,547,11.88,-92,10.2,1387,0,5,332412,
,4.5,6.3,25,546,11.87,-91,9.8,1386,0,5,332112,
,6.1,7.3,23,545,11.88,-91,10.8,1385,0,5,331812,
,6.4,8.0,39,544,11.87,-92,10.8,1384,0,5,331512,
,7.4,8.4,31,543,11.86,-91,11.5,1383,0,5,331212,
,7.2,8.2,34,542,11.86,-91,10,1382,0,5,330912,
,6.7,7.8,40,541,11.87,-92,10.2,1381,0,5,330612,
,6.1,7.0,45,540,11.85,-91,11.2,1380,0,5,330312,
,6.5,8.0,41,539,11.85,-91,10.5,1379,0,5,330012,
,6.5,7.5,38,538,11.87,-91,11,1378,0,5,329712,
,7.0,8.1,42,537,11.83,-91,10.5,1377,0,5,329412,
,6.3,6.9,35,536,11.81,-91,11.2,1376,0,5,329112,
,6.6,8.0,35,535,11.83,-92,10.8,1375,0,5,328812,
,7.0,8.4,43,534,11.83,-91,10.2,1374,0,5,328512,
,6.8,8.8,49,533,11.85,-92,10.5,1373,0,5,328212,
,6.1,6.8,49,532,11.87,-91,10.8,1371,0,5,327912,
,5.6,6.3,46,531,11.87,-91,10.8,1370,0,5,327612,
,4.9,6.5,47,530,11.85,-91,11,1369,0,5,327312,
,5.0,5.7,49,529,11.83,-92,10.2,1368,0,5,327012,
,5.9,7.4,56,528,11.84,-91,10.8,1367,0,5,326712,
,5.8,7.8,48,527,11.82,-92,10,1366,0,5,326412,
,7.6,8.1,42,526,11.82,-91,10.5,1365,0,5,326112,
,6.4,7.8,58,525,11.81,-91,10.5,1364,0,5,325812,
,6.2,7.6,41,524,11.79,-91,11.5,1363,0,5,325512,
,6.9,7.6,43,523,11.78,-92,10.8,1362,0,5,325212,
,5.8,6.9,36,522,11.79,-91,10.5,1361,0,5,324912,
,5.4,7.0,47,521,11.79,-92,11,1360,0,5,324612,
,6.7,7.3,45,520,11.77,-91,10,1359,0,5,324312,
,5.4,7.4,50,519,11.75,-91,11.2,1358,0,5,324012,
,5.8,6.7,35,518,11.75,-92,10.8,1357,0,5,323712,
,6.0,7.4,45,517,11.70,-92,10.8,1356,0,5,323412,
,6.0,7.4,45,517,11.70,-92,10.8,1356,0,5,323412,
,6.8,7.8,40,516,11.71,-92,10.5,1355,0,5,323112,
,6.4,7.7,32,515,11.73,-92,10.8,1354,0,5,322812,
,6.2,7.4,37,514,11.72,-92,11,1353,0,5,322512,
,5.0,6.7,36,513,11.71,-92,11.5,1352,0,5,322212,
,5.0,6.7,36,513,11.71,-92,11.5,1352,0,5,322212,
,6.6,7.5,41,512,11.70,-92,10.2,1351,0,5,321912,
,6.0,7.2,29,511,11.67,-92,10.2,1350,0,5,321612,
,6.0,7.2,29,511,11.67,-92,10.2,1350,0,5,321612,
,6.0,7.1,32,510,11.67,-92,10.5,1349,0,5,321312,
,6.0,7.1,32,510,11.67,-92,10.5,1349,0,5,321312,
,6.0,6.8,23,509,11.68,-92,10.8,1348,0,5,321012,
,6.4,7.4,39,508,11.69,-92,11,1347,0,5,320712,
,7.5,9.1,33,507,11.70,-92,11,1346,0,5,320412,
,7.5,8.6,31,506,11.69,-92,11,1345,0,5,320112,
,7.2,9.2,35,505,11.68,-92,11,1344,0,5,319812,
,7.1,9.0,30,504,11.66,-92,10.8,1343,0,5,319512,
,7.2,10.1,37,503,11.65,-91,10.5,1342,0,5,319212,
,8.6,10.8,38,502,11.67,-91,10.8,1341,0,5,318912,
,8.5,9.4,33,501,11.66,-92,10.8,1340,0,5,318612,
,8.1,9.9,28,500,11.65,-92,10.5,1339,0,5,318312,
,7.9,8.9,38,499,11.65,-92,10.8,1338,0,5,318012,
,8.8,11.3,31,498,11.62,-92,11.2,1337,0,5,317712,
,9.2,11.2,35,497,11.62,-91,10.5,1336,0,5,317412,
,9.0,9.8,43,496,11.62,-92,10.5,1335,0,5,317112,
,7.7,10.8,35,495,11.64,-92,11,1334,0,5,316812,
,9.8,12.3,29,494,11.63,-92,11.5,1333,0,5,316512,
,9.2,10.7,25,493,11.63,-92,10.2,1332,0,5,316212,
,9.9,12.1,25,492,11.63,-92,10.8,1331,0,5,315912,
,8.9,10.6,25,491,11.60,-92,10.5,1329,0,5,315612,
,10.3,11.6,21,490,11.60,-92,11.2,1327,0,5,315312,
,9.3,11.9,29,489,11.62,-92,10.8,1325,0,5,315012,
,10.4,11.9,36,488,11.62,-92,11.2,1323,0,5,314712,
,9.2,10.9,28,487,11.63,-92,10.8,1321,0,5,314412,
,10.6,12.1,32,486,11.62,-93,11,1319,0,5,314112,
,10.5,12.8,25,485,11.61,-92,10.8,1317,0,5,313812,
,10.6,12.2,25,484,11.60,-92,10.5,1315,0,5,313512,
,9.4,12.1,21,483,11.61,-92,10.5,1314,0,5,313212,
,10.7,12.1,30,482,11.63,-92,11.2,1313,0,5,312912,
,9.5,10.5,20,481,11.62,-92,11,1312,0,5,312612,
,9.8,11.5,24,480,11.63,-92,10.5,1310,0,5,312312,
,8.9,11.4,21,479,11.63,-92,11,1308,0,5,312012,
,9.6,11.2,23,478,11.61,-91,10.5,1306,0,5,311712,
,9.0,10.1,25,477,11.61,-92,10.5,1305,0,5,311412,
,8.1,9.3,7,476,11.63,-92,11,1303,0,5,311112,
,8.1,9.9,29,475,11.62,-92,10.5,1301,0,5,310812,
,8.7,10.7,32,474,11.63,-92,11,1300,0,5,310512,
,8.4,10.1,34,473,11.63,-92,10.8,1299,0,5,310212,
,9.5,11.1,34,472,11.61,-92,10.5,1297,0,5,309912,
,9.4,10.6,30,471,11.61,-92,10.8,1295,0,5,309612,
,9.5,11.0,38,470,11.61,-92,10.5,1293,0,5,309312,
,7.5,9.2,48,469,11.63,-92,10.8,1292,0,5,309012,
,8.4,9.4,42,468,11.63,-92,11,1291,0,5,308712,
,5.7,6.6,43,467,11.63,-92,10.5,1290,0,5,308412,
,5.8,7.7,31,466,11.63,-92,10.5,1288,0,5,308112,
,6.8,7.7,39,465,11.61,-93,10.2,1287,0,5,307812,
,4.9,5.9,42,464,11.61,-92,11,1286,0,5,307512,
,5.8,6.6,46,463,11.62,-93,10.5,1284,0,5,307212,
,4.1,4.5,57,462,11.63,-92,10.5,1283,0,5,306912,
,4.5,7.6,52,461,11.63,-92,10.5,1282,0,5,306612,
,4.5,5.3,36,460,11.63,-92,10.2,1281,0,5,306312,
,5.5,7.3,28,459,11.61,-93,10.2,1279,0,5,306012,
,4.9,6.1,39,458,11.61,-92,10.5,1278,0,5,305712,
,4.6,7.3,42,457,11.61,-93,10.8,1277,0,5,305412,
,6.6,8.7,41,456,11.63,-93,10.2,1276,0,5,305112,
,4.5,5.9,24,455,11.63,-93,10.5,1275,0,5,304812,
,3.0,3.9,3,454,11.63,-93,10.5,1273,0,5,304512,
,2.5,3.1,31,453,11.64,-92,11,1272,0,5,304212,
,1.9,3.0,38,452,11.60,-92,10.8,1270,0,5,303912,
,2.5,3.4,51,451,11.60,-92,10.8,1269,0,5,303612,
,2.7,4.5,46,450,11.62,-92,10.5,1268,0,5,303312,
,3.7,4.8,27,449,11.62,-93,10.5,1266,0,5,303012,
,3.4,5.0,30,448,11.62,-93,10.5,1265,0,5,302712,
,2.5,4.1,41,447,11.62,-93,10.5,1263,0,5,302412,
,1.2,1.7,15,446,11.59,-92,10.5,1262,0,5,302112,
,1.3,2.1,350,445,11.60,-93,11.2,1261,0,5,301812,
,0.6,1.3,319,444,11.60,-92,10.8,1259,0,5,301512,
,1.0,1.5,345,443,11.61,-93,10.2,1257,0,5,301212,
,1.3,1.9,284,442,11.62,-93,10.5,1255,0,5,300912,
,2.3,3.2,283,441,11.60,-93,10.8,1253,0,5,300612,
,2.4,3.4,294,440,11.61,-93,10.8,1252,0,5,300312,
,2.7,3.6,286,439,11.59,-92,10.8,1250,0,5,300012,
,3.1,3.8,294,438,11.59,-92,10.8,1249,0,5,299712,
,2.9,3.6,300,437,11.61,-92,10.5,1247,0,5,299412,
,3.2,4.2,307,436,11.61,-92,10.5,1245,0,5,299112,
,3.3,4.3,298,435,11.62,-93,10.5,1244,0,5,298812,
,3.6,4.5,301,434,11.63,-93,10.5,1243,0,5,298512,
,3.9,4.7,304,433,11.60,-92,10.8,1241,0,5,298212,
,2.7,3.5,325,432,11.60,-92,10.8,1240,0,5,297912,
,2.5,3.7,319,431,11.62,-92,10.8,1238,0,5,297612,
,2.7,3.5,315,430,11.62,-92,10.8,1237,0,5,297312,
,2.9,3.5,312,429,11.62,-92,10.8,1235,0,5,297012,
,1.9,2.5,332,428,11.63,-92,10.8,1233,0,5,296712,
,1.7,2.8,354,427,11.63,-92,10.8,1232,0,5,296412,
,1.4,2.5,354,426,11.60,-92,10.8,1230,0,5,296112,
,2.3,2.8,343,425,11.60,-92,11,1229,0,5,295812,
,2.5,2.8,338,424,11.61,-91,10.8,1228,0,5,295512,
,1.5,2.5,344,423,11.62,-92,11,1227,0,5,295212,
,0.7,0.8,317,422,11.63,-92,10.8,1225,0,5,294912,
,0.6,1.1,19,421,11.63,-92,10.8,1224,0,5,294612,
,0.6,1.1,19,421,11.63,-92,10.8,1224,0,5,294612,
,1.0,1.4,63,420,11.61,-92,10.8,1222,0,5,294312,
,0.6,1.2,53,419,11.61,-92,10.8,1220,0,5,294012,
,0.7,1.5,153,418,11.61,-92,11.2,1219,0,5,293712,
,1.0,1.7,141,417,11.63,-92,10.8,1218,0,5,293412,
,1.7,3.4,160,416,11.63,-92,10.8,1216,0,5,293112,
,2.9,3.6,179,415,11.63,-92,11.2,1214,0,5,292812,
,2.3,3.2,177,414,11.64,-91,10.5,1213,0,5,292512,
,2.2,2.7,175,413,11.61,-92,10.5,1211,0,5,292212,
,1.5,2.0,186,412,11.61,-92,10.5,1209,0,5,291912,
,1.4,1.9,234,411,11.62,-92,10.8,1207,0,5,291612,
,1.6,2.7,228,410,11.63,-92,11.2,1205,0,5,291312,
,2.2,2.6,226,409,11.63,-92,11.8,1204,0,5,291012,
,2.2,2.6,226,409,11.63,-92,11.8,1204,0,5,291012,
,1.8,2.2,227,408,11.63,-92,11.2,1203,0,5,290712,
,2.2,3.6,260,407,11.61,-92,10.8,1202,0,5,290412,
,3.2,3.8,275,406,11.61,-92,11.2,1200,0,5,290112,
,2.9,3.3,276,405,11.61,-92,11.2,1198,0,5,289812,
,2.1,3.3,272,404,11.63,-92,11.5,1196,0,5,289512,
,1.6,3.9,304,403,11.63,-92,11,1194,0,5,289212,
,3.7,5.1,297,402,11.63,-92,11,1192,0,5,288912,
,4.5,5.0,293,401,11.63,-92,11,1190,0,5,288612,
,4.4,4.9,290,400,11.61,-92,10.8,1188,0,5,288312,
,3.4,4.2,295,399,11.61,-92,10.5,1187,0,5,288012,
,4.4,5.6,290,398,11.62,-92,11,1185,0,5,287712,
,5.0,5.7,284,397,11.63,-92,11.2,1183,0,5,287412,
,4.9,5.6,289,396,11.63,-91,11,1181,0,5,287112,
,4.6,5.2,287,395,11.64,-91,10.5,1179,0,5,286812,
,5.1,6.1,301,394,11.61,-92,10.5,1177,0,5,286512,
,4.1,5.3,308,393,11.61,-92,10.8,1175,0,5,286212,
,3.8,5.2,331,392,11.62,-91,10.5,1173,0,5,285912,
,3.6,4.8,331,391,11.64,-92,11.2,1171,0,5,285612,
,4.5,5.3,342,390,11.63,-91,11,1169,0,5,285312,
,4.7,6.8,339,389,11.64,-91,11,1167,0,5,285012,
,4.8,5.8,354,388,11.63,-92,10.8,1166,0,5,284712,
,3.7,4.1,345,387,11.62,-92,10.8,1165,0,5,284412,
,3.4,5.4,349,386,11.62,-92,11,1164,0,5,284112,
,5.3,5.9,13,385,11.63,-92,10.8,1162,0,5,283812,
,4.1,5.0,2,384,11.64,-91,11,1160,0,5,283512,
,5.0,5.8,352,383,11.64,-91,10.5,1159,0,5,283212,
,4.9,6.5,345,382,11.63,-91,10.5,1157,0,5,282912,
,5.9,8.0,333,381,11.62,-92,11.2,1156,0,5,282612,
,6.3,8.8,346,380,11.62,-92,10.8,1155,0,5,282312,
,7.7,8.7,359,379,11.62,-92,11.2,1154,0,5,282012,
,7.1,7.7,1,378,11.64,-91,11.2,1153,0,5,281712,
,6.9,8.8,359,377,11.63,-92,10.2,1152,0,5,281412,
,7.0,8.7,348,376,11.64,-92,10.2,1150,0,5,281112,
,8.0,9.8,345,375,11.64,-91,10.5,1149,0,5,280812,
,6.8,8.3,349,374,11.61,-91,10.8,1148,0,5,280512,
,7.6,8.4,343,373,11.61,-91,10.8,1147,0,5,280215,
,6.4,7.8,356,372,11.63,-91,11,1145,0,5,279912,
,6.6,8.0,0,371,11.64,-91,11.2,1143,0,5,279612,
,7.7,9.1,348,370,11.63,-91,10.5,1142,0,5,279312,
,7.1,8.7,349,369,11.64,-92,10.8,1141,0,5,279012,
,8.9,10.1,351,368,11.62,-91,11.8,1139,0,5,278712,
,8.1,10.0,348,367,11.62,-92,10.5,1138,0,5,278412,
,8.4,11.1,352,366,11.62,-91,11,1137,0,5,278112,
,8.1,10.3,357,365,11.64,-92,10.5,1136,0,5,277812,
,9.1,10.8,349,364,11.64,-92,11,1135,0,5,277512,
,9.1,10.4,359,363,11.64,-91,10.2,1133,0,5,277212,
,7.9,10.0,2,362,11.64,-92,10.5,1132,0,5,276912,
,8.4,11.2,6,361,11.62,-91,10.8,1131,0,5,276612,
,8.4,11.2,6,361,11.62,-91,10.8,1131,0,5,276612,
,11.0,11.9,4,360,11.61,-91,10.8,1130,0,5,276312,
,10.2,11.6,3,359,11.63,-91,11,1129,0,5,276012,
,9.8,10.8,0,358,11.64,-91,10.5,1128,0,5,275712,
,8.9,11.9,8,357,11.64,-91,10.5,1126,0,5,275412,
,9.5,11.0,19,356,11.65,-91,10.2,1124,0,5,275112,
,10.5,12.1,17,355,11.62,-92,10.2,1123,0,5,274813,
,9.4,12.3,10,354,11.62,-92,10.8,1122,0,5,274512,
,9.9,12.3,10,353,11.63,-91,11,1120,0,5,274212,
,10.9,12.8,5,352,11.64,-92,10.2,1119,0,5,273912,
,9.2,12.5,0,351,11.64,-92,10.8,1118,0,5,273612,
,11.1,12.3,2,350,11.64,-91,10.2,1117,0,5,273312,
,10.2,11.6,11,349,11.64,-92,8.5,1116,0,5,273012,
,9.5,12.7,11,348,11.62,-91,10.8,1114,0,5,272712,
,10.6,13.2,13,347,11.61,-92,10.8,1113,0,5,272412,
,10.0,12.9,9,346,11.64,-91,10.8,1112,0,5,272112,
,9.3,11.7,18,345,11.65,-91,10.2,1110,0,5,271812,
,10.8,13.3,21,344,11.64,-91,10.8,1109,0,5,271512,
,11.0,13.1,26,343,11.65,-92,10.2,1108,0,5,271212,
,11.3,14.7,12,342,11.65,-91,11,1106,0,5,270912,
,12.8,15.1,3,341,11.62,-92,11,1104,0,5,270612,
,10.9,12.7,357,340,11.63,-91,11.2,1103,0,5,270312,
,9.9,12.2,4,339,11.65,-92,10.5,1101,0,5,270012,
,11.6,12.7,7,338,11.64,-91,10.5,1100,0,5,269712,
,11.0,13.2,1,337,11.64,-91,11,1098,0,5,269412,
,12.1,13.6,359,336,11.64,-91,10.8,1096,0,5,269112,
,10.7,13.2,1,335,11.63,-91,10.8,1094,0,5,268812,
,12.5,14.2,1,334,11.62,-91,10.8,1092,0,5,268512,
,12.0,14.7,359,333,11.65,-91,10,1090,0,5,268212,
,11.4,14.4,1,332,11.65,-91,10.5,1088,0,5,267912,
,13.1,15.2,1,331,11.65,-92,10.2,1087,0,5,267612,
,13.4,15.6,358,330,11.65,-91,10.2,1086,0,5,267312,
,12.3,14.5,358,329,11.66,-91,11,1084,0,5,267012,
,11.1,13.9,353,328,11.63,-91,11.2,1083,0,5,266712,
,10.9,13.1,354,327,11.64,-91,11.5,1081,0,5,266412,
,12.1,14.0,359,326,11.65,-90,11,1080,0,5,266112,
,11.8,14.6,4,325,11.66,-91,10.8,1079,0,5,265812,
,13.0,14.6,358,324,11.66,-91,10,1077,0,5,265512,
,15.0,17.6,3,323,11.67,-91,10.8,1076,0,5,265212,
,14.1,16.5,12,322,11.64,-91,11.2,1074,0,5,264913,
,13.3,16.0,3,321,11.64,-91,11,1072,0,5,264612,
,13.3,16.9,357,320,11.66,-91,11,1071,0,5,264312,
,12.5,14.5,1,319,11.67,-92,10.8,1069,0,5,264012,
,13.6,16.8,359,318,11.69,-92,11.5,1067,0,5,263712,
,12.8,14.8,1,317,11.68,-91,11.5,1066,0,5,263412,
,13.7,18.0,0,316,11.70,-91,10.8,1064,0,5,263112,
,13.0,15.2,357,315,11.68,-91,10.8,1062,0,5,262812,
,13.9,16.5,5,314,11.68,-91,10.5,1060,0,5,262512,
,13.3,16.2,353,313,11.71,-91,11.2,1058,0,5,262212,
,11.5,15.2,351,312,11.69,-91,10.5,1057,0,5,261912,
,15.4,18.7,1,311,11.72,-92,10.5,1056,0,5,261612,
,15.4,18.7,1,311,11.72,-92,10.5,1056,0,5,261612,
,13.1,15.9,1,310,11.73,-92,11,1055,0,5,261312,
,14.7,18.0,356,309,11.70,-91,10.2,1054,0,5,261013,
,12.5,16.5,7,308,11.71,-92,10.8,1052,0,5,260712,
,13.6,17.0,8,307,11.73,-91,11.2,1050,0,5,260412,
,14.6,17.7,2,306,11.74,-92,10.5,1049,0,5,260112,
,10.7,13.9,358,305,11.76,-92,10.8,1047,0,5,259812,
,10.3,11.7,10,304,11.77,-91,11.2,1046,0,5,259512,
,10.1,12.0,3,303,11.78,-92,11.5,1045,0,5,259212,
,10.1,11.7,348,302,11.75,-92,10.8,1044,0,5,258913,
,11.5,14.2,1,301,11.76,-92,10.8,1043,0,5,258612,
,11.8,14.8,356,300,11.79,-91,11,1041,0,5,258312,
,8.7,13.0,3,299,11.79,-91,10.5,1040,0,5,258012,
,11.0,14.4,359,298,11.79,-91,11.2,1038,0,5,257712,
,11.9,15.5,1,297,11.78,-91,10,1037,0,5,257412,
,11.9,15.5,1,297,11.78,-91,10,1037,0,5,257412,
,11.6,16.4,356,296,11.76,-91,10.8,1036,0,5,257113,
,14.3,17.9,4,295,11.77,-91,11.5,1034,0,5,256812,
,12.0,15.0,356,294,11.79,-91,11.5,1033,0,5,256512,
,10.7,13.0,357,293,11.81,-91,11,1032,0,5,256212,
,9.1,11.1,5,292,11.82,-92,11.2,1031,0,5,255912,
,10.1,12.0,5,291,11.85,-91,10.5,1029,0,5,255612,
,10.1,11.9,5,290,11.88,-91,10,1028,0,5,255312,
,10.3,12.2,18,289,11.87,-92,11,1027,0,5,255013,
,10.7,13.0,8,288,11.87,-92,10,1025,0,5,254712,
,8.9,11.8,14,287,11.87,-92,10.8,1023,0,5,254412,
,10.7,12.1,18,286,11.85,-91,10.8,1021,0,5,254112,
,9.9,11.4,4,285,11.85,-91,10.2,1019,0,5,253812,
,9.8,12.1,11,284,11.84,-92,11,1018,0,5,253512,
,10.4,12.2,9,283,11.83,-92,11,1016,0,5,253213,
,9.5,11.4,10,282,11.82,-92,10.8,1014,0,5,252912,
,9.4,11.2,19,281,11.85,-93,10.5,1012,0,5,252612,
,10.0,11.3,22,280,11.86,-91,10.5,1010,0,5,252312,
,8.9,10.8,25,279,11.87,-92,11,1009,0,5,252012,
,8.1,11.3,19,278,11.87,-92,11,1008,0,5,251712,
,10.9,12.4,29,277,11.88,-91,10,1006,0,5,251412,
,9.4,11.1,27,276,11.84,-92,10.5,1005,0,5,251113,
,9.8,11.8,10,275,11.81,-92,10.5,1004,0,5,250812,
,10.5,12.1,16,274,11.83,-91,10.2,1003,0,5,250512,
,7.8,10.9,5,273,11.83,-92,10.5,1001,0,5,250212,
,12.9,15.5,26,272,11.83,-92,10.5,999,0,5,249912,
,12.0,15.3,14,271,11.83,-92,10.5,997,0,5,249612,
,11.7,13.5,13,270,11.81,-91,10.2,996,0,5,249313,
,10.9,13.4,16,269,11.82,-91,10.8,994,0,5,249013,
,11.7,13.6,5,268,11.83,-91,10.8,993,0,5,248712,
,12.0,14.5,4,267,11.83,-92,11,992,0,5,248412,
,12.2,13.7,13,266,11.84,-91,10.5,990,0,5,248112,
,12.1,14.6,14,265,11.85,-91,10.2,988,0,5,247812,
,14.0,16.4,18,264,11.88,-91,11.2,987,0,5,247512,
,13.6,15.7,14,263,11.85,-91,11.5,985,0,5,247213,
,11.3,13.5,26,262,11.91,-91,10.8,984,0,5,246912,
,12.9,14.9,16,261,11.91,-92,10.5,983,0,5,246612,
,12.8,15.6,15,260,11.92,-91,11.2,982,0,5,246312,
,13.2,14.7,17,259,11.95,-92,11.2,981,0,5,246012,
,13.5,15.7,19,258,11.94,-91,10.2,980,0,5,245712,
,11.8,13.8,23,257,11.90,-91,10.5,978,0,5,245413,
,13.7,16.0,30,256,11.84,-91,11.2,977,0,5,245113,
,12.8,16.0,20,255,11.85,-92,9.8,976,0,5,244812,
,13.1,16.8,16,254,11.86,-92,10.2,975,0,5,244512,
,13.0,15.0,18,253,11.86,-92,11,973,0,5,244212,
,13.5,16.8,27,252,11.86,-91,11.2,971,0,5,243912,
,13.7,16.5,20,251,11.88,-91,11.5,969,0,5,243612,
,13.0,15.4,16,250,11.87,-91,10.8,967,0,5,243313,
,14.8,17.6,18,249,11.88,-91,10.2,965,0,5,243012,
,13.9,15.6,19,248,11.89,-91,10.5,964,0,5,242712,
,14.6,17.3,23,247,11.87,-91,10.5,963,0,5,242412,
,14.0,17.0,15,246,11.84,-91,11,961,0,5,242112,
,14.4,18.5,9,245,11.86,-92,11,960,0,5,241812,
,15.4,17.9,13,244,11.84,-91,11,959,0,5,241513,
,14.8,16.9,7,243,11.86,-92,10.8,958,0,5,241213,
,15.9,18.0,12,242,11.86,-91,10.2,956,0,5,240912,
,15.6,18.7,13,241,11.87,-91,10.8,955,0,5,240612,
,16.2,18.5,12,240,11.85,-90,10.2,954,0,5,240312,
,16.8,19.7,10,239,11.84,-90,10.8,952,0,5,240012,
,16.8,21.4,15,238,11.85,-91,10.8,951,0,5,239713,
,17.9,20.7,15,237,11.83,-91,11,950,0,5,239413,
,19.5,21.5,15,236,11.82,-90,10.8,948,0,5,239113,
,17.2,22.4,17,235,11.83,-90,10.5,946,0,5,238812,
,18.5,21.0,15,234,11.81,-90,10.5,944,0,5,238512,
,20.0,22.9,16,233,11.77,-91,10.8,943,0,5,238213,
,19.5,22.1,13,232,11.74,-90,10.5,942,0,5,237913,
,18.1,20.7,2,231,11.72,-90,10.2,941,0,5,237613,
,16.8,21.9,7,230,11.72,-91,10.5,940,0,5,237313,
,18.2,22.9,11,229,11.71,-91,10.8,939,0,5,237013,
,19.6,22.6,13,228,11.70,-91,10.8,938,0,5,236713,
,21.2,23.7,13,227,11.66,-91,10.2,937,0,5,236413,
,20.7,24.6,7,226,11.65,-91,10,936,0,5,236113,
,20.4,24.3,6,225,11.66,-90,10.8,934,0,5,235813,
,20.6,25.4,6,224,11.61,-92,11,933,0,5,235513,
,22.2,26.0,3,223,11.60,-90,10.2,932,0,5,235213,
,24.4,28.2,2,222,11.60,-92,10,931,0,5,234913,
,20.6,26.7,2,221,11.62,-91,10.8,929,0,5,234613,
,23.1,25.7,2,220,11.61,-91,10.5,927,0,5,234313,
,21.6,25.1,3,219,11.62,-90,10.5,925,0,5,234013,
,22.6,25.8,355,218,11.59,-91,10.8,923,0,5,233713,
,23.2,27.5,1,217,11.59,-91,10.8,921,0,5,233413,
,19.7,25.6,7,216,11.60,-90,10.5,920,0,5,233113,
,22.1,27.1,7,215,11.61,-91,10.5,918,0,5,232813,
,19.2,24.7,357,214,11.61,-91,10,916,0,5,232513,
,20.6,24.6,354,213,11.60,-91,10.2,915,0,5,232213,
,19.9,25.1,354,212,11.61,-91,10.8,913,0,5,231913,
,22.7,25.6,349,211,11.59,-91,11,912,0,5,231613,
,25.1,28.9,350,210,11.59,-90,10.8,911,0,5,231313,
,21.3,25.5,355,209,11.60,-91,11.2,909,0,5,231013,
,23.3,26.3,353,208,11.61,-91,10.2,907,0,5,230713,
,21.1,24.5,347,207,11.61,-90,10.2,906,0,5,230413,
,20.7,26.7,359,206,11.61,-91,10.2,904,0,5,230113,
,23.4,26.0,358,205,11.59,-90,10.2,902,0,5,229813,
,23.7,28.7,357,204,11.59,-90,10,900,0,5,229513,
,22.1,26.9,354,203,11.60,-91,10,898,0,5,229213,
,23.5,27.6,352,202,11.61,-90,10.2,897,0,5,228913,
,21.4,26.2,359,201,11.60,-91,10.5,895,0,5,228613,
,22.6,28.5,354,200,11.61,-91,11.5,893,0,5,228313,
,22.1,26.8,354,199,11.61,-91,11,892,0,5,228013,
,22.8,26.0,359,198,11.60,-92,10.8,891,0,5,227713,
,23.9,28.6,354,197,11.60,-90,10.5,889,0,5,227413,
,22.6,27.3,352,196,11.61,-91,10.8,887,0,5,227113,
,21.3,28.8,357,195,11.62,-91,11,886,0,5,226813,
,23.9,28.0,351,194,11.61,-91,10.8,884,0,5,226513,
,21.7,27.3,354,193,11.62,-91,10.2,882,0,5,226213,
,25.0,30.7,350,192,11.59,-90,9.8,880,0,5,225913,
,26.4,30.4,350,191,11.59,-91,10.5,879,0,5,225613,
,24.8,29.0,350,190,11.61,-91,10.2,878,0,5,225313,
,21.8,25.6,349,189,11.62,-93,10.5,876,0,5,225013,
,23.6,29.1,345,188,11.62,-91,10.2,874,0,5,224713,
,24.3,27.8,341,187,11.63,-91,11,872,0,5,224413,
,25.7,32.3,344,186,11.64,-91,10.2,871,0,5,224113,
,28.9,34.7,328,185,11.64,-91,10.8,869,0,5,223813,
,20.2,25.5,233,184,11.64,-90,10.8,868,0,5,223513,
,19.4,22.8,232,183,11.66,-91,11.5,866,0,5,223213,
,19.3,25.3,231,182,11.67,-91,10.2,864,0,5,222913,
,22.4,24.9,227,181,11.66,-91,11,863,0,5,222613,
,20.2,26.1,227,180,11.67,-91,10,861,0,5,222313,
,21.3,26.4,228,179,11.64,-92,10.5,860,0,5,222013,
,19.9,25.3,229,178,11.64,-91,9.8,859,0,5,221713,
,19.1,21.9,226,177,11.65,-91,10.2,858,0,5,221413,
,19.0,23.8,223,176,11.66,-91,11,856,0,5,221113,
,21.5,27.3,225,175,11.66,-91,10.2,855,0,5,220813,
,21.6,27.4,225,174,11.66,-93,10,854,0,5,220513,
,21.7,25.7,226,173,11.67,-91,11.5,853,0,5,220213,
,20.9,27.6,229,172,11.65,-92,10.5,851,0,5,219913,
,23.0,26.1,229,171,11.64,-92,10.5,850,0,5,219613,
,23.4,29.5,228,170,11.66,-91,10.5,848,0,5,219313,
,18.3,22.9,225,169,11.66,-92,10.2,847,0,5,219013,
,16.8,21.9,227,168,11.67,-92,10,846,0,5,218713,
,19.8,24.0,232,167,11.66,-91,10.5,845,0,5,218413,
,17.3,20.5,231,166,11.64,-91,10.5,843,0,5,218113,
,19.5,24.8,230,165,11.64,-92,10.8,842,0,5,217813,
,21.2,27.6,228,164,11.65,-91,10.5,840,0,5,217513,
,23.1,28.0,230,163,11.65,-92,10.5,838,0,5,217213,
,20.8,26.0,229,162,11.66,-90,10.8,836,0,5,216913,
,19.6,23.9,227,161,11.66,-91,9,835,0,5,216613,
,21.2,26.6,226,160,11.66,-91,10.5,834,0,5,216313,
,20.7,24.7,226,159,11.64,-91,10,833,0,5,216013,
,21.5,25.4,223,158,11.64,-91,10.5,831,0,5,215713,
,19.2,26.2,230,157,11.66,-92,10.5,829,0,5,215413,
,19.6,26.3,231,156,11.66,-92,11,828,0,5,215113,
,20.4,23.8,230,155,11.66,-91,10.8,827,0,5,214813,
,21.5,28.2,226,154,11.66,-93,10.2,826,0,5,214513,
,21.6,26.7,221,153,11.64,-91,11.2,825,0,5,214213,
,20.3,23.4,220,152,11.64,-91,11.5,824,0,5,213913,
,20.4,23.6,220,151,11.65,-91,10.5,822,0,5,213613,
,18.7,26.7,220,150,11.65,-93,10.2,821,0,5,213313,
,21.7,25.5,215,149,11.66,-91,11,819,0,5,213013,
,20.5,29.6,219,148,11.66,-91,11,817,0,5,212713,
,21.7,28.6,228,147,11.66,-92,11,815,0,5,212413,
,22.5,28.6,228,146,11.64,-91,11.5,813,0,5,212113,
,23.7,29.7,227,145,11.64,-91,11,811,0,5,211813,
,22.2,25.6,228,144,11.66,-91,10.8,809,0,5,211513,
,22.6,27.2,230,143,11.66,-92,11.2,808,0,5,211213,
,22.7,27.5,227,142,11.66,-90,11,807,0,5,210913,
,20.7,27.7,227,141,11.66,-92,10.8,806,0,5,210613,
,19.3,22.7,229,140,11.66,-92,11,804,0,5,210313,
,18.1,27.2,229,139,11.64,-91,10.2,803,0,5,210013,
,23.0,26.4,229,138,11.64,-91,10.8,802,0,5,209713,
,19.6,23.4,230,137,11.65,-91,10.8,801,0,5,209413,
,21.4,26.0,230,136,11.66,-91,10.8,799,0,5,209113,
,21.1,25.8,230,135,11.66,-91,10.5,797,0,5,208813,
,19.8,26.2,228,134,11.66,-92,10.8,795,0,5,208513,
,21.2,24.8,229,133,11.64,-91,10.2,794,0,5,208213,
,23.1,28.5,226,132,11.64,-91,11,792,0,5,207913,
,22.1,25.7,228,131,11.65,-91,10.5,790,0,5,207613,
,21.8,26.0,228,130,11.66,-91,10.5,788,0,5,207313,
,20.5,27.8,225,129,11.66,-91,11,786,0,5,207013,
,23.4,28.5,225,128,11.66,-91,10.5,784,0,5,206713,
,21.9,26.0,221,127,11.66,-90,10.5,782,0,5,206413,
,22.8,28.3,221,126,11.64,-91,11.2,780,0,5,206113,
,19.3,25.5,222,125,11.64,-91,10.5,779,0,5,205813,
,23.2,27.6,223,124,11.66,-91,11.5,777,0,5,205513,
,20.3,25.0,222,123,11.65,-91,11.5,775,0,5,205213,
,20.2,24.3,221,122,11.66,-91,10.8,773,0,5,204913,
,19.9,24.4,222,121,11.66,-91,10,771,0,5,204613,
,20.1,25.1,224,120,11.64,-92,10.5,769,0,5,204313,
,23.1,27.0,225,119,11.63,-92,10.8,768,0,5,204013,
,22.2,27.0,221,118,11.65,-91,11,766,0,5,203713,
,21.5,25.3,222,117,11.65,-91,10.5,764,0,5,203413,
,22.0,28.3,225,116,11.65,-91,11.2,762,0,5,203113,
,21.8,28.1,221,115,11.65,-91,10.8,761,0,5,202813,
,22.0,25.5,220,114,11.65,-92,10.2,760,0,5,202513,
,20.5,25.0,221,113,11.64,-91,11.2,759,0,5,202213,
,21.4,26.6,223,112,11.64,-91,10,757,0,5,201913,
,22.1,26.7,221,111,11.65,-91,10.2,755,0,5,201613,
,22.4,28.9,223,110,11.66,-91,10.2,753,0,5,201313,
,20.3,25.8,221,109,11.66,-92,10.8,752,0,5,201013,
,20.3,28.0,221,108,11.66,-92,11,750,0,5,200713,
,23.9,30.0,218,107,11.64,-90,11,749,0,5,200413,
,22.0,26.1,219,106,11.63,-91,10.5,747,0,5,200113,
,23.2,29.6,221,105,11.65,-91,11,745,0,5,199813,
,25.7,31.1,217,104,11.66,-91,11.2,743,0,5,199513,
,19.9,24.5,217,103,11.65,-90,8.8,741,0,5,199213,
,20.6,28.2,218,102,11.66,-91,11,740,0,5,198913,
,23.9,28.2,219,101,11.65,-91,10.2,739,0,5,198613,
,19.7,23.1,215,100,11.63,-91,10,737,0,5,198313,
,18.2,23.9,215,99,11.64,-91,11.2,735,0,5,198013,
,18.1,24.6,213,98,11.65,-91,10.5,733,0,5,197713,
,19.6,22.9,214,97,11.65,-92,11,732,0,5,197413,
,17.8,23.0,217,96,11.65,-91,10.8,730,0,5,197113,
,17.2,22.7,216,95,11.65,-92,10.8,728,0,5,196813,
,18.2,22.0,216,94,11.63,-92,10,726,0,5,196513,
,19.9,24.5,215,93,11.63,-90,10.2,724,0,5,196213,
,19.9,23.3,214,92,11.64,-92,10.8,723,0,5,195913,
,19.0,23.4,212,91,11.65,-91,10.8,721,0,5,195613,
,18.2,21.5,213,90,11.65,-90,10.2,720,0,5,195313,
,18.1,22.1,214,89,11.65,-91,10,718,0,5,195013,
,18.2,22.0,217,88,11.66,-91,10.5,717,0,5,194713,
,18.7,23.3,217,87,11.64,-91,10.8,715,0,5,194413,
,18.6,22.3,211,86,11.64,-92,10.5,713,0,5,194113,
,20.1,23.9,217,85,11.65,-91,9.8,711,0,5,193813,
,17.5,21.1,215,84,11.65,-91,10.2,709,0,5,193513,
,17.1,20.9,218,83,11.66,-91,11,708,0,5,193213,
,19.0,22.2,217,82,11.65,-91,10.5,707,0,5,192913,
,18.7,22.6,219,81,11.63,-91,10.8,705,0,5,192613,
,19.1,23.4,220,80,11.64,-91,10.5,704,0,5,192313,
,19.9,24.3,221,79,11.64,-91,10,703,0,5,192013,
,19.3,21.8,222,78,11.66,-90,10,701,0,5,191713,
,20.1,25.4,220,77,11.66,-92,10.5,699,0,5,191413,
,20.5,24.5,218,76,11.65,-90,10.2,697,0,5,191113,
,21.1,25.0,220,75,11.66,-91,10.2,695,0,5,190813,
,19.3,22.3,214,74,11.64,-91,10.8,694,0,5,190513,
,21.4,24.3,215,73,11.64,-91,10,692,0,5,190213,
,18.4,20.5,218,72,11.65,-90,10,691,0,5,189913,
,17.0,20.4,218,71,11.66,-90,10,689,0,5,189613,
,18.4,23.2,215,70,11.66,-91,10.5,688,0,5,189313,
,17.0,19.4,216,69,11.66,-92,10.5,687,0,5,189013,
,16.1,20.8,213,68,11.65,-91,10.8,685,0,5,188713,
,18.8,21.8,213,67,11.64,-91,10.2,683,0,5,188413,
,17.6,22.4,214,66,11.65,-91,10.2,681,0,5,188113,
,17.9,21.2,216,65,11.66,-91,11.2,679,0,5,187813,
,18.1,21.3,218,64,11.67,-91,11.5,677,0,5,187513,
,16.7,21.2,221,63,11.67,-90,10.2,675,0,5,187213,
,19.4,23.8,212,62,11.67,-91,11.2,673,0,5,186913,
,19.7,23.5,216,61,11.65,-90,10.5,671,0,5,186613,
,19.2,21.9,217,60,11.64,-91,10.8,670,0,5,186313,
,20.8,23.5,220,59,11.67,-91,10.5,668,0,5,186013,
,19.7,22.1,222,58,11.67,-91,10.8,666,0,5,185713,
,16.4,24.5,223,57,11.67,-91,10.8,664,0,5,185413,
,17.8,20.3,227,56,11.67,-90,10.2,663,0,5,185113,
,18.5,22.0,224,55,11.65,-92,11,661,0,5,184813,
,18.0,21.3,224,54,11.64,-91,10.5,659,0,5,184513,
,18.1,21.2,223,53,11.65,-91,11,657,0,5,184213,
,18.0,23.9,228,52,11.66,-91,11,655,0,5,183913,
,19.9,23.6,232,51,11.67,-91,10.8,653,0,5,183613,
,15.9,22.0,225,50,11.67,-91,10.5,651,0,5,183313,
,16.7,23.8,224,49,11.68,-91,10.8,649,0,5,183013,
,19.0,26.6,228,48,11.66,-92,11,648,0,5,182713,
,22.1,26.0,216,47,11.66,-91,10.8,646,0,5,182413,
,21.0,24.8,217,46,11.67,-91,10.5,644,0,5,182113,
,18.3,22.7,221,45,11.69,-91,10.8,642,0,5,181813,
,19.7,23.8,227,44,11.70,-91,10.8,640,0,5,181513,
,19.9,24.6,230,43,11.69,-91,11.2,638,0,5,181213,
,21.0,29.1,231,42,11.71,-91,10.2,636,0,5,180913,
,20.5,26.1,229,41,11.66,-91,11,635,0,5,180613,
,21.3,24.1,228,40,11.66,-92,10.2,633,0,5,180313,
,20.6,26.3,227,39,11.70,-92,11.2,631,0,5,180013,
,20.2,26.5,229,38,11.70,-91,10.8,630,0,5,179713,
,19.5,24.4,227,37,11.71,-91,11,629,0,5,179413,
,20.6,23.9,227,36,11.71,-91,10,627,0,5,179113,
,17.4,21.0,221,35,11.68,-92,11,626,0,5,178813,
,14.1,20.8,220,34,11.70,-91,11,624,0,5,178513,
,17.0,19.3,215,33,11.72,-92,11.2,622,0,5,178213,
,17.5,20.6,218,32,11.72,-92,10.5,620,0,5,177913,
,17.4,22.5,216,31,11.73,-91,11.2,618,0,5,177613,
,17.6,20.1,215,30,11.74,-91,10.8,616,0,5,177313,
,16.0,22.0,218,29,11.74,-92,10.8,614,0,5,177013,
,16.5,19.5,220,28,11.71,-92,10.8,612,0,5,176713,
,16.2,22.0,222,27,11.72,-92,10.2,610,0,5,176413,
,15.4,17.8,223,26,11.74,-91,10.5,608,0,5,176113,
,13.5,16.9,233,25,11.74,-91,10.2,606,0,5,175813,
,15.3,19.1,224,24,11.75,-91,10.5,604,0,5,175513,
,15.3,18.6,226,23,11.75,-92,11,602,0,5,175213,
,11.9,13.9,226,22,11.73,-92,10.8,600,0,5,174913,
,13.4,17.0,229,21,11.72,-92,11,598,0,5,174613,
,13.9,17.5,235,20,11.74,-92,10.8,597,0,5,174313,
,13.7,16.8,230,19,11.75,-91,10,595,0,5,174013,
,12.4,17.9,226,18,11.76,-91,10.2,593,0,5,173713,
,16.3,18.7,226,17,11.76,-91,10.8,591,0,5,173413,
,18.0,22.7,229,16,11.76,-92,10.8,590,0,5,173113,
,17.7,23.9,226,15,11.74,-93,10.5,588,0,5,172813,
,16.3,19.9,233,14,11.73,-92,10.8,586,0,5,172513,
,15.6,19.6,230,13,11.74,-92,11,584,0,5,172213,
,14.2,16.7,226,12,11.74,-91,11,582,0,5,171913,
,15.0,16.9,221,11,11.74,-93,10.8,580,0,5,171613,
,14.8,18.2,224,10,11.71,-92,10.5,578,0,5,171313,
,17.0,19.7,222,9,11.70,-92,11,576,0,5,171013,
,15.1,20.9,207,8,11.71,-92,11,574,0,5,170713,
,13.0,17.6,203,7,11.70,-92,10.8,572,0,5,170413,
,10.8,13.2,198,6,11.73,-92,11,570,0,5,170113,
,9.4,10.8,196,5,11.72,-92,9.2,568,0,5,169813,
,8.5,10.0,200,4,11.77,-91,10.8,566,0,5,169513,
,9.8,12.1,206,3,11.70,-92,10.8,564,0,5,169213,
,11.0,13.9,201,2,11.75,-92,11,562,0,5,168913,
,11.2,14.1,199,1,11.68,-92,10.8,560,0,5,168613,
,11.2,14.1,201,0,11.65,-91,10.5,558,0,5,168313,
,5.0,6.7,55,243,11.64,-93,10.2,556,0,5,152919,
,4.9,7.3,57,242,11.66,-92,10.5,554,0,5,152619,
,3.1,6.9,64,241,11.66,-92,10.2,553,0,5,152319,
,7.2,10.1,59,240,11.66,-92,10.5,551,0,5,152019,
,7.0,9.6,57,239,11.66,-92,11,549,0,5,151719,
,2.6,10.3,61,238,11.66,-93,10.2,547,0,5,151419,
,4.6,9.2,62,237,11.64,-93,10.5,545,0,5,151119,
,4.6,8.1,57,236,11.64,-92,10.5,543,0,5,150819,
,5.9,7.2,54,235,11.65,-92,10.8,541,0,5,150519,
,5.9,7.3,51,234,11.66,-92,10.8,539,0,5,150219,
,3.8,6.3,55,233,11.66,-92,10.8,537,0,5,149919,
,3.2,5.5,54,232,11.65,-92,10.5,535,0,5,149619,
,1.8,3.6,57,231,11.63,-92,10.8,533,0,5,149319,
,1.2,3.5,64,230,11.63,-93,10.2,532,0,5,149019,
,1.5,6.6,62,229,11.63,-92,10.5,531,0,5,148719,
,3.4,6.1,36,228,11.65,-92,10.5,529,0,5,148419,
,2.5,6.4,42,227,11.65,-92,10.5,527,0,5,148119,
,3.2,6.5,38,226,11.65,-92,10.2,525,0,5,147819,
,2.7,6.8,35,225,11.65,-92,10.2,523,0,5,147519,
,2.7,8.4,52,224,11.63,-92,10.2,521,0,5,147219,
,7.3,9.9,54,223,11.63,-92,10.5,520,0,5,146919,
,6.9,10.0,57,222,11.64,-93,10.5,518,0,5,146619,
,2.2,5.5,52,221,11.65,-92,10.8,516,0,5,146319,
,3.6,10.7,46,220,11.65,-92,10.5,514,0,5,146019,
,4.5,7.5,20,219,11.65,-92,10,512,0,5,145719,
,3.3,6.9,35,218,11.65,-92,10.2,510,0,5,145419,
,2.5,4.8,37,217,11.63,-92,10.5,508,0,5,145119,
,3.1,9.2,31,216,11.62,-92,10.5,506,0,5,144819,
,3.6,7.3,25,215,11.63,-92,10.8,504,0,5,144519,
,4.4,7.9,41,214,11.63,-92,10.8,502,0,5,144219,
,4.3,7.2,29,213,11.62,-92,10.5,500,0,5,143919,
,3.3,7.2,20,212,11.62,-91,10.2,498,0,5,143619,
,1.8,3.0,19,211,11.60,-92,10.5,497,0,5,143319,
,1.7,4.2,320,210,11.60,-92,10.5,495,0,5,143019,
,1.4,2.4,296,209,11.61,-91,10.2,493,0,5,142719,
,2.0,2.9,270,208,11.61,-92,10,491,0,5,142419,
,2.6,3.2,256,207,11.61,-91,10.8,489,0,5,142119,
,1.6,2.2,223,206,11.62,-91,10.5,487,0,5,141819,
,1.9,2.0,225,205,11.62,-92,10.2,486,0,5,141519,
,2.4,3.1,248,204,11.60,-92,10.2,484,0,5,141219,
,1.7,1.9,221,203,11.60,-92,10.5,482,0,5,140919,
,1.3,2.6,224,202,11.61,-92,11,480,0,5,140619,
,0.9,1.8,193,201,11.62,-91,10.8,478,0,5,140319,
,1.6,2.0,217,200,11.62,-92,11.2,476,0,5,140019,
,0.7,1.1,202,199,11.62,-91,10.2,474,0,5,139719,
,0.4,1.4,284,198,11.60,-91,10.8,472,0,5,139419,
,1.2,3.1,281,197,11.60,-92,11,471,0,5,139119,
,1.7,3.1,261,196,11.61,-91,11,469,0,5,138819,
,1.3,2.3,262,195,11.61,-92,10.8,467,0,5,138519,
,2.5,4.6,301,194,11.61,-92,11,465,0,5,138219,
,4.4,4.9,301,193,11.62,-92,10.5,463,0,5,137919,
,2.4,3.1,309,192,11.61,-92,11,461,0,5,137619,
,1.9,2.4,300,191,11.60,-92,10.8,459,0,5,137319,
,1.5,2.8,292,190,11.60,-92,10.8,457,0,5,137019,
,1.2,2.7,304,189,11.62,-92,11,455,0,5,136719,
,1.5,2.3,280,188,11.62,-92,10.5,453,0,5,136419,
,2.7,3.4,301,187,11.63,-93,10.8,451,0,5,136119,
,1.8,2.3,299,186,11.61,-93,10.5,449,0,5,135819,
,1.8,2.3,263,185,11.60,-93,10.2,447,0,5,135519,
,1.1,1.4,259,184,11.60,-93,10.5,445,0,5,135219,
,1.5,3.2,251,183,11.61,-92,10.5,443,0,5,134919,
,3.2,4.6,268,182,11.61,-93,10.5,441,0,5,134619,
,4.1,5.0,263,181,11.62,-92,10.5,439,0,5,134319,
,2.9,3.2,227,180,11.61,-92,10.8,438,0,5,134019,
,2.4,2.6,228,179,11.62,-93,10.5,436,0,5,133719,
,2.1,2.7,214,178,11.60,-93,10.5,434,0,5,133419,
,2.5,3.4,205,177,11.60,-92,10,432,0,5,133119,
,3.0,3.3,199,176,11.62,-93,10.8,430,0,5,132819,
,3.0,3.3,185,175,11.62,-93,10.2,428,0,5,132519,
,3.0,3.1,187,174,11.62,-92,10.8,427,0,5,132219,
,2.9,3.6,190,173,11.63,-92,10.2,425,0,5,131919,
,3.5,3.7,196,172,11.60,-93,10.8,423,0,5,131619,
,3.3,3.5,190,171,11.60,-93,10,421,0,5,131319,
,3.3,3.6,197,170,11.61,-93,10.2,419,0,5,131019,
,2.6,3.3,217,169,11.62,-92,10.8,417,0,5,130719,
,2.6,2.8,219,168,11.62,-93,10.5,416,0,5,130419,
,2.4,2.5,216,167,11.61,-93,10.5,414,0,5,130119,
,2.2,3.3,238,166,11.61,-92,10.8,412,0,5,129819,
,3.4,3.7,238,165,11.60,-93,10.2,411,0,5,129519,
,0.7,1.6,3,164,11.59,-93,10,409,0,5,129219,
,1.2,2.9,178,163,11.61,-93,10.5,407,0,5,128919,
,2.0,2.3,223,162,11.60,-93,10.2,405,0,5,128619,
,1.3,1.9,240,161,11.62,-92,10.2,403,0,5,128319,
,0.5,1.2,301,160,11.62,-92,9.5,401,0,5,128019,
,0.9,1.7,54,159,11.60,-92,10.5,400,0,5,127719,
,0.9,2.1,43,158,11.59,-93,10.8,398,0,5,127419,
,0.9,2.1,20,157,11.60,-93,10.5,396,0,5,127119,
,1.5,2.5,7,156,11.61,-93,10.8,394,0,5,126819,
,0.8,1.5,29,155,11.62,-93,10,393,0,5,126519,
,0.8,2.3,349,154,11.62,-92,10.5,391,0,5,126219,
,1.9,3.1,310,153,11.62,-91,10.2,389,0,5,125919,
,3.2,4.1,256,152,11.60,-92,10.2,387,0,5,125619,
,3.7,5.5,274,151,11.60,-92,10.8,385,0,5,125319,
,4.1,5.2,266,150,11.62,-92,10.8,383,0,5,125019,
,4.4,5.6,259,149,11.63,-92,11,381,0,5,124719,
,4.8,7.8,281,148,11.63,-92,11,379,0,5,124419,
,7.0,8.7,293,147,11.63,-92,10.8,378,0,5,124119,
,3.1,8.6,213,146,11.61,-93,10.5,377,0,5,123819,
,6.7,11.1,304,145,11.61,-92,10.5,375,0,5,123519,
,8.2,11.4,311,144,11.62,-92,10.5,373,0,5,123219,
,8.5,10.4,304,143,11.62,-92,11,371,0,5,122919,
,6.1,9.1,317,142,11.63,-92,10.5,369,0,5,122619,
,7.2,9.2,332,141,11.63,-93,10.2,367,0,5,122319,
,2.8,4.1,231,140,11.63,-93,9.5,365,0,5,122019,
,2.6,4.0,217,139,11.61,-93,10.2,363,0,5,121719,
,1.2,3.1,236,138,11.61,-93,10,361,0,5,121419,
,1.7,3.0,168,137,11.63,-93,10.2,359,0,5,121119,
,2.9,4.3,161,136,11.62,-93,10,357,0,5,120819,
,2.0,3.5,185,135,11.62,-93,10,355,0,5,120519,
,2.9,5.0,295,134,11.63,-93,10,353,0,5,120219,
,3.4,5.0,329,133,11.62,-93,10.2,351,0,5,119919,
,1.5,2.5,336,132,11.62,-92,9.8,349,0,5,119619,
,1.7,2.3,6,131,11.62,-92,10.2,347,0,5,119319,
,1.0,2.3,332,130,11.64,-93,10.2,346,0,5,119019,
,1.2,1.8,284,129,11.63,-93,10.5,344,0,5,118719,
,1.1,1.4,302,128,11.63,-93,10.2,342,0,5,118419,
,1.0,1.5,344,127,11.64,-93,10.2,340,0,5,118119,
,1.4,3.1,355,126,11.62,-93,10.2,338,0,5,117819,
,2.7,4.5,319,125,11.62,-92,10.2,336,0,5,117519,
,4.7,8.2,325,124,11.64,-92,10.5,334,0,5,117219,
,3.1,6.6,37,123,11.64,-93,10,332,0,5,116919,
,2.7,6.3,44,122,11.64,-92,10.2,330,0,5,116619,
,3.6,7.4,30,121,11.66,-92,10.5,328,0,5,116319,
,2.7,6.0,50,120,11.61,-92,10.5,326,0,5,116019,
,2.7,4.7,58,119,11.62,-93,10.5,324,0,5,115719,
,2.5,4.9,61,118,11.63,-93,10.2,322,0,5,115419,
,4.0,7.3,15,117,11.63,-92,10.5,320,0,5,115119,
,6.0,8.7,355,116,11.63,-93,10.5,318,0,5,114819,
,4.1,5.8,344,115,11.64,-92,10.5,316,0,5,114519,
,4.3,7.6,328,114,11.64,-93,10.5,314,0,5,114219,
,3.4,5.1,329,113,11.62,-92,11,312,0,5,113919,
,3.4,5.0,328,112,11.62,-93,10.5,310,0,5,113619,
,3.4,4.4,339,111,11.64,-92,10.5,308,0,5,113319,
,3.2,3.8,1,110,11.64,-93,10.5,306,0,5,113019,
,4.1,6.8,10,109,11.64,-92,10.2,304,0,5,112719,
,2.5,4.9,35,108,11.64,-92,10.5,302,0,5,112419,
,2.1,3.6,37,107,11.62,-93,10.2,300,0,5,112119,
,1.3,4.0,49,106,11.61,-93,10.2,298,0,5,111819,
,3.3,6.1,59,105,11.62,-93,10.5,297,0,5,111519,
,3.1,5.8,58,104,11.63,-93,10.5,295,0,5,111219,
,3.0,6.1,60,103,11.64,-93,10.5,293,0,5,110919,
,4.1,6.4,26,102,11.64,-92,10.8,291,0,5,110619,
,3.1,3.9,336,101,11.64,-93,10.2,289,0,5,110319,
,3.1,3.7,345,100,11.62,-92,10.5,287,0,5,110019,
,3.9,5.5,348,99,11.62,-92,10.5,285,0,5,109719,
,3.3,8.1,18,98,11.64,-92,10.2,283,0,5,109419,
,4.8,7.0,359,97,11.64,-92,10.8,281,0,5,109119,
,6.3,8.3,353,96,11.64,-92,10.8,279,0,5,108819,
,5.6,7.1,348,95,11.63,-92,10.8,277,0,5,108519,
,5.1,7.1,340,94,11.61,-92,11,275,0,5,108219,
,7.0,9.2,350,93,11.61,-93,10.8,273,0,5,107919,
,6.9,9.3,333,92,11.62,-92,10,271,0,5,107619,
,6.9,9.4,331,91,11.64,-93,10.8,269,0,5,107319,
,4.6,6.6,321,90,11.63,-92,10.5,267,0,5,107019,
,3.9,6.4,317,89,11.63,-91,10.5,265,0,5,106719,
,5.4,6.8,308,88,11.63,-92,11,263,0,5,106419,
,5.7,7.8,304,87,11.62,-92,10.5,261,0,5,106119,
,5.8,7.1,298,86,11.62,-92,10.2,259,0,5,105819,
,6.6,7.9,292,85,11.61,-92,10.2,257,0,5,105519,
,6.5,9.8,294,84,11.64,-92,10.8,255,0,5,105219,
,9.2,12.3,297,83,11.62,-92,10.8,253,0,5,104919,
,8.2,10.7,299,82,11.63,-92,10.8,251,0,5,104619,
,5.8,8.4,315,81,11.61,-93,10.5,250,0,5,104319,
,4.8,8.8,313,80,11.61,-92,10.5,249,0,5,104019,
,4.8,7.7,315,79,11.62,-92,10.5,247,0,5,103719,
,4.5,6.0,310,78,11.63,-92,10.5,246,0,5,103419,
,3.5,5.8,328,77,11.63,-91,10.5,244,0,5,103119,
,3.6,5.4,318,76,11.62,-92,10.5,242,0,5,102819,
,3.7,6.0,323,75,11.63,-91,9.8,240,0,5,102519,
,4.3,7.2,330,74,11.61,-91,10.2,238,0,5,102219,
,5.6,8.2,317,73,11.60,-92,10.5,236,0,5,101919,
,5.6,9.7,316,72,11.63,-92,10.5,235,0,5,101619,
,6.0,8.0,306,71,11.63,-92,10.8,233,0,5,101319,
,4.1,5.8,311,70,11.63,-91,10,231,0,5,101019,
,3.8,6.0,312,69,11.64,-91,10.2,229,0,5,100719,
,2.6,7.1,336,68,11.61,-92,10.5,227,0,5,100420,
,3.9,5.5,309,67,11.62,-92,10.5,225,0,5,100119,
,4.2,5.9,307,66,11.62,-92,10.5,223,0,5,99819,
,5.5,6.8,269,65,11.63,-91,10.5,221,0,5,99519,
,3.4,5.0,282,64,11.62,-92,10.5,219,0,5,99219,
,4.2,5.1,279,63,11.63,-92,10.5,217,0,5,98919,
,4.4,5.9,301,62,11.63,-92,10.5,215,0,5,98619,
,3.8,4.7,292,61,11.60,-92,10.5,213,0,5,98319,
,4.0,5.2,278,60,11.61,-91,10.8,211,0,5,98019,
,3.6,4.4,290,59,11.63,-92,10.2,209,0,5,97719,
,4.8,5.6,246,58,11.62,-92,10.8,207,0,5,97419,
,4.2,6.2,257,57,11.63,-92,10.8,205,0,5,97119,
,3.8,5.1,250,56,11.62,-92,10.5,203,0,5,96819,
,2.0,3.3,309,55,11.60,-92,10.5,202,0,5,96520,
,3.0,4.3,321,54,11.61,-92,10.2,200,0,5,96219,
,3.3,5.7,311,53,11.59,-91,10.5,198,0,5,95919,
,3.4,4.5,311,52,11.61,-91,10.5,196,0,5,95619,
,4.3,5.8,304,51,11.63,-92,10.2,195,0,5,95319,
,4.1,6.3,308,50,11.63,-92,10.2,193,0,5,95019,
,3.9,5.3,301,49,11.63,-92,10.2,191,0,5,94719,
,4.1,6.2,264,48,11.62,-92,10.2,189,0,5,94420,
,4.2,5.5,268,47,11.62,-93,10.5,187,0,5,94119,
,3.7,5.5,289,46,11.63,-92,10.5,185,0,5,93819,
,3.6,5.7,307,45,11.64,-92,10.5,183,0,5,93519,
,4.4,8.0,317,44,11.64,-92,10.5,181,0,5,93219,
,5.0,6.7,328,43,11.62,-91,10.2,179,0,5,92919,
,3.3,4.7,322,42,11.60,-92,10.2,177,0,5,92620,
,4.9,7.5,310,41,11.60,-92,10.2,175,0,5,92319,
,5.4,7.6,299,40,11.60,-93,10.5,173,0,5,92019,
,4.4,5.5,305,39,11.62,-92,10.5,171,0,5,91719,
,5.8,7.4,294,38,11.62,-92,10.5,169,0,5,91419,
,5.5,9.2,304,37,11.62,-92,10.2,168,0,5,91119,
,4.3,6.2,311,36,11.64,-93,10.2,166,0,5,90819,
,3.7,5.4,308,35,11.62,-92,10.2,164,0,5,90520,
,4.0,6.2,307,34,11.61,-92,10.2,162,0,5,90219,
,4.4,6.6,310,33,11.64,-91,10.2,160,0,5,89919,
,5.1,8.3,307,32,11.61,-92,10.5,158,0,5,89619,
,5.0,7.8,305,31,11.66,-92,10.8,156,0,5,89319,
,6.1,6.7,300,30,11.66,-93,10.2,155,0,5,89019,
,6.5,9.2,298,29,11.64,-93,10.5,153,0,5,88720,
,8.3,10.4,285,28,11.65,-92,10.5,151,0,5,88420,
,6.7,9.3,262,27,11.65,-93,10.5,149,0,5,88119,
,7.2,10.2,269,26,11.67,-92,10.5,147,0,5,87819,
,6.6,9.0,267,25,11.68,-92,10.8,146,0,5,87519,
,5.2,6.6,282,24,11.68,-92,10.8,144,0,5,87219,
,5.2,7.7,285,23,11.69,-92,10.2,143,0,5,86919,
,6.7,9.0,296,22,11.66,-93,10.2,142,0,5,86620,
,6.7,9.0,294,21,11.67,-92,10.2,140,0,5,86319,
,7.0,10.8,284,20,11.69,-92,10.5,139,0,5,86019,
,5.4,7.4,256,19,11.71,-91,10.8,137,0,5,85719,
,5.0,7.4,259,18,11.71,-92,10.5,135,0,5,85419,
,2.8,7.0,281,17,11.72,-93,10.2,134,0,5,85119,
,8.4,10.7,240,16,11.73,-93,10.2,133,0,5,84819,
,5.9,7.6,290,15,11.72,-92,10.5,131,0,5,84520,
,5.3,6.6,302,14,11.73,-93,10,130,0,5,84219,
,6.3,8.8,305,13,11.66,-92,10.5,128,0,5,83919,
,6.7,10.1,300,12,11.67,-92,10.5,126,0,5,83619,
,8.9,10.9,289,11,11.65,-92,10.5,125,0,5,83319,
,4.9,6.4,280,10,11.63,-93,9.8,123,0,5,83019,
,4.5,9.1,244,9,11.60,-93,10.2,122,0,5,82720,
,7.6,9.6,265,8,11.80,-93,10.2,121,0,5,82419,
,3.9,6.6,243,7,11.83,-92,9.5,119,0,5,82119,
,2.2,4.3,302,6,11.85,-92,10.5,117,0,5,81819,
,3.8,5.4,243,5,11.80,-92,10.5,116,0,5,81519,
,2.4,4.0,250,4,11.84,-93,10.2,115,0,5,81219,
,19.6,22.1,69,27,0.05,-124,-9.5,106,0,1,75874,
,19.3,21.7,71,26,0.06,-125,-10.2,104,0,1,75844,
,19.8,22.3,69,25,0.05,-125,-10,103,0,1,75814,
,20.8,25.9,69,24,0.05,-125,-10.2,101,0,1,75784,
,19.1,20.7,69,23,0.06,-124,-9.5,99,0,1,75754,
,21.3,27.0,71,22,0.06,-124,-10.2,97,0,1,75724,
,19.5,25.4,68,21,0.06,-124,-9.8,95,0,1,75694,
,19.1,21.9,70,20,0.06,-124,-10.8,93,0,1,75664,
,21.5,29.2,70,19,0.06,-124,-9.8,91,0,1,75634,
,19.7,22.1,69,18,0.06,-124,-9,89,0,1,75604,
,20.5,26.6,71,17,0.06,-124,-9.5,87,0,1,75574,
,19.3,22.7,71,16,0.06,-124,-9.5,85,0,1,75544,
,19.4,22.3,70,15,0.06,-124,-9.8,83,0,1,75514,
,19.1,20.6,70,14,0.06,-124,-9.5,81,0,1,75484,
,19.5,23.3,70,13,0.05,-124,-9.2,79,0,1,75454,
,20.1,24.7,69,12,0.05,-124,-9.5,77,0,1,75424,
,19.2,21.1,70,11,0.06,-125,-10.2,75,0,1,75394,
,19.9,24.4,71,10,0.05,-124,-9.5,73,0,1,75364,
,19.6,23.9,69,9,0.06,-124,-10.5,71,0,1,75334,
,20.7,25.3,71,8,0.06,-125,-11.2,70,0,1,75304,
,20.0,23.9,69,7,0.06,-124,-10.5,68,0,1,75274,
,19.2,23.5,70,6,0.05,-125,-10.2,66,0,1,75244,
,19.9,22.5,71,5,0.06,-125,-10.2,64,0,1,75214,
,19.9,23.6,69,4,0.05,-125,-10,62,0,1,75184,
,19.9,22.2,70,3,0.05,-124,-9.5,60,0,1,75154,
,20.3,23.6,70,2,0.05,-124,-9.8,58,0,1,75124,
,19.8,23.4,69,1,0.06,-124,-9.5,56,0,1,75094,
,19.7,22.1,71,0,0.06,-125,-10.2,55,0,1,75064,
,18.9,21.7,70,18,0.05,-114,1,54,0,1,11188,
,19.6,22.1,70,17,0.05,-112,1.5,53,0,1,11158,
,20.0,22.8,71,16,0.05,-111,3.5,51,0,1,11128,
,19.8,22.1,71,15,0.05,-112,2,49,0,1,11098,
,19.6,22.1,68,14,0.05,-112,2.2,47,0,1,11068,
,19.4,21.3,69,13,0.05,-112,1.8,45,0,1,11038,
,19.6,22.8,69,12,0.05,-111,2,43,0,1,11008,
,19.6,22.0,69,11,0.05,-113,1.8,42,0,1,10978,
,19.9,23.5,70,10,0.05,-114,-0.2,40,0,1,10948,
,21.3,27.0,71,9,0.05,-111,2.8,39,0,1,10918,
,19.6,22.1,69,8,0.05,-112,3,38,0,1,10888,
,19.2,23.8,71,7,0.05,-113,1.2,36,0,1,10858,
,20.2,22.5,70,6,0.05,-111,2,34,0,1,10828,
,19.9,22.0,72,5,0.05,-113,0.8,32,0,1,10798,
,20.3,23.7,70,4,0.05,-114,-1.2,31,0,1,10768,
,19.1,21.3,70,3,0.05,-115,-0.5,30,0,1,10738,
,19.7,21.9,71,2,0.05,-114,-0.2,28,0,1,10708,
,19.9,24.3,69,1,0.05,-114,0.2,26,0,1,10678,
,18.5,20.8,69,0,0.05,-113,1.2,24,0,1,10648,
,19.4,21.8,70,15,0.06,-70,11,23,0,1,494,
,19.9,24.9,71,13,0.06,-72,11.2,20,0,0,434,
,19.9,24.9,71,13,0.06,-72,11.2,20,0,0,434,
,19.2,21.6,69,12,0.05,-76,11.5,19,0,0,404,
,19.9,22.5,69,11,0.06,-75,11.2,17,0,0,374,
,19.9,22.1,70,10,0.06,-78,10.8,15,0,0,344,
,20.0,25.1,71,9,0.06,-67,10.8,13,0,0,314,
,20.1,23.8,70,8,0.05,-74,10.8,12,0,0,284,
,19.1,21.2,69,7,0.05,-66,11,11,0,0,254,
,20.4,24.3,68,6,0.05,-71,11,9,0,0,224,
,19.6,23.5,71,5,0.05,-67,11,8,0,0,194,
,20.0,23.8,70,4,0.05,-71,11.5,7,0,0,164,
,19.5,24.5,70,3,0.05,-66,10.5,5,0,0,134,
,19.9,23.8,71,2,0.06,-67,11,4,0,0,104,
,19.5,21.8,68,1,0.05,-79,11,2,0,0,74,
,19.0,20.7,71,0,0.06,-73,11,1,0,0,44,
,6.4,8.6,338,811,12.36,-78,11.2,11034,0,10,2069449,
,5.2,8.3,335,810,12.34,-77,10.8,11033,0,10,2069149,
,6.4,9.3,335,809,12.34,-78,10.5,11032,0,10,2068849,
,6.7,8.9,338,808,12.36,-78,11.2,11031,0,10,2068549,
,7.1,8.7,337,807,12.36,-78,11.2,11030,0,10,2068249,
,5.8,8.0,335,806,12.37,-77,10.5,11029,0,10,2067949,
,6.3,8.9,327,805,12.37,-77,11.8,11028,0,10,2067649,
,6.7,9.5,319,804,12.36,-77,10.8,11027,0,10,2067349,
,6.3,8.1,330,803,12.36,-77,10.8,11026,0,10,2067049,
,5.7,8.3,326,802,12.36,-77,10.8,11025,0,10,2066749,
,6.9,9.2,327,801,12.36,-77,11.2,11024,0,10,2066449,
,6.5,10.1,328,800,12.38,-77,10.5,11023,0,10,2066149,
,7.3,9.5,332,799,12.36,-77,11,11022,0,10,2065849,
,6.4,8.7,342,798,12.14,-77,10.8,11021,0,10,2065549,
,7.0,9.1,334,797,12.06,-76,10.2,11020,0,10,2065249,
,6.2,8.0,335,796,12.03,-77,11,11018,0,10,2064949,
,6.4,8.6,333,795,11.99,-76,10.8,11016,0,10,2064649,
,7.4,9.2,333,794,11.98,-77,11,11015,0,10,2064349,
,7.5,9.9,335,793,12.04,-76,11.2,11014,0,10,2064049,
,6.4,8.1,336,792,12.04,-77,11.2,11013,0,10,2063749,
,4.7,6.7,330,791,12.02,-76,10.5,11011,0,10,2063449,
,3.9,5.1,334,790,12.00,-77,10.5,11009,0,10,2063149,
,3.3,4.7,342,789,12.00,-75,11,11007,0,10,2062849,
,3.3,4.2,338,788,12.01,-77,10.5,11006,0,10,2062549,
,3.2,4.1,342,787,11.99,-76,10.8,11005,0,10,2062249,
,3.3,4.1,336,786,11.97,-76,10.8,11004,0,10,2061949,
,1.9,2.2,339,785,11.93,-76,11,11002,0,10,2061649,
,1.2,1.9,337,784,11.89,-75,10.5,11001,0,10,2061349,
,1.0,1.6,5,783,11.83,-76,11,11000,0,10,2061049,
,1.2,1.6,21,782,11.76,-75,11,10999,0,10,2060749,
,1.5,1.8,7,781,11.77,-74,10.5,10998,0,10,2060449,
,1.4,2.2,352,780,11.80,-75,10.8,10997,0,10,2060149,
,1.2,1.7,8,779,11.72,-76,10.8,10996,0,10,2059849,
,1.4,2.4,339,778,11.71,-74,10.5,10995,0,10,2059549,
,0.9,1.7,76,777,11.66,-75,10.8,10994,0,10,2059249,
,0.6,1.1,42,776,11.65,-74,10.8,10993,0,10,2058949,
,0.4,1.5,241,775,11.66,-75,10.5,10992,0,10,2058649,
,0.9,1.4,157,774,11.66,-74,11.2,10990,0,10,2058349,
,1.4,1.9,142,773,11.66,-75,10.8,10988,0,10,2058049,
,1.5,1.8,157,772,11.66,-74,11,10987,0,10,2057749,
,0.9,2.5,33,771,11.63,-74,11.2,10986,0,10,2057450,
,1.8,3.1,14,770,11.63,-75,10.8,10985,0,10,2057149,
,2.6,4.9,323,769,11.65,-75,11,10984,0,10,2056849,
,5.3,8.5,321,768,11.66,-74,10.5,10983,0,10,2056549,
,5.0,7.5,325,767,11.65,-75,11,10981,0,10,2056249,
,5.6,8.6,317,766,11.66,-75,10.5,10979,0,10,2055949,
,6.8,8.7,319,765,11.66,-75,11,10977,0,10,2055649,
,4.5,5.7,294,764,11.64,-74,11,10975,0,10,2055349,
,3.3,6.6,293,763,11.64,-74,10.8,10973,0,10,2055049,
,5.1,7.1,332,762,11.65,-74,11,10971,0,10,2054749,
,2.7,4.2,335,761,11.66,-73,10.2,10969,0,10,2054449,
,2.8,3.8,304,760,11.66,-74,10.2,10967,0,10,2054149,
,3.5,5.2,299,759,11.66,-74,11,10965,0,10,2053849,
,3.4,6.6,315,758,11.65,-74,11.2,10963,0,10,2053550,
,4.3,8.2,296,757,11.65,-73,10.5,10962,0,10,2053249,
,5.9,8.3,284,756,11.66,-73,10.5,10960,0,10,2052949,
,5.2,8.8,286,755,11.67,-73,10.8,10958,0,10,2052649,
,6.6,8.9,279,754,11.66,-74,10.8,10956,0,10,2052349,
,7.7,9.7,281,753,11.67,-73,10.2,10954,0,10,2052049,
,6.7,9.0,273,752,11.67,-73,10.8,10952,0,10,2051749,
,3.1,6.0,247,751,11.65,-75,11.5,10951,0,10,2051449,
,4.5,7.1,262,750,11.66,-74,11,10949,0,10,2051149,
,3.3,6.6,240,749,11.66,-75,11,10947,0,10,2050849,
,3.3,8.5,239,748,11.68,-74,10.8,10946,0,10,2050549,
,3.7,9.9,255,747,11.68,-75,10.8,10945,0,10,2050249,
,5.2,11.6,260,746,11.67,-73,10.5,10943,0,10,2049949,
,5.8,11.2,248,745,11.66,-74,11.8,10941,0,10,2049650,
,3.7,7.7,260,744,11.65,-74,10.8,10939,0,10,2049349,
,5.3,9.8,263,743,11.66,-74,11,10937,0,10,2049049,
,7.4,11.8,268,742,11.67,-73,10.8,10936,0,10,2048749,
,8.9,12.4,263,741,11.67,-73,10.8,10934,0,10,2048449,
,8.3,12.3,266,740,11.68,-73,10.8,10932,0,10,2048149,
,7.9,14.7,263,739,11.67,-73,11.2,10930,0,10,2047849,
,8.1,14.7,261,738,11.66,-72,11,10929,0,10,2047550,
,5.4,11.1,252,737,11.66,-74,10.8,10928,0,10,2047249,
,7.1,12.4,247,736,11.67,-73,10.5,10926,0,10,2046949,
,4.9,10.7,238,735,11.67,-74,10,10925,0,10,2046649,
,4.7,10.5,227,734,11.67,-73,11,10923,0,10,2046349,
,4.9,10.9,237,733,11.67,-74,10.2,10921,0,10,2046049,
,5.1,11.0,233,732,11.66,-74,11.2,10919,0,10,2045750,
,6.9,13.1,230,731,11.66,-73,10.8,10918,0,10,2045449,
,7.0,11.1,226,730,11.66,-73,10.8,10916,0,10,2045149,
,5.3,9.4,232,729,11.67,-73,10.8,10914,0,10,2044849,
,5.5,10.5,232,728,11.67,-72,11,10912,0,10,2044549,
,5.2,10.0,236,727,11.68,-74,10.8,10910,0,10,2044249,
,4.5,9.6,237,726,11.67,-74,11,10908,0,10,2043949,
,5.1,9.8,246,725,11.66,-74,11,10906,0,10,2043650,
,6.1,9.1,254,724,11.66,-74,10.8,10905,0,10,2043349,
,5.4,11.8,235,723,11.67,-74,11,10904,0,10,2043049,
,6.9,11.2,259,722,11.68,-74,10.8,10903,0,10,2042749,
,6.1,11.5,242,721,11.67,-75,10.5,10902,0,10,2042449,
,4.8,10.0,226,720,11.68,-73,10.5,10900,0,10,2042149,
,4.6,9.1,222,719,11.66,-74,10.8,10898,0,10,2041850,
,4.9,11.8,229,718,11.66,-73,10.5,10896,0,10,2041549,
,5.5,11.6,232,717,11.66,-73,10.8,10895,0,10,2041249,
,5.5,10.0,234,716,11.67,-75,10.5,10894,0,10,2040949,
,4.4,10.2,222,715,11.68,-74,10.8,10892,0,10,2040649,
,4.7,11.1,227,714,11.67,-74,10.2,10890,0,10,2040349,
,5.7,11.9,239,713,11.68,-74,10.8,10888,0,10,2040049,
,6.7,12.7,236,712,11.66,-74,11.5,10887,0,10,2039750,
,6.7,11.1,235,711,11.66,-74,11,10885,0,10,2039449,
,6.3,11.5,233,710,11.67,-75,10.8,10883,0,10,2039149,
,6.5,13.7,233,709,11.68,-73,10,10881,0,10,2038849,
,5.8,11.4,238,708,11.67,-76,10.5,10879,0,10,2038549,
,6.2,12.7,232,707,11.68,-74,10.8,10878,0,10,2038249,
,6.0,12.2,230,706,11.66,-75,11.2,10876,0,10,2037950,
,5.5,12.1,235,705,11.66,-74,11,10874,0,10,2037650,
,6.3,13.1,229,704,11.66,-76,11,10872,0,10,2037349,
,5.9,11.1,233,703,11.67,-75,10.5,10870,0,10,2037049,
,6.9,13.0,231,702,11.67,-74,10.5,10868,0,10,2036749,
,5.7,12.3,234,701,11.67,-76,10.8,10866,0,10,2036449,
,6.4,12.1,234,700,11.68,-76,10.8,10864,0,10,2036149,
,5.5,13.1,232,699,11.66,-78,10.5,10862,0,10,2035850,
,6.8,12.0,230,698,11.66,-74,10.5,10860,0,10,2035549,
,6.9,11.3,232,697,11.67,-74,10.8,10858,0,10,2035249,
,6.9,12.0,233,696,11.68,-74,11,10856,0,10,2034949,
,6.0,11.2,231,695,11.67,-77,11.5,10855,0,10,2034649,
,6.7,12.5,237,694,11.68,-77,10.5,10853,0,10,2034349,
,6.1,13.0,240,693,11.66,-78,10.5,10851,0,10,2034050,
,5.8,9.8,231,692,11.66,-74,10.8,10849,0,10,2033750,
,6.7,14.2,229,691,11.66,-76,10.8,10848,0,10,2033449,
,6.0,14.4,224,690,11.67,-74,10.8,10846,0,10,2033149,
,6.2,14.5,221,689,11.68,-76,10.8,10844,0,10,2032849,
,7.1,11.4,234,688,11.67,-76,10.5,10843,0,10,2032549,
,6.2,12.9,235,687,11.68,-75,10.8,10842,0,10,2032249,
,6.4,14.9,234,686,11.66,-75,10.8,10840,0,10,2031950,
,6.6,13.4,232,685,11.66,-75,10.8,10839,0,10,2031650,
,5.7,11.1,241,684,11.67,-77,10.8,10837,0,10,2031349,
,6.7,12.4,235,683,11.67,-75,11.2,10836,0,10,2031049,
,6.8,13.2,235,682,11.68,-76,10.2,10835,0,10,2030749,
,7.1,12.0,230,681,11.67,-74,11.5,10834,0,10,2030449,
,7.1,12.1,233,680,11.69,-75,10.8,10832,0,10,2030149,
,5.9,13.6,234,679,11.66,-76,11,10831,0,10,2029850,
,6.8,12.3,237,678,11.67,-78,10.2,10830,0,10,2029549,
,6.8,12.6,233,677,11.68,-75,10.5,10829,0,10,2029249,
,5.6,14.2,234,676,11.68,-74,10.2,10827,0,10,2028949,
,6.8,14.3,232,675,11.68,-75,11,10826,0,10,2028649,
,5.7,12.4,228,674,11.67,-75,10.8,10824,0,10,2028349,
,6.3,13.3,230,673,11.66,-74,11.2,10822,0,10,2028050,
,5.7,11.8,225,672,11.66,-74,11.2,10820,0,10,2027750,
,6.0,12.6,235,671,11.67,-76,10.5,10819,0,10,2027449,
,7.5,13.6,227,670,11.67,-78,10.2,10818,0,10,2027149,
,5.8,12.3,230,669,11.68,-74,11.2,10816,0,10,2026849,
,6.3,12.4,224,668,11.68,-74,10.8,10814,0,10,2026549,
,6.2,11.4,223,667,11.68,-75,11.2,10813,0,10,2026249,
,6.4,12.1,227,666,11.66,-75,11.2,10811,0,10,2025950,
,6.5,13.2,233,665,11.66,-74,10.8,10809,0,10,2025650,
,6.1,12.9,243,664,11.67,-78,10.8,10807,0,10,2025350,
,6.6,13.4,241,663,11.67,-78,10.8,10805,0,10,2025050,
,5.7,11.2,242,662,11.67,-77,10.5,10804,0,10,2024750,
,6.3,12.3,239,661,11.67,-75,11.5,10803,0,10,2024450,
,7.5,13.6,234,660,11.66,-75,10.8,10801,0,10,2024150,
,6.8,11.6,233,659,11.66,-79,10.2,10800,0,10,2023850,
,5.8,9.2,243,658,11.67,-77,11,10798,0,10,2023550,
,4.8,12.4,241,657,11.67,-75,11,10797,0,10,2023250,
,6.9,12.2,246,656,11.67,-77,10.8,10796,0,10,2022950,
,6.6,13.7,235,655,11.68,-76,10.5,10794,0,10,2022650,
,5.9,11.7,233,654,11.67,-75,11.5,10792,0,10,2022350,
,4.9,13.8,244,653,11.66,-78,11,10791,0,10,2022050,
,5.6,11.6,235,652,11.66,-76,10.8,10790,0,10,2021750,
,6.2,11.8,231,651,11.67,-75,10.5,10788,0,10,2021450,
,6.4,11.5,231,650,11.67,-76,10.8,10787,0,10,2021150,
,5.6,10.7,233,649,11.68,-75,11.2,10785,0,10,2020850,
,6.4,12.1,229,648,11.67,-75,10.8,10784,0,10,2020550,
,6.6,11.5,232,647,11.66,-77,11,10783,0,10,2020250,
,5.8,11.5,237,646,11.66,-75,10.8,10782,0,10,2019950,
,5.5,11.9,234,645,11.66,-74,10.8,10781,0,10,2019650,
,6.4,11.9,239,644,11.67,-75,10.8,10780,0,10,2019350,
,6.1,13.3,241,643,11.68,-78,11,10778,0,10,2019050,
,5.4,11.3,242,642,11.67,-75,11,10777,0,10,2018750,
,5.1,10.8,236,641,11.67,-74,10.8,10776,0,10,2018450,
,5.7,11.3,242,640,11.66,-74,10.8,10775,0,10,2018150,
,5.1,11.2,250,639,11.66,-75,10.8,10773,0,10,2017850,
,7.2,11.4,252,638,11.68,-75,10.8,10772,0,10,2017550,
,7.3,16.4,260,637,11.68,-77,11,10770,0,10,2017250,
,10.1,16.4,261,636,11.67,-75,11,10769,0,10,2016950,
,9.6,14.3,263,635,11.69,-75,11.5,10768,0,10,2016650,
,8.2,13.0,262,634,11.67,-75,10.5,10767,0,10,2016350,
,5.5,10.8,250,633,11.65,-75,11.2,10766,0,10,2016050,
,7.4,12.2,258,632,11.67,-75,10.8,10764,0,10,2015750,
,7.4,12.7,241,631,11.68,-74,10.5,10763,0,10,2015450,
,6.3,11.5,248,630,11.68,-74,10.8,10762,0,10,2015150,
,7.1,14.0,241,629,11.68,-76,10.8,10760,0,10,2014850,
,6.5,11.8,238,628,11.67,-75,11.2,10758,0,10,2014550,
,7.1,13.4,229,627,11.66,-74,11,10756,0,10,2014250,
,4.9,9.8,234,626,11.66,-73,11,10754,0,10,2013950,
,6.4,12.4,229,625,11.68,-73,10.5,10753,0,10,2013650,
,5.3,11.3,228,624,11.68,-75,10.8,10751,0,10,2013350,
,5.8,11.7,220,623,11.68,-73,10.5,10749,0,10,2013050,
,4.6,9.4,230,622,11.69,-74,11,10747,0,10,2012750,
,6.4,12.9,235,621,11.67,-74,10,10746,0,10,2012450,
,5.4,13.8,226,620,11.67,-73,10.5,10744,0,10,2012150,
,5.8,11.9,228,619,11.67,-71,11,10743,0,10,2011850,
,4.6,10.8,219,618,11.68,-72,10.8,10742,0,10,2011550,
,5.3,9.4,229,617,11.68,-74,10.8,10740,0,10,2011250,
,3.8,11.8,211,616,11.70,-73,10.8,10738,0,10,2010950,
,6.0,11.9,212,615,11.68,-74,10.8,10736,0,10,2010650,
,4.9,10.4,228,614,11.67,-73,10.5,10734,0,10,2010350,
,6.0,10.2,219,613,11.67,-74,11,10732,0,10,2010050,
,5.3,11.9,222,612,11.69,-73,11,10730,0,10,2009750,
,4.8,11.0,218,611,11.71,-73,10.5,10729,0,10,2009450,
,4.7,12.8,213,610,11.71,-72,11.2,10727,0,10,2009150,
,5.2,11.0,216,609,11.72,-72,10.8,10725,0,10,2008850,
,5.8,11.0,218,608,11.70,-72,10.5,10724,0,10,2008550,
,4.8,10.9,217,607,11.70,-73,10.8,10722,0,10,2008250,
,6.0,14.1,221,606,11.72,-73,10.8,10720,0,10,2007950,
,4.7,10.0,214,605,11.73,-73,11,10718,0,10,2007650,
,3.9,9.5,221,604,11.75,-73,11,10716,0,10,2007350,
,4.1,14.8,222,603,11.76,-73,10.2,10714,0,10,2007050,
,5.4,11.6,214,602,11.77,-74,10.8,10712,0,10,2006750,
,6.2,11.3,221,601,11.76,-74,10.8,10711,0,10,2006450,
,7.6,15.9,228,600,11.78,-74,11,10709,0,10,2006150,
,6.2,11.4,217,599,11.80,-73,10.5,10707,0,10,2005850,
,6.6,12.5,228,598,11.82,-73,10.5,10705,0,10,2005550,
,6.3,11.8,223,597,11.84,-74,10,10704,0,10,2005250,
,6.7,13.0,227,596,11.86,-73,10.5,10702,0,10,2004950,
,5.3,12.5,226,595,11.87,-74,11,10700,0,10,2004650,
,7.1,11.3,237,594,11.89,-74,10.5,10699,0,10,2004350,
,6.5,11.3,226,593,11.95,-73,10.5,10697,0,10,2004050,
,5.8,12.7,235,592,11.99,-73,10.8,10695,0,10,2003750,
,5.2,12.2,231,591,12.05,-74,10.8,10693,0,10,2003450,
,7.2,12.7,234,590,12.10,-75,10.5,10691,0,10,2003150,
,5.7,11.9,230,589,12.16,-73,11.5,10689,0,10,2002850,
,6.7,13.0,233,588,12.17,-73,11,10688,0,10,2002550,
,6.0,10.2,229,587,12.20,-73,10.5,10686,0,10,2002250,
,7.4,12.1,228,586,12.24,-73,10.8,10684,0,10,2001950,
,5.3,11.0,220,585,12.26,-73,10.8,10682,0,10,2001650,
,5.2,9.9,217,584,12.27,-73,10.5,10680,0,10,2001350,
,4.5,11.3,217,583,12.27,-73,10.5,10679,0,10,2001050,
,4.8,10.5,220,582,12.26,-74,10.8,10677,0,10,2000750,
,5.1,11.5,215,581,12.26,-73,10.8,10676,0,10,2000450,
,5.9,11.2,229,580,12.27,-73,10.8,10674,0,10,2000150,
,4.3,11.2,214,579,12.30,-73,10.5,10672,0,10,1999850,
,5.9,11.3,225,578,12.31,-74,11.2,10671,0,10,1999550,
,5.4,11.8,224,577,12.31,-73,10.8,10670,0,10,1999250,
,6.6,11.5,228,576,12.31,-75,11.2,10668,0,10,1998950,
,6.3,10.8,234,575,12.31,-72,10.8,10666,0,10,1998650,
,5.6,10.8,229,574,12.30,-72,10.8,10665,0,10,1998350,
,5.5,9.9,238,573,12.33,-73,10.8,10663,0,10,1998050,
,6.1,12.9,234,572,12.33,-73,10.5,10662,0,10,1997750,
,4.7,11.5,243,571,12.33,-75,10.5,10660,0,10,1997450,
,5.6,12.7,247,570,12.33,-73,10.8,10659,0,10,1997150,
,6.2,10.3,245,569,12.34,-76,10.5,10658,0,10,1996850,
,5.9,11.2,236,568,12.32,-74,11.2,10657,0,10,1996550,
,6.2,12.2,247,567,12.33,-73,10.8,10656,0,10,1996250,
,5.8,11.4,245,566,12.33,-73,11,10654,0,10,1995950,
,7.3,11.7,244,565,12.34,-75,10.5,10653,0,10,1995650,
,4.9,12.2,246,564,12.34,-75,11.5,10652,0,10,1995350,
,6.9,12.9,255,563,12.34,-76,10.8,10650,0,10,1995050,
,6.3,11.7,247,562,12.33,-76,10.2,10648,0,10,1994750,
,6.4,12.3,255,561,12.33,-75,11,10646,0,10,1994450,
,6.6,15.2,245,560,12.34,-75,10.8,10644,0,10,1994150,
,7.3,13.1,247,559,12.34,-76,10.5,10642,0,10,1993850,
,9.4,15.3,245,558,12.34,-77,10.8,10640,0,10,1993550,
,7.0,13.7,253,557,12.34,-77,11.2,10638,0,10,1993250,
,7.3,15.2,240,556,12.34,-73,10.8,10636,0,10,1992950,
,6.3,12.0,251,555,12.31,-78,10,10634,0,10,1992650,
,7.0,14.1,248,554,12.31,-78,10.8,10632,0,10,1992350,
,7.9,14.2,251,553,12.33,-78,10.8,10630,0,10,1992050,
,8.0,14.7,252,552,12.32,-78,11,10628,0,10,1991750,
,7.9,12.7,255,551,12.32,-76,10.2,10626,0,10,1991450,
,7.3,14.4,238,550,12.32,-77,11,10625,0,10,1991150,
,7.3,14.4,238,550,12.32,-77,11,10625,0,10,1991150,
,7.1,13.7,244,549,12.32,-77,10.5,10623,0,10,1990850,
,8.3,13.2,250,548,12.32,-76,10.8,10621,0,10,1990550,
,5.7,10.8,250,547,12.34,-77,11.2,10619,0,10,1990250,
,6.6,12.3,246,546,12.35,-78,10.8,10617,0,10,1989950,
,6.8,10.8,244,545,12.35,-77,11,10615,0,10,1989650,
,6.1,12.5,234,544,12.36,-75,10.5,10613,0,10,1989350,
,6.2,11.9,244,543,12.37,-76,10.2,10611,0,10,1989050,
,5.7,13.0,241,542,12.35,-76,10.8,10609,0,10,1988750,
,5.9,10.9,234,541,12.35,-74,10.8,10607,0,10,1988450,
,5.6,12.3,231,540,12.37,-76,10.5,10605,0,10,1988150,
,6.6,14.2,226,539,12.36,-76,10.5,10603,0,10,1987850,
,7.2,14.4,232,538,12.37,-75,11.2,10602,0,10,1987550,
,6.9,14.3,233,537,12.37,-76,10.2,10600,0,10,1987250,
,4.7,12.8,226,536,12.35,-78,10.8,10598,0,10,1986950,
,5.0,10.1,230,535,12.34,-77,10.8,10596,0,10,1986650,
,5.0,11.4,232,534,12.35,-75,11,10594,0,10,1986350,
,6.9,12.1,241,533,12.34,-76,10.8,10592,0,10,1986050,
,6.7,13.7,244,532,12.34,-78,10,10591,0,10,1985750,
,6.8,12.4,245,531,12.34,-77,10.8,10589,0,10,1985450,
,6.5,10.7,235,530,12.34,-75,10.8,10587,0,10,1985150,
,6.2,11.7,233,529,12.33,-79,10.5,10585,0,10,1984850,
,4.2,9.2,238,528,12.32,-78,11,10583,0,10,1984550,
,5.2,9.9,252,527,12.33,-79,11,10581,0,10,1984250,
,5.1,10.9,249,526,12.33,-80,11.2,10580,0,10,1983950,
,6.9,12.4,243,525,12.32,-78,11,10578,0,10,1983650,
,4.8,12.9,223,524,12.33,-75,10.8,10576,0,10,1983350,
,4.7,11.8,210,523,12.31,-75,11,10574,0,10,1983050,
,8.4,15.0,228,522,12.31,-75,10.8,10572,0,10,1982750,
,6.1,12.6,223,521,12.31,-77,10.5,10570,0,10,1982450,
,4.8,11.0,222,520,12.32,-77,11,10568,0,10,1982150,
,5.2,12.5,201,519,12.32,-74,10.8,10567,0,10,1981850,
,4.6,13.0,219,518,12.31,-74,11,10565,0,10,1981550,
,5.2,11.6,216,517,12.32,-74,10.5,10564,0,10,1981253,
,5.5,11.5,234,516,12.31,-74,10.5,10562,0,10,1980950,
,6.9,11.5,233,515,12.32,-75,11,10560,0,10,1980650,
,5.3,10.6,230,514,12.34,-75,10.8,10559,0,10,1980350,
,4.2,10.1,204,513,12.24,-75,10,10557,0,10,1980050,
,4.1,9.3,220,512,12.07,-75,10.8,10555,0,10,1979750,
,3.5,8.8,201,511,12.04,-74,11.2,10553,0,10,1979450,
,3.9,8.8,190,510,12.00,-74,11,10551,0,10,1979150,
,4.4,11.5,190,509,11.92,-76,10.8,10550,0,10,1978850,
,6.3,14.8,215,508,11.89,-75,10.2,10548,0,10,1978550,
,4.8,11.3,207,507,11.96,-74,11,10547,0,10,1978250,
,4.0,11.8,187,506,11.99,-76,10.8,10546,0,10,1977950,
,3.4,9.3,208,505,11.98,-77,11,10545,0,10,1977650,
,3.5,8.6,213,504,11.96,-76,11,10543,0,10,1977350,
,2.5,7.1,198,503,11.93,-74,11.2,10541,0,10,1977050,
,3.2,6.6,191,502,11.90,-75,10.8,10539,0,10,1976750,
,1.8,7.7,218,501,11.92,-75,11.5,10538,0,10,1976450,
,2.4,6.2,201,500,11.89,-74,12,10536,0,10,1976150,
,2.1,7.5,164,499,11.86,-76,10.8,10534,0,10,1975850,
,2.4,11.6,191,498,11.88,-74,10.5,10532,0,10,1975550,
,3.6,9.8,158,497,11.88,-75,10.8,10530,0,10,1975250,
,3.6,8.0,195,496,11.79,-73,10.2,10528,0,10,1974950,
,3.6,7.7,189,495,11.80,-74,10.5,10526,0,10,1974650,
,3.1,8.6,192,494,11.81,-73,10.8,10524,0,10,1974350,
,3.5,9.2,194,493,11.78,-74,10.8,10522,0,10,1974050,
,2.9,9.4,186,492,11.78,-74,11.5,10520,0,10,1973750,
,2.4,6.2,148,491,11.74,-74,10.5,10518,0,10,1973450,
,2.0,6.6,159,490,11.72,-76,11.2,10516,0,10,1973150,
,2.4,7.4,187,489,11.69,-74,11.5,10514,0,10,1972850,
,2.3,4.8,173,488,11.70,-74,10.8,10512,0,10,1972550,
,2.0,6.3,163,487,11.69,-74,11.2,10510,0,10,1972250,
,1.8,6.2,157,486,11.69,-74,11.8,10508,0,10,1971950,
,1.9,6.5,150,485,11.67,-74,10.5,10506,0,10,1971650,
,1.7,5.6,130,484,11.67,-74,11.5,10504,0,10,1971350,
,3.3,6.1,175,483,11.63,-76,11,10503,0,10,1971050,
,2.8,9.5,179,482,11.64,-75,10.2,10502,0,10,1970750,
,3.1,8.5,147,481,11.64,-74,11,10500,0,10,1970450,
,3.0,8.8,180,480,11.65,-73,10.8,10498,0,10,1970150,
,4.5,8.9,200,479,11.64,-74,10.8,10497,0,10,1969850,
,2.8,6.4,195,478,11.64,-74,11.2,10495,0,10,1969550,
,1.7,4.9,163,477,11.62,-73,11,10493,0,10,1969250,
,1.6,4.7,185,476,11.62,-73,10.5,10491,0,10,1968950,
,3.0,8.2,204,475,11.63,-73,10.2,10489,0,10,1968650,
,4.1,12.9,193,474,11.64,-73,10.5,10487,0,10,1968350,
,4.6,10.9,202,473,11.64,-72,10.8,10485,0,10,1968050,
,4.3,10.8,203,472,11.65,-73,11.2,10484,0,10,1967750,
,3.2,7.8,206,471,11.64,-73,10.8,10482,0,10,1967450,
,2.4,6.1,194,470,11.62,-73,11,10480,0,10,1967150,
,1.9,5.7,181,469,11.61,-74,11.2,10478,0,10,1966850,
,3.1,8.3,172,468,11.63,-73,10.5,10476,0,10,1966550,
,2.6,8.3,185,467,11.63,-74,10.5,10474,0,10,1966250,
,2.8,8.5,165,466,11.63,-73,10.8,10472,0,10,1965950,
,1.9,8.7,188,465,11.64,-73,11,10470,0,10,1965650,
,2.5,6.0,167,464,11.62,-73,10.5,10468,0,10,1965350,
,2.5,8.2,157,463,11.62,-73,10.5,10466,0,10,1965050,
,1.2,5.4,222,462,11.64,-73,11,10464,0,10,1964750,
,1.9,5.4,161,461,11.65,-73,10.5,10462,0,10,1964450,
,2.9,16.3,221,460,11.65,-73,10.8,10460,0,10,1964150,
,2.9,8.5,191,459,11.65,-73,11,10458,0,10,1963850,
,2.7,6.7,209,458,11.65,-72,11,10456,0,10,1963550,
,2.1,6.3,199,457,11.64,-72,11,10454,0,10,1963250,
,2.8,6.1,153,456,11.63,-73,11,10452,0,10,1962950,
,1.9,4.6,176,455,11.64,-73,10.5,10450,0,10,1962650,
,2.1,4.7,167,454,11.65,-73,10.5,10448,0,10,1962350,
,2.0,5.9,150,453,11.65,-72,11,10446,0,10,1962050,
,2.3,7.5,176,452,11.64,-72,10.8,10445,0,10,1961750,
,1.9,6.2,159,451,11.63,-73,10.2,10443,0,10,1961450,
,3.2,8.5,140,450,11.62,-74,10.8,10441,0,10,1961150,
,2.6,6.0,149,449,11.64,-73,11,10439,0,10,1960850,
,2.0,9.0,192,448,11.64,-73,10.8,10437,0,10,1960550,
,3.5,9.9,145,447,11.64,-73,10.5,10435,0,10,1960250,
,2.3,5.5,166,446,11.64,-73,10.8,10433,0,10,1959950,
,1.5,4.0,184,445,11.64,-74,11.2,10432,0,10,1959650,
,1.9,5.7,174,444,11.62,-71,11,10430,0,10,1959350,
,3.3,9.4,177,443,11.62,-73,11,10428,0,10,1959050,
,2.2,6.7,167,442,11.64,-73,11,10426,0,10,1958750,
,3.3,5.3,141,441,11.64,-73,10.5,10424,0,10,1958450,
,3.1,7.2,171,440,11.64,-72,10.8,10422,0,10,1958150,
,1.8,4.6,165,439,11.64,-73,10.8,10420,0,10,1957850,
,2.8,6.3,173,438,11.62,-73,10.5,10418,0,10,1957550,
,3.2,7.2,152,437,11.62,-73,11,10416,0,10,1957250,
,1.8,6.3,149,436,11.64,-72,11,10415,0,10,1956950,
,2.4,5.4,142,435,11.64,-73,10,10413,0,10,1956650,
,3.0,5.6,152,434,11.64,-73,10.8,10411,0,10,1956350,
,2.5,7.0,148,433,11.64,-73,10.5,10409,0,10,1956050,
,1.9,6.4,198,432,11.64,-73,10.5,10407,0,10,1955750,
,2.2,5.6,178,431,11.61,-73,10.5,10405,0,10,1955450,
,2.3,8.4,158,430,11.61,-73,10.8,10403,0,10,1955150,
,1.2,4.0,182,429,11.63,-73,10.5,10401,0,10,1954850,
,0.8,4.8,132,428,11.63,-72,10.5,10400,0,10,1954550,
,1.0,5.2,200,427,11.63,-73,10.8,10398,0,10,1954250,
,1.0,2.8,218,426,11.63,-73,10.8,10396,0,10,1953950,
,1.9,5.0,137,425,11.61,-73,10.5,10394,0,10,1953650,
,1.0,4.3,172,424,11.61,-73,10.2,10392,0,10,1953350,
,2.3,4.5,154,423,11.62,-73,10.8,10390,0,10,1953050,
,1.7,4.5,157,422,11.63,-74,11.2,10388,0,10,1952750,
,2.3,6.7,136,421,11.63,-74,10.8,10386,0,10,1952450,
,1.4,6.3,166,420,11.63,-74,11,10384,0,10,1952150,
,2.0,7.9,160,419,11.63,-73,10.5,10382,0,10,1951850,
,1.9,4.7,157,418,11.61,-73,10.2,10380,0,10,1951550,
,2.0,4.7,149,417,11.61,-73,11.2,10379,0,10,1951250,
,1.9,4.8,128,416,11.63,-73,11.5,10377,0,10,1950950,
,1.6,5.7,164,415,11.63,-74,10.2,10375,0,10,1950650,
,1.7,4.6,163,414,11.63,-75,11,10373,0,10,1950350,
,0.6,2.7,280,413,11.63,-75,11.2,10371,0,10,1950050,
,1.9,4.1,208,412,11.62,-75,10.8,10370,0,10,1949750,
,2.0,4.8,170,411,11.61,-74,11,10368,0,10,1949450,
,1.7,3.8,161,410,11.62,-74,10.8,10366,0,10,1949150,
,1.5,4.4,164,409,11.62,-74,11.2,10364,0,10,1948850,
,1.4,3.6,146,408,11.63,-75,11,10362,0,10,1948550,
,2.4,5.0,136,407,11.63,-74,11.2,10360,0,10,1948250,
,2.5,7.3,160,406,11.63,-76,10.5,10358,0,10,1947950,
,1.9,4.2,167,405,11.61,-76,10.8,10357,0,10,1947650,
,1.6,5.3,135,404,11.61,-75,11,10355,0,10,1947350,
,1.3,4.2,137,403,11.63,-75,11,10353,0,10,1947050,
,1.3,3.1,149,402,11.62,-76,11,10351,0,10,1946750,
,1.3,4.5,121,401,11.63,-75,11,10350,0,10,1946450,
,2.8,6.0,129,400,11.62,-76,11,10348,0,10,1946150,
,2.7,6.3,136,399,11.61,-76,10.5,10346,0,10,1945850,
,3.0,5.0,125,398,11.60,-76,10.8,10344,0,10,1945550,
,2.8,4.6,132,397,11.61,-75,11,10342,0,10,1945250,
,1.8,5.6,180,396,11.62,-75,11,10340,0,10,1944950,
,2.9,6.1,151,395,11.62,-76,10.5,10338,0,10,1944650,
,1.9,4.9,148,394,11.61,-77,10,10336,0,10,1944350,
,1.8,3.4,141,393,11.61,-77,10.2,10334,0,10,1944050,
,2.0,3.6,143,392,11.60,-77,11.2,10332,0,10,1943750,
,2.4,5.0,136,391,11.60,-76,11,10330,0,10,1943450,
,2.8,5.4,140,390,11.62,-77,10.5,10328,0,10,1943150,
,1.8,5.2,128,389,11.62,-77,11.2,10326,0,10,1942850,
,2.4,4.7,138,388,11.61,-77,11,10324,0,10,1942550,
,1.9,3.6,138,387,11.62,-77,10.8,10322,0,10,1942250,
,1.8,3.7,144,386,11.61,-77,11.8,10320,0,10,1941950,
,1.8,3.6,150,385,11.60,-77,11,10318,0,10,1941650,
,2.2,5.1,137,384,11.61,-78,10.5,10316,0,10,1941350,
,1.4,3.9,143,383,11.62,-77,10.8,10314,0,10,1941050,
,2.6,4.4,132,382,11.62,-77,10.2,10312,0,10,1940750,
,2.5,5.2,124,381,11.62,-77,11.5,10310,0,10,1940450,
,1.9,4.1,139,380,11.62,-76,10.8,10308,0,10,1940150,
,1.6,4.6,134,379,11.61,-77,10.8,10306,0,10,1939850,
,1.3,2.7,155,378,11.61,-78,11.5,10304,0,10,1939550,
,1.5,3.7,158,377,11.63,-77,11,10303,0,10,1939250,
,1.6,3.4,152,376,11.63,-78,10.8,10301,0,10,1938950,
,2.3,5.0,138,375,11.63,-77,10.8,10299,0,10,1938650,
,2.8,5.7,141,374,11.63,-77,11.8,10297,0,10,1938350,
,1.4,2.7,139,373,11.61,-77,10.8,10295,0,10,1938050,
,1.3,3.4,156,372,11.61,-77,10.5,10293,0,10,1937750,
,1.9,4.4,146,371,11.61,-78,11.5,10291,0,10,1937450,
,2.1,4.5,144,370,11.63,-77,11.2,10289,0,10,1937150,
,2.0,4.7,126,369,11.63,-77,11.5,10287,0,10,1936850,
,2.1,6.4,126,368,11.63,-77,10.5,10285,0,10,1936550,
,2.4,5.5,129,367,11.63,-77,11.5,10283,0,10,1936250,
,2.1,3.9,133,366,11.61,-77,11,10281,0,10,1935950,
,1.7,3.3,128,365,11.61,-77,10.8,10279,0,10,1935650,
,1.6,4.1,128,364,11.63,-77,10.8,10277,0,10,1935350,
,1.5,5.7,135,363,11.63,-78,10.5,10275,0,10,1935050,
,1.7,4.9,122,362,11.63,-77,10.8,10273,0,10,1934750,
,1.8,4.6,120,361,11.63,-77,10.8,10271,0,10,1934450,
,1.3,3.6,145,360,11.61,-77,11.5,10269,0,10,1934150,
,1.7,4.9,141,359,11.61,-76,11,10267,0,10,1933850,
,1.7,4.8,134,358,11.61,-77,10.8,10265,0,10,1933550,
,1.6,3.7,143,357,11.63,-76,10.5,10263,0,10,1933250,
,1.9,5.3,123,356,11.62,-77,10.5,10261,0,10,1932950,
,2.1,4.0,139,355,11.62,-76,10.8,10259,0,10,1932650,
,1.6,3.7,140,354,11.62,-77,11,10257,0,10,1932350,
,1.9,4.0,137,353,11.60,-77,11,10255,0,10,1932050,
,0.8,2.0,125,352,11.60,-77,11,10253,0,10,1931750,
,1.1,3.1,147,351,11.61,-76,10.5,10251,0,10,1931450,
,1.1,2.8,107,350,11.61,-76,11,10249,0,10,1931150,
,1.4,3.0,127,349,11.61,-76,11,10247,0,10,1930850,
,1.2,3.0,114,348,11.61,-76,10.5,10246,0,10,1930550,
,0.7,1.5,175,347,11.59,-77,10.8,10244,0,10,1930250,
,0.7,1.1,220,346,11.58,-75,10.8,10242,0,10,1929950,
,0.6,1.7,145,345,11.60,-75,11.2,10240,0,10,1929650,
,0.7,2.4,219,344,11.61,-74,10.5,10238,0,10,1929350,
,1.3,2.6,139,343,11.60,-74,11.2,10236,0,10,1929050,
,0.9,2.0,134,342,11.60,-75,10.8,10234,0,10,1928750,
,0.8,1.4,197,341,11.60,-75,11,10232,0,10,1928450,
,0.9,1.9,160,340,11.59,-74,10.8,10230,0,10,1928150,
,1.1,3.0,196,339,11.59,-74,10.8,10228,0,10,1927850,
,1.0,2.3,179,338,11.60,-74,11.2,10226,0,10,1927550,
,0.9,2.6,137,337,11.60,-75,11,10224,0,10,1927250,
,0.9,3.8,153,336,11.60,-74,10.8,10222,0,10,1926950,
,1.4,2.6,127,335,11.60,-74,11.5,10220,0,10,1926650,
,0.8,3.1,143,334,11.58,-74,11,10218,0,10,1926351,
,0.8,1.7,146,333,11.59,-73,10,10216,0,10,1926050,
,0.6,1.7,240,332,11.59,-74,11.8,10214,0,10,1925750,
,0.5,1.4,158,331,11.60,-74,10.8,10212,0,10,1925450,
,0.8,2.4,172,330,11.61,-73,11,10210,0,10,1925150,
,0.6,1.6,156,329,11.60,-73,10.8,10209,0,10,1924850,
,1.1,2.6,137,328,11.61,-73,10.8,10207,0,10,1924550,
,1.2,2.1,133,327,11.60,-74,11,10206,0,10,1924250,
,0.5,1.1,249,326,11.60,-73,10.5,10205,0,10,1923950,
,0.3,2.0,236,325,11.63,-74,11.5,10203,0,10,1923650,
,0.4,1.9,196,324,11.63,-74,11,10201,0,10,1923350,
,0.8,1.8,226,323,11.63,-73,10.8,10199,0,10,1923050,
,0.6,1.3,186,322,11.64,-73,10.8,10197,0,10,1922750,
,0.5,1.0,272,321,11.63,-73,10.8,10196,0,10,1922451,
,0.4,1.2,177,320,11.64,-74,11,10194,0,10,1922150,
,0.5,0.8,211,319,11.66,-73,11,10192,0,10,1921850,
,0.3,1.1,191,318,11.67,-73,10.5,10190,0,10,1921550,
,0.5,1.1,191,317,11.70,-73,11.2,10188,0,10,1921250,
,0.3,0.9,109,316,11.73,-74,11,10186,0,10,1920950,
,0.4,1.0,208,315,11.75,-73,10.8,10184,0,10,1920650,
,0.3,0.7,271,314,11.75,-73,10.5,10182,0,10,1920350,
,0.3,0.8,154,313,11.77,-73,10.2,10180,0,10,1920050,
,0.4,1.0,183,312,11.81,-73,10.8,10179,0,10,1919750,
,0.6,1.3,101,311,11.84,-73,10.8,10177,0,10,1919450,
,0.3,0.9,84,310,11.87,-73,10.2,10175,0,10,1919150,
,0.2,1.2,51,309,11.91,-73,10.5,10173,0,10,1918850,
,0.8,1.5,114,308,11.94,-72,10.8,10171,0,10,1918551,
,0.9,1.9,116,307,11.98,-73,10.5,10169,0,10,1918250,
,0.4,0.7,178,306,12.06,-73,10.8,10167,0,10,1917950,
,0.7,1.7,133,305,12.12,-74,11,10165,0,10,1917650,
,0.7,1.4,89,304,12.17,-73,10.5,10164,0,10,1917350,
,0.4,1.8,74,303,12.20,-73,10.8,10162,0,10,1917050,
,0.5,1.3,76,302,12.24,-73,10.5,10160,0,10,1916750,
,0.8,1.6,75,301,12.25,-73,10.8,10158,0,10,1916451,
,1.0,1.8,103,300,12.25,-73,10.2,10156,0,10,1916150,
,0.9,2.4,123,299,12.27,-73,11,10154,0,10,1915850,
,1.2,2.2,130,298,12.27,-73,10.8,10152,0,10,1915550,
,1.1,2.7,95,297,12.29,-77,10,10150,0,10,1915250,
,0.4,1.1,229,296,12.29,-92,10.2,10148,0,10,1914950,
,1.0,2.5,26,295,12.28,-95,10.8,10146,0,10,1914651,
,0.7,1.4,89,294,12.27,-90,10.5,10144,0,10,1914350,
,0.9,2.1,112,293,12.30,-96,10.2,10142,0,10,1914050,
,1.2,3.9,106,292,12.32,-92,11,10140,0,10,1913750,
,1.2,4.2,129,291,12.33,-92,10.5,10138,0,10,1913450,
,1.4,3.4,120,290,12.33,-92,10.5,10137,0,10,1913150,
,0.6,2.8,124,289,12.34,-95,10,10135,0,10,1912850,
,1.1,3.3,125,288,12.32,-99,9.2,10133,0,10,1912551,
,1.8,3.5,110,287,12.33,-97,10,10131,0,10,1912250,
,1.2,3.7,101,286,12.35,-74,11,10129,0,10,1911950,13.7
,3.1,5.6,107,285,12.37,-74,11.2,10128,0,10,1911650,13.72
,2.4,5.0,117,284,12.37,-74,10.8,10126,0,10,1911350,13.72
,1.1,2.8,122,283,12.38,-75,10.5,10124,0,10,1911050,13.73
,1.2,2.4,115,282,12.37,-74,10.2,10122,0,10,1910751,13.72
,1.4,2.9,9,281,12.37,-75,11,10120,0,10,1910450,13.72
,1.5,3.0,103,280,12.37,-75,10.8,10118,0,10,1910150,13.72
,1.7,4.3,26,279,12.38,-75,11,10116,0,10,1909850,13.73
,1.2,2.7,65,278,12.39,-74,11.2,10114,0,10,1909550,13.74
,1.5,3.2,61,277,12.39,-74,10.2,10112,0,10,1909250,13.74
,1.1,3.4,98,276,12.38,-75,10.5,10111,0,10,1908950,13.73
,1.3,4.0,14,275,12.38,-75,11.2,10109,0,10,1908651,13.73
,1.2,4.3,40,274,12.37,-74,10.8,10107,0,10,1908350,13.72
,1.6,5.4,9,273,12.39,-75,10.8,10105,0,10,1908050,13.74
,1.2,4.4,15,272,12.39,-75,10.8,10103,0,10,1907750,13.74
,1.5,3.2,39,271,12.39,-75,10.8,10101,0,10,1907450,13.74
,1.0,2.9,45,270,12.39,-75,11,10099,0,10,1907150,13.74
,0.8,3.4,23,269,12.38,-76,10.5,10098,0,10,1906851,13.73
,1.2,3.3,61,268,12.38,-75,11,10096,0,10,1906551,13.73
,1.2,3.8,91,267,12.39,-75,10.8,10094,0,10,1906250,13.74
,0.9,3.2,5,266,12.41,-77,11.5,10092,0,10,1905950,13.76
,1.9,4.0,8,265,12.41,-77,10.8,10090,0,10,1905650,13.76
,1.1,3.3,322,264,12.41,-77,10.8,10088,0,10,1905350,13.76
,1.8,5.0,5,263,12.42,-76,10.8,10086,0,10,1905050,13.77
,1.7,4.3,47,262,12.40,-76,10,10084,0,10,1904751,13.75
,1.3,2.9,58,261,12.40,-77,10.8,10082,0,10,1904450,13.75
,1.6,4.2,14,260,12.42,-76,10.2,10081,0,10,1904150,13.77
,1.6,4.7,38,259,12.42,-76,10,10079,0,10,1903850,13.77
,1.1,2.5,121,258,12.43,-77,11,10077,0,10,1903550,13.78
,1.5,4.0,19,257,12.42,-77,10.5,10075,0,10,1903250,13.77
,1.6,6.8,17,256,12.43,-76,10,10073,0,10,1902950,13.78
,1.7,4.6,7,255,12.41,-78,10.8,10071,0,10,1902651,13.76
,2.2,3.6,352,254,12.41,-77,10.8,10070,0,10,1902350,13.76
,1.3,2.9,343,253,12.42,-78,11.2,10068,0,10,1902050,13.77
,2.3,5.2,16,252,12.43,-77,11,10067,0,10,1901750,13.78
,1.1,2.9,358,251,12.42,-78,11,10065,0,10,1901450,13.77
,1.4,3.5,52,250,12.44,-79,10.8,10064,0,10,1901150,13.79
,1.5,3.8,340,249,12.41,-79,10.8,10062,0,10,1900851,13.76
,1.2,5.5,271,248,12.40,-79,11.2,10061,0,10,1900550,13.75
,1.3,3.6,4,247,12.41,-80,11.5,10059,0,10,1900250,13.76
,0.9,4.0,114,246,12.41,-79,10.5,10058,0,10,1899950,13.76
,1.0,4.1,2,245,12.41,-79,10.8,10057,0,10,1899650,13.76
,1.3,3.7,17,244,12.40,-80,11,10056,0,10,1899350,13.75
,1.3,3.1,28,243,12.40,-79,11,10055,0,10,1899050,13.75
,1.1,3.3,31,242,12.37,-79,10,10054,0,10,1898751,13.72
,0.8,5.0,95,241,12.37,-80,10.8,10053,0,10,1898450,13.72
,1.6,5.5,48,240,12.38,-80,11.2,10052,0,10,1898150,13.73
,2.1,5.6,359,239,12.37,-80,11,10051,0,10,1897850,13.72
,1.6,3.6,357,238,12.36,-80,10.8,10050,0,10,1897550,13.71
,1.3,4.1,344,237,12.35,-81,11.2,10049,0,10,1897250,13.7
,2.2,3.9,15,236,12.33,-81,11,10048,0,10,1896951,13.68
,3.2,5.7,347,235,12.32,-80,10.8,10047,0,10,1896651,13.67
,3.5,5.7,353,234,12.33,-81,10.5,10046,0,10,1896350,13.68
,2.1,4.3,13,233,12.20,-81,10.5,10044,0,10,1896050,13.55
,2.0,5.2,10,232,12.04,-82,10.5,10043,0,10,1895750,13.39
,1.9,4.0,3,231,12.00,-81,11.5,10042,0,10,1895450,13.35
,1.7,4.1,355,230,11.97,-81,10.2,10041,0,10,1895150,13.32
,1.9,3.7,12,229,11.93,-81,11,10040,0,10,1894851,13.28
,2.8,6.0,1,228,11.93,-79,10.5,10039,0,10,1894550,13.28
,2.0,4.8,19,227,11.95,-81,10.8,10038,0,10,1894250,13.3
,1.3,3.1,10,226,11.94,-81,11,10036,0,10,1893950,13.29
,0.6,1.9,33,225,11.93,-82,11,10035,0,10,1893650,13.28
,1.2,2.9,24,224,11.94,-81,11.2,10034,0,10,1893350,13.29
,1.1,1.8,107,223,11.90,-81,10.5,10033,0,10,1893051,13.25
,0.8,5.1,28,222,11.88,-80,10.2,10032,0,10,1892751,13.23
,1.0,4.3,122,221,11.92,-81,11.2,10031,0,10,1892450,13.27
,0.8,2.6,116,220,11.92,-82,10.2,10030,0,10,1892150,13.27
,0.9,3.9,31,219,11.93,-81,11,10029,0,10,1891850,13.28
,1.0,3.6,38,218,11.95,-80,11,10028,0,10,1891550,13.3
,1.5,5.4,27,217,11.93,-80,11,10027,0,10,1891250,13.28
,1.7,3.8,9,216,11.92,-81,11,10026,0,10,1890951,13.27
,1.0,2.7,38,215,11.89,-80,11,10025,0,10,1890651,13.24
,1.3,3.0,45,214,11.89,-82,10.8,10024,0,10,1890350,13.24
,0.9,2.6,348,213,11.90,-80,11,10023,0,10,1890050,13.25
,1.0,2.8,36,212,11.89,-80,11.2,10022,0,10,1889750,13.24
,0.7,2.9,29,211,11.85,-80,11.2,10021,0,10,1889450,13.2
,0.9,2.7,36,210,11.80,-80,10.2,10020,0,10,1889151,13.15
,1.2,1.9,50,209,11.77,-80,10.2,10019,0,10,1888851,13.12
,0.7,1.3,69,208,11.75,-79,10.8,10017,0,10,1888550,13.1
,0.7,1.5,72,207,11.74,-79,10.5,10016,0,10,1888250,13.09
,0.5,1.2,77,206,11.71,-79,10.8,10015,0,10,1887950,13.06
,0.6,1.8,88,205,11.70,-79,10.8,10014,0,10,1887651,13.05
,0.9,1.4,106,204,11.67,-78,11,10013,0,10,1887350,13.02
,0.6,1.1,108,203,11.64,-79,10.5,10012,0,10,1887051,12.99
,0.5,1.3,98,202,11.63,-79,10.5,10011,0,10,1886751,12.98
,0.6,1.9,93,201,11.63,-77,10.5,10010,0,10,1886450,12.98
,0.6,2.2,106,200,11.64,-79,10.8,10009,0,10,1886151,12.99
,1.7,2.4,104,199,11.63,-79,10.8,10008,0,10,1885851,12.98
,1.3,2.2,110,198,11.61,-79,10.5,10007,0,10,1885551,12.96
,0.9,2.8,117,197,11.60,-78,11,10006,0,10,1885251,12.95
,1.1,1.9,62,196,11.59,-77,10.5,10005,0,10,1884951,12.94
,0.8,1.8,110,195,11.59,-77,10.8,10004,0,10,1884651,12.94
,1.0,1.9,113,194,11.60,-76,10.5,10003,0,10,1884351,12.95
,0.7,2.0,117,193,11.59,-78,11,10002,0,10,1884051,12.94
,0.7,1.5,98,192,11.60,-78,11.5,10001,0,10,1883751,12.95
,0.8,2.1,119,191,11.59,-77,11,10000,0,10,1883451,12.94
,0.6,2.1,134,190,11.57,-77,10.8,9999,0,10,1883151,12.92
,0.8,1.8,110,189,11.57,-77,11,9998,0,10,1882851,12.92
,0.9,2.2,117,188,11.57,-76,10.8,9997,0,10,1882551,12.92
,1.2,3.6,117,187,11.58,-78,11.2,9996,0,10,1882251,12.93
,0.8,2.7,86,186,11.58,-76,10.5,9995,0,10,1881951,12.93
,1.3,2.7,107,185,11.59,-76,10.8,9994,0,10,1881651,12.94
,0.9,2.2,102,184,11.57,-76,10.8,9993,0,10,1881351,12.92
,0.9,2.4,103,183,11.57,-75,11.5,9992,0,10,1881051,12.92
,1.4,4.0,101,182,11.58,-75,10.8,9991,0,10,1880751,12.93
,0.8,1.8,107,181,11.58,-77,11,9989,0,10,1880451,12.93
,1.1,4.7,104,180,11.58,-75,10.8,9987,0,10,1880151,12.93
,1.2,3.5,83,179,11.59,-75,10.8,9985,0,10,1879851,12.94
,0.7,3.9,99,178,11.58,-75,10.8,9984,0,10,1879551,12.93
,1.0,3.0,96,177,11.57,-74,10.8,9983,0,10,1879251,12.92
,0.9,2.1,84,176,11.57,-75,10.2,9982,0,10,1878951,12.92
,0.9,3.1,100,175,11.59,-74,11,9981,0,10,1878651,12.94
,0.9,2.0,99,174,11.59,-74,10.2,9980,0,10,1878351,12.94
,1.1,2.1,115,173,11.58,-74,11,9979,0,10,1878051,12.93
,1.5,5.6,70,172,11.59,-74,11,9978,0,10,1877751,12.94
,1.1,3.1,76,171,11.57,-73,10.5,9977,0,10,1877451,12.92
,1.1,2.4,86,170,11.57,-75,10.8,9976,0,10,1877151,12.92
,1.1,3.0,105,169,11.57,-75,10.5,9975,0,10,1876851,12.92
,1.2,3.0,106,168,11.59,-74,10.8,9973,0,10,1876551,12.94
,0.6,6.6,94,167,11.58,-74,11,9972,0,10,1876251,12.93
,0.9,4.0,100,166,11.58,-73,10.2,9971,0,10,1875951,12.93
,1.6,4.1,102,165,11.59,-73,10.5,9970,0,10,1875651,12.94
,1.3,3.7,105,164,11.57,-74,10.5,9969,0,10,1875351,12.92
,1.0,2.0,116,163,11.58,-75,10.8,9968,0,10,1875051,12.93
,1.0,3.1,82,162,11.59,-74,10.5,9967,0,10,1874751,12.94
,1.1,3.0,106,161,11.59,-74,11.2,9966,0,10,1874451,12.94
,0.9,2.8,92,160,11.59,-73,10.5,9965,0,10,1874151,12.94
,1.1,3.4,95,159,11.59,-74,11.5,9964,0,10,1873851,12.94
,1.0,2.3,54,158,11.57,-74,10.2,9963,0,10,1873551,12.92
,0.9,3.6,100,157,11.57,-74,10.5,9962,0,10,1873251,12.92
,1.6,3.0,109,156,11.58,-73,10.8,9961,0,10,1872951,12.93
,1.0,3.6,45,155,11.58,-73,10,9960,0,10,1872651,12.93
,1.4,3.5,69,154,11.58,-73,10.8,9959,0,10,1872351,12.93
,1.1,3.7,95,153,11.59,-74,10.5,9958,0,10,1872051,12.94
,1.5,4.3,100,152,11.59,-73,10.5,9956,0,10,1871751,12.94
,1.0,3.8,107,151,11.58,-73,10.5,9955,0,10,1871451,12.93
,1.5,2.5,94,150,11.58,-74,10.8,9954,0,10,1871151,12.93
,1.5,2.6,110,149,11.59,-74,10.5,9953,0,10,1870851,12.94
,1.3,2.5,68,148,11.59,-73,11.2,9952,0,10,1870551,12.94
,0.9,3.1,82,147,11.57,-74,10.8,9951,0,10,1870251,12.92
,1.3,2.9,99,146,11.58,-73,10.5,9950,0,10,1869951,12.93
,1.2,3.9,99,145,11.57,-73,11,9949,0,10,1869651,12.92
,0.9,3.5,94,144,11.56,-74,10.2,9948,0,10,1869351,12.91
,1.1,1.9,96,143,11.57,-74,11,9947,0,10,1869051,12.92
,1.5,3.2,90,142,11.59,-73,10.5,9946,0,10,1868751,12.94
,1.1,2.5,94,141,11.58,-74,10,9945,0,10,1868451,12.93
,1.7,3.7,82,140,11.58,-74,10.8,9944,0,10,1868151,12.93
,1.2,4.1,100,139,11.58,-74,10.8,9943,0,10,1867851,12.93
,1.2,2.5,57,138,11.56,-74,10.5,9942,0,10,1867551,12.91
,1.5,2.6,76,137,11.57,-73,10.5,9940,0,10,1867251,12.92
,1.0,2.1,113,136,11.57,-74,11.2,9939,0,10,1866951,12.92
,1.1,3.3,108,135,11.57,-74,10.5,9938,0,10,1866651,12.92
,0.8,3.0,49,134,11.59,-74,10.8,9937,0,10,1866351,12.94
,1.3,3.6,79,133,11.57,-74,10,9936,0,10,1866051,12.92
,1.4,4.5,68,132,11.57,-74,10.8,9935,0,10,1865751,12.92
,1.5,4.5,101,131,11.56,-73,10.5,9934,0,10,1865451,12.91
,1.2,2.9,82,130,11.56,-74,10.8,9933,0,10,1865151,12.91
,1.2,4.5,83,129,11.57,-74,10.8,9932,0,10,1864851,12.92
,2.0,5.2,62,128,11.59,-74,10.5,9931,0,10,1864551,12.94
,1.5,3.0,69,127,11.58,-74,10.8,9930,0,10,1864251,12.93
,2.3,4.7,46,126,11.57,-74,10.8,9929,0,10,1863951,12.92
,1.2,3.6,78,125,11.55,-75,11.8,9928,0,10,1863651,12.9
,1.6,3.5,29,124,11.56,-73,11.5,9927,0,10,1863351,12.91
,1.3,2.5,50,123,11.57,-75,10.8,9926,0,10,1863051,12.92
,1.5,3.2,42,122,11.58,-73,10.5,9925,0,10,1862751,12.93
,2.0,4.4,32,121,11.56,-74,11,9924,0,10,1862451,12.91
,1.7,5.4,50,120,11.58,-74,11,9922,0,10,1862151,12.93
,1.1,3.6,93,119,11.56,-75,10.5,9921,0,10,1861851,12.91
,1.6,4.6,44,118,11.56,-75,11,9920,0,10,1861551,12.91
,2.4,5.4,44,117,11.57,-73,10.2,9919,0,10,1861251,12.92
,2.7,5.4,39,116,11.56,-75,10.8,9918,0,10,1860951,12.91
,2.2,4.8,35,115,11.58,-75,11.2,9916,0,10,1860651,12.93
,2.2,5.1,28,114,11.59,-75,10.8,9914,0,10,1860351,12.94
,1.2,3.7,114,113,11.58,-75,11.5,9913,0,10,1860051,12.93
,1.6,4.6,90,112,11.56,-74,11,9912,0,10,1859751,12.91
,1.9,3.7,49,111,11.58,-75,10.8,9911,0,10,1859451,12.93
,1.9,3.5,45,110,11.58,-76,10.5,9910,0,10,1859151,12.93
,1.5,3.4,55,109,11.57,-75,11.2,9909,0,10,1858851,12.92
,1.0,5.0,92,108,11.58,-75,10.8,9908,0,10,1858551,12.93
,0.9,3.3,87,107,11.58,-76,10.8,9907,0,10,1858251,12.93
,1.0,1.7,106,106,11.56,-77,11.5,9906,0,10,1857951,12.91
,1.0,1.8,108,105,11.55,-76,10.2,9905,0,10,1857651,12.9
,0.9,3.7,117,104,11.58,-74,11.2,9904,0,10,1857351,12.93
,1.0,2.5,68,103,11.58,-77,11,9903,0,10,1857051,12.93
,1.0,2.4,71,102,11.59,-76,10.2,9901,0,10,1856751,12.94
,1.0,2.1,84,101,11.59,-78,11,9899,0,10,1856451,12.94
,0.9,2.1,102,100,11.58,-77,10.8,9898,0,10,1856151,12.93
,0.7,2.1,114,99,11.56,-77,10.2,9897,0,10,1855851,12.91
,1.4,3.0,106,98,11.57,-76,10.8,9896,0,10,1855551,12.92
,1.6,4.5,89,97,11.58,-78,11,9895,0,10,1855251,12.93
,1.2,2.6,80,96,11.58,-77,10.5,9894,0,10,1854951,12.93
,1.0,2.6,91,95,11.58,-77,11.2,9892,0,10,1854651,12.93
,1.2,2.1,77,94,11.58,-77,11,9890,0,10,1854351,12.93
,1.1,2.8,83,93,11.55,-78,11,9889,0,10,1854051,12.9
,1.0,2.3,74,92,11.55,-77,11.2,9888,0,10,1853751,12.9
,0.8,3.1,81,91,11.57,-78,10.8,9886,0,10,1853451,12.92
,1.0,1.8,102,90,11.58,-77,11,9884,0,10,1853151,12.93
,1.1,1.8,118,89,11.59,-78,11.2,9883,0,10,1852851,12.94
,1.1,2.0,113,88,11.57,-78,11,9882,0,10,1852551,12.92
,1.1,3.1,76,87,11.56,-78,11,9880,0,10,1852251,12.91
,1.3,2.8,43,86,11.56,-79,10.8,9879,0,10,1851951,12.91
,1.1,2.1,91,85,11.57,-78,11,9877,0,10,1851651,12.92
,1.2,2.2,116,84,11.57,-79,10.2,9876,0,10,1851351,12.92
,1.3,2.9,96,83,11.59,-78,10.8,9874,0,10,1851051,12.94
,1.2,3.6,79,82,11.59,-78,11.2,9873,0,10,1850751,12.94
,1.0,2.7,92,81,11.58,-78,10.8,9872,0,10,1850451,12.93
,1.0,2.5,106,80,11.56,-79,10.5,9870,0,10,1850151,12.91
,1.1,2.0,117,79,11.57,-77,10.2,9868,0,10,1849851,12.92
,1.5,3.8,86,78,11.59,-78,10.8,9867,0,10,1849551,12.94
,1.2,4.3,81,77,11.59,-79,10.8,9865,0,10,1849251,12.94
,1.3,2.4,49,76,11.57,-80,11.5,9864,0,10,1848951,12.92
,1.2,3.0,119,75,11.59,-79,10.5,9862,0,10,1848651,12.94
,1.0,3.3,103,74,11.58,-79,11,9861,0,10,1848351,12.93
,1.3,2.8,103,73,11.57,-78,11.2,9859,0,10,1848051,12.92
,1.1,3.8,111,72,11.56,-79,10.8,9858,0,10,1847751,12.91
,1.5,4.5,85,71,11.59,-77,11.2,9856,0,10,1847451,12.94
,2.3,6.3,42,70,11.60,-79,10.8,9855,0,10,1847151,12.95
,2.1,5.4,36,69,11.60,-80,10.5,9854,0,10,1846851,12.95
,2.0,5.6,39,68,11.60,-77,11,9852,0,10,1846551,12.95
,2.6,5.7,32,67,11.58,-81,10.8,9851,0,10,1846251,12.93
,1.4,3.3,34,66,11.58,-78,11,9849,0,10,1845951,12.93
,1.8,4.3,26,65,11.60,-80,10.8,9848,0,10,1845651,12.95
,2.0,4.4,28,64,11.60,-79,10.2,9847,0,10,1845351,12.95
,2.1,6.4,29,63,11.60,-79,10.5,9845,0,10,1845051,12.95
,2.6,6.6,23,62,11.60,-79,10.8,9844,0,10,1844751,12.95
,2.9,5.9,18,61,11.59,-77,11,9843,0,10,1844451,12.94
,2.5,5.4,27,60,11.58,-78,10.8,9842,0,10,1844151,12.93
,2.0,5.2,25,59,11.59,-79,11,9841,0,10,1843851,12.94
,1.7,7.0,41,58,11.60,-79,10.8,9840,0,10,1843551,12.95
,1.8,5.7,43,57,11.60,-77,11.8,9839,0,10,1843251,12.95
,2.6,6.7,22,56,11.60,-79,10.5,9838,0,10,1842951,12.95
,2.0,5.9,57,55,11.60,-79,10.2,9837,0,10,1842651,12.95
,2.4,6.4,41,54,11.59,-79,10.5,9835,0,10,1842351,12.94
,1.3,3.0,63,53,11.58,-77,11.8,9834,0,10,1842051,12.93
,1.6,5.2,66,52,11.60,-78,10.8,9833,0,10,1841751,12.95
,1.9,4.9,63,51,11.60,-78,10.8,9832,0,10,1841451,12.95
,1.2,5.0,64,50,11.60,-77,10.5,9830,0,10,1841151,12.95
,1.5,3.9,103,49,11.60,-78,11,9828,0,10,1840851,12.95
,1.6,3.9,37,48,11.58,-77,11,9827,0,10,1840551,12.93
,1.8,4.6,61,47,11.59,-76,10.5,9826,0,10,1840251,12.94
,2.1,6.0,67,46,11.59,-77,11.2,9825,0,10,1839951,12.94
,2.5,7.6,24,45,11.59,-77,11.2,9823,0,10,1839651,12.94
,2.0,4.1,46,44,11.60,-76,11,9821,0,10,1839351,12.95
,0.9,4.0,91,43,11.61,-78,11.2,9820,0,10,1839051,12.96
,1.3,4.5,109,42,11.60,-76,10.8,9818,0,10,1838751,12.95
,2.3,8.0,63,41,11.59,-76,10.5,9816,0,10,1838451,12.94
,4.2,8.9,2,40,11.59,-75,11,9815,0,10,1838151,12.94
,2.4,5.3,357,39,11.60,-77,10.8,9813,0,10,1837851,12.95
,3.7,8.9,0,38,11.60,-75,11,9811,0,10,1837551,12.95
,4.2,6.2,354,37,11.61,-76,10.8,9809,0,10,1837251,12.96
,3.4,7.3,355,36,11.61,-76,10.8,9808,0,10,1836951,12.96
,4.8,6.7,351,35,11.60,-77,10.8,9806,0,10,1836651,12.95
,5.3,8.6,355,34,11.59,-76,10.8,9805,0,10,1836351,12.94
,1.3,3.2,25,33,11.60,-75,10.8,9803,0,10,1836051,12.95
,2.2,5.6,33,32,11.61,-75,10.8,9802,0,10,1835751,12.96
,3.7,7.0,1,31,11.61,-75,11,9800,0,10,1835451,12.96
,4.5,6.6,6,30,11.62,-76,11,9798,0,10,1835151,12.97
,3.0,6.8,28,29,11.61,-75,10.8,9796,0,10,1834851,12.96
,1.5,3.9,27,28,11.61,-75,11,9795,0,10,1834551,12.96
,2.6,7.1,39,27,11.60,-74,11,9794,0,10,1834251,12.95
,1.9,4.9,49,26,11.64,-74,11,9792,0,10,1833951,12.99
,2.5,5.2,54,25,11.64,-75,11,9791,0,10,1833651,12.99
,1.5,5.0,50,24,11.65,-74,10.8,9790,0,10,1833351,13
,1.4,3.7,54,23,11.65,-75,11,9788,0,10,1833051,13
,2.0,5.2,34,22,11.64,-74,11.2,9787,0,10,1832751,12.99
,2.1,4.7,60,21,11.66,-74,10.2,9785,0,10,1832451,13.01
,1.0,2.0,95,20,11.66,-74,11,9783,0,10,1832151,13.01
,1.2,2.1,120,19,11.70,-74,11.5,9781,0,10,1831851,13.05
,1.0,2.8,102,18,11.72,-74,10.2,9780,0,10,1831551,13.07
,1.2,2.9,95,17,11.77,-74,11,9778,0,10,1831251,13.12
,1.2,2.7,113,16,11.76,-74,11.2,9776,0,10,1830951,13.11
,1.3,4.5,92,15,11.79,-74,11.5,9774,0,10,1830651,13.14
,2.4,4.6,47,14,11.81,-74,11.5,9773,0,10,1830351,13.16
,1.6,5.9,38,13,11.86,-74,10.2,9771,0,10,1830051,13.21
,2.4,6.7,41,12,11.90,-74,10.2,9769,0,10,1829751,13.25
,3.8,11.8,12,11,11.91,-74,10.2,9767,0,10,1829451,13.26
,6.4,11.9,357,10,11.97,-75,10.8,9765,0,10,1829151,13.32
,7.8,15.7,0,9,12.00,-77,11,9764,0,10,1828851,13.35
,2.6,6.9,10,8,12.04,-74,10.5,9763,0,10,1828551,13.39
,2.7,7.8,20,7,12.06,-74,10.5,9762,0,10,1828251,13.41
,4.8,9.3,20,6,12.07,-74,10.8,9761,0,10,1827951,13.42
,6.2,12.6,0,5,12.08,-74,11.2,9760,0,10,1827651,13.43
,6.2,9.6,357,4,12.09,-74,11,9759,0,10,1827351,13.44
,2.2,6.4,16,3,12.10,-74,11.2,9758,0,10,1827051,13.45
,3.3,7.6,5,2,12.12,-75,11,9757,0,10,1826751,13.47
,3.8,8.6,21,1,12.13,-74,11,9756,0,10,1826451,13.48
,3.7,12.0,12,0,12.16,-73,10.5,9755,0,10,1826151,13.51
,6.9,12.8,8,19,12.17,-83,10.8,9754,0,10,1825525,13.52
,1.9,5.5,44,18,12.21,-84,11,9752,0,10,1825225,13.56
,3.3,13.0,32,17,12.23,-83,10.8,9750,0,10,1824925,13.58
,8.4,12.1,353,16,12.21,-84,10.8,9749,0,10,1824625,13.56
,6.9,11.1,349,15,12.21,-84,10.8,9747,0,10,1824325,13.56
,5.4,10.6,3,14,12.22,-84,11,9746,0,10,1824025,13.57
,8.8,13.9,334,13,12.23,-84,10.5,9745,0,10,1823725,13.58
,12.0,16.4,351,12,12.23,-83,11,9744,0,10,1823425,13.58
,8.6,14.1,349,11,12.24,-84,10.8,9743,0,10,1823125,13.59
,8.6,14.5,353,10,12.23,-85,11.2,9742,0,10,1822825,13.58
,11.5,16.2,352,9,12.23,-84,11,9741,0,10,1822525,13.58
,8.3,12.5,350,8,12.23,-85,10.5,9740,0,10,1822225,13.58
,6.6,10.3,359,7,12.22,-84,10.8,9739,0,10,1821925,13.57
,6.0,9.8,357,6,12.23,-84,10.8,9738,0,10,1821625,13.58
,6.4,12.8,349,5,12.23,-85,11,9737,0,10,1821325,13.58
,7.6,12.0,351,4,12.24,-84,10.8,9736,0,10,1821025,13.59
,5.6,12.8,352,3,12.22,-85,10.8,9735,0,10,1820725,13.57
,3.2,8.7,3,2,12.23,-84,10.5,9733,0,10,1820425,13.58
,5.9,14.1,0,1,12.20,-86,10.8,9732,0,10,1820125,13.55
,3.8,14.4,8,0,12.20,-85,10.8,9731,0,10,1819825,13.55
,3.5,8.7,11,523,13.35,-85,11,9730,0,10,1818084,14.7
,7.3,17.3,357,522,13.34,-87,10.5,9728,0,10,1817784,14.69
,10.1,15.6,353,521,13.34,-86,11,9727,0,10,1817484,14.69
,12.2,17.3,350,520,13.35,-87,10.8,9726,0,10,1817184,14.7
,10.8,19.0,354,519,13.35,-87,11,9725,0,10,1816884,14.7
,15.4,19.8,352,518,13.36,-88,10.5,9724,0,10,1816584,14.71
,15.2,19.8,353,517,13.35,-87,11,9723,0,10,1816284,14.7
,14.9,22.7,354,516,13.36,-88,10.5,9722,0,10,1815984,14.71
,13.4,19.2,350,515,13.36,-86,11.2,9721,0,10,1815684,14.71
,12.5,18.9,355,514,13.36,-87,11,9720,0,10,1815384,14.71
,14.1,18.5,353,513,13.35,-88,11.5,9719,0,10,1815084,14.7
,11.1,17.5,351,512,13.36,-87,11,9718,0,10,1814784,14.71
,13.7,19.4,342,511,13.35,-87,10.5,9717,0,10,1814484,14.7
,12.9,17.2,350,510,13.35,-89,11.2,9716,0,10,1814184,14.7
,12.8,18.3,351,509,13.35,-89,10.8,9715,0,10,1813884,14.7
,12.9,17.0,343,508,13.35,-89,11,9713,0,10,1813584,14.7
,12.8,17.1,354,507,13.34,-88,11.2,9712,0,10,1813284,14.69
,12.4,16.0,352,506,13.35,-89,11.2,9711,0,10,1812984,14.7
,12.4,18.6,352,505,13.35,-88,10.8,9710,0,10,1812684,14.7
,15.2,19.9,354,504,13.34,-89,10.8,9709,0,10,1812384,14.69
,13.0,18.8,351,503,13.34,-89,10.8,9708,0,10,1812084,14.69
,13.1,17.2,337,502,13.35,-87,10.5,9707,0,10,1811784,14.7
,12.1,18.0,340,501,13.35,-90,11,9706,0,10,1811484,14.7
,12.8,15.8,343,500,13.16,-89,11,9704,0,10,1811184,14.51
,13.3,17.1,342,499,13.10,-88,11,9703,0,10,1810884,14.45
,10.5,14.7,348,498,12.99,-89,11,9702,0,10,1810584,14.34
,8.6,12.2,348,497,12.96,-91,10.5,9701,0,10,1810284,14.31
,7.4,11.0,347,496,12.94,-89,11,9700,0,10,1809984,14.29
,6.3,10.8,353,495,12.92,-88,10.5,9699,0,10,1809684,14.27
,8.6,13.3,351,494,12.92,-90,10.8,9698,0,10,1809384,14.27
,10.5,15.9,351,493,12.93,-89,10.5,9697,0,10,1809084,14.28
,11.6,17.6,353,492,12.95,-88,10.8,9696,0,10,1808784,14.3
,11.2,15.4,346,491,12.92,-90,11,9695,0,10,1808484,14.27
,11.2,16.3,342,490,12.91,-91,10.5,9694,0,10,1808184,14.26
,13.0,16.9,333,489,12.91,-89,10.8,9692,0,10,1807884,14.26
,13.6,18.2,329,488,12.91,-91,11,9691,0,10,1807584,14.26
,13.8,19.0,329,487,12.90,-90,10.8,9690,0,10,1807284,14.25
,14.1,19.6,326,486,12.91,-91,11,9689,0,10,1806984,14.26
,13.7,18.4,323,485,12.89,-92,10.2,9688,0,10,1806684,14.24
,14.5,19.3,326,484,12.87,-90,10.8,9687,0,10,1806384,14.22
,15.3,19.7,326,483,12.91,-89,10.8,9686,0,10,1806084,14.26
,15.9,20.3,335,482,12.91,-89,11.2,9685,0,10,1805784,14.26
,14.8,20.9,335,481,12.90,-93,10.2,9684,0,10,1805484,14.25
,14.1,17.9,332,480,12.90,-89,11,9683,0,10,1805184,14.25
,13.6,17.1,328,479,12.89,-88,11,9682,0,10,1804884,14.24
,14.4,19.5,327,478,12.91,-91,10.2,9681,0,10,1804584,14.26
,14.8,18.4,330,477,12.92,-89,10.8,9680,0,10,1804284,14.27
,13.9,19.4,323,476,12.95,-91,10.8,9679,0,10,1803984,14.3
,16.2,21.0,328,475,12.97,-90,11.2,9678,0,10,1803684,14.32
,16.1,21.9,331,474,12.95,-91,10.5,9676,0,10,1803384,14.3
,16.8,22.2,337,473,12.95,-90,10.5,9675,0,10,1803084,14.3
,16.5,22.7,330,472,12.94,-88,10.5,9674,0,10,1802784,14.29
,16.5,20.6,335,471,12.93,-90,10.5,9672,0,10,1802484,14.28
,14.8,19.6,336,470,12.76,-88,10.8,9671,0,10,1802184,14.11
,13.5,19.2,353,469,12.74,-91,11,9670,0,10,1801884,14.09
,14.7,20.0,341,468,12.73,-93,11,9669,0,10,1801584,14.08
,15.7,20.0,342,467,12.72,-91,10.8,9667,0,10,1801284,14.07
,13.6,16.8,343,466,12.72,-89,10.8,9666,0,10,1800984,14.07
,10.6,15.4,348,465,12.71,-90,10.8,9665,0,10,1800684,14.06
,11.2,16.7,353,464,12.71,-90,10.5,9664,0,10,1800384,14.06
,12.0,17.8,349,463,12.71,-91,10.5,9663,0,10,1800084,14.06
,11.4,17.7,344,462,12.71,-90,10.8,9662,0,10,1799784,14.06
,13.7,18.3,342,461,12.71,-91,10.8,9660,0,10,1799484,14.06
,14.3,19.3,346,460,12.71,-91,10.8,9659,0,10,1799184,14.06
,15.5,19.5,335,459,12.71,-91,11.2,9658,0,10,1798884,14.06
,12.8,18.8,340,458,12.70,-89,10.8,9657,0,10,1798584,14.05
,15.5,20.7,332,457,12.70,-88,11.5,9656,0,10,1798284,14.05
,15.7,20.3,337,456,12.70,-88,11.8,9655,0,10,1797984,14.05
,14.6,20.7,342,455,12.70,-91,10.5,9654,0,10,1797684,14.05
,16.2,22.3,340,454,12.69,-88,11.5,9652,0,10,1797384,14.04
,14.8,19.3,335,453,12.69,-89,10.8,9651,0,10,1797084,14.04
,15.8,19.7,338,452,12.69,-88,11.2,9650,0,10,1796784,14.04
,13.5,19.6,329,451,12.70,-91,10.8,9649,0,10,1796484,14.05
,15.1,20.6,328,450,12.69,-88,10.5,9648,0,10,1796184,14.04
,12.3,16.6,325,449,12.69,-90,10.5,9647,0,10,1795884,14.04
,13.1,16.5,313,448,12.70,-91,11,9645,0,10,1795584,14.05
,14.3,20.6,327,447,12.69,-88,11.2,9644,0,10,1795284,14.04
,17.4,21.4,337,446,12.69,-89,11.2,9643,0,10,1794984,14.04
,15.8,22.4,325,445,12.69,-88,10.8,9641,0,10,1794684,14.04
,16.8,21.9,339,444,12.70,-89,11,9640,0,10,1794384,14.05
,17.1,24.5,331,443,12.69,-88,11,9639,0,10,1794084,14.04
,15.4,20.2,330,442,12.69,-90,10.8,9637,0,10,1793784,14.04
,15.5,20.7,329,441,12.69,-87,10.5,9636,0,10,1793484,14.04
,14.6,20.7,334,440,12.69,-88,10.5,9634,0,10,1793184,14.04
,13.6,18.1,341,439,12.69,-87,10.8,9633,0,10,1792884,14.04
,13.7,18.6,337,438,12.70,-87,11,9632,0,10,1792584,14.05
,13.0,19.4,325,437,12.70,-87,10.5,9631,0,10,1792284,14.05
,15.4,19.4,328,436,12.69,-87,11,9630,0,10,1791984,14.04
,15.1,18.7,329,435,12.70,-87,11,9628,0,10,1791684,14.05
,14.6,18.4,323,434,12.69,-88,11.2,9627,0,10,1791384,14.04
,14.9,19.8,319,433,12.69,-86,11.2,9626,0,10,1791084,14.04
,13.4,19.7,330,432,12.69,-90,10.5,9625,0,10,1790784,14.04
,15.2,19.8,328,431,12.70,-85,10.2,9624,0,10,1790484,14.05
,14.8,19.3,325,430,12.69,-88,10.5,9623,0,10,1790184,14.04
,12.8,18.1,324,429,12.70,-85,11,9622,0,10,1789884,14.05
,14.0,18.1,327,428,12.70,-86,11,9621,0,10,1789584,14.05
,13.5,18.6,331,427,12.69,-86,11.2,9620,0,10,1789284,14.04
,16.7,20.5,332,426,12.69,-88,10.5,9619,0,10,1788984,14.04
,15.6,22.9,325,425,12.70,-85,11.5,9618,0,10,1788684,14.05
,17.5,24.8,328,424,12.70,-85,11,9617,0,10,1788384,14.05
,18.1,23.4,333,423,12.70,-86,11.2,9615,0,10,1788084,14.05
,17.2,26.5,332,422,12.69,-84,10.5,9613,0,10,1787784,14.04
,19.0,25.2,332,421,12.70,-86,10.8,9612,0,10,1787484,14.05
,18.0,24.8,329,420,12.70,-84,10.8,9611,0,10,1787184,14.05
,16.7,22.0,325,419,12.70,-85,11.5,9610,0,10,1786884,14.05
,15.2,22.6,333,418,12.70,-84,10.8,9609,0,10,1786584,14.05
,16.1,22.1,327,417,12.70,-83,11,9608,0,10,1786284,14.05
,16.6,23.7,338,416,12.70,-84,11,9607,0,10,1785984,14.05
,16.9,22.0,328,415,12.69,-85,10.5,9606,0,10,1785684,14.04
,16.2,22.9,331,414,12.69,-85,10.5,9605,0,10,1785384,14.04
,14.5,20.2,330,413,12.70,-85,10.2,9604,0,10,1785084,14.05
,16.9,22.5,333,412,12.69,-84,10.8,9603,0,10,1784784,14.04
,15.1,21.6,336,411,12.70,-85,11,9602,0,10,1784484,14.05
,15.7,20.0,327,410,12.69,-85,10.8,9601,0,10,1784184,14.04
,13.2,17.6,320,409,12.70,-85,11.5,9599,0,10,1783884,14.05
,12.5,16.5,329,408,12.69,-85,10.8,9598,0,10,1783584,14.04
,11.5,18.0,334,407,12.70,-85,10.5,9597,0,10,1783284,14.05
,11.7,14.7,325,406,12.70,-85,10.5,9595,0,10,1782984,14.05
,9.3,11.9,339,405,12.70,-85,10.8,9594,0,10,1782684,14.05
,9.8,13.8,328,404,12.70,-85,11.2,9593,0,10,1782384,14.05
,10.1,13.4,340,403,12.69,-85,11,9592,0,10,1782084,14.04
,11.0,17.7,327,402,12.70,-85,10.2,9590,0,10,1781784,14.05
,12.7,16.9,332,401,12.70,-85,11.8,9589,0,10,1781484,14.05
,10.1,14.8,345,400,12.70,-85,10.5,9587,0,10,1781184,14.05
,10.8,14.6,346,399,12.70,-83,11,9585,0,10,1780884,14.05
,11.1,18.2,341,398,12.70,-82,11.5,9583,0,10,1780584,14.05
,12.9,18.3,337,397,12.70,-84,10.8,9582,0,10,1780284,14.05
,14.9,18.9,335,396,12.70,-84,11,9581,0,10,1779984,14.05
,16.3,21.3,327,395,12.70,-84,10.8,9580,0,10,1779684,14.05
,15.5,22.8,332,394,12.70,-84,10.5,9579,0,10,1779384,14.05
,11.5,15.6,338,393,12.69,-84,11,9577,0,10,1779084,14.04
,10.9,16.8,348,392,12.70,-84,10.8,9576,0,10,1778784,14.05
,14.6,19.9,344,391,12.70,-84,11,9575,0,10,1778484,14.05
,14.4,19.2,331,390,12.70,-85,11.2,9573,0,10,1778184,14.05
,13.0,19.6,317,389,12.70,-86,11.5,9571,0,10,1777884,14.05
,14.4,19.8,333,388,12.70,-84,10.8,9569,0,10,1777584,14.05
,15.6,21.1,330,387,12.70,-85,11,9568,0,10,1777284,14.05
,14.7,19.1,333,386,12.70,-85,10.8,9567,0,10,1776984,14.05
,15.0,19.1,343,385,12.70,-85,10.8,9566,0,10,1776684,14.05
,14.3,19.1,339,384,12.70,-85,10.8,9565,0,10,1776384,14.05
,14.5,18.5,331,383,12.70,-85,11.2,9564,0,10,1776084,14.05
,15.4,20.5,332,382,12.70,-85,10.2,9563,0,10,1775784,14.05
,15.7,21.2,329,381,12.70,-86,11.2,9561,0,10,1775484,14.05
,16.3,22.8,327,380,12.70,-85,11.5,9559,0,10,1775184,14.05
,15.5,22.4,328,379,12.70,-85,11.2,9557,0,10,1774884,14.05
,16.2,22.2,339,378,12.70,-84,11.2,9555,0,10,1774584,14.05
,16.6,22.3,331,377,12.70,-84,10.8,9553,0,10,1774284,14.05
,18.5,23.5,337,376,12.70,-84,11,9551,0,10,1773984,14.05
,17.9,24.2,335,375,12.70,-85,11.5,9549,0,10,1773684,14.05
,16.7,21.3,341,374,12.70,-84,11.2,9547,0,10,1773384,14.05
,17.6,22.7,336,373,12.70,-85,10.8,9545,0,10,1773084,14.05
,14.9,19.6,333,372,12.70,-84,10.8,9544,0,10,1772784,14.05
,14.8,23.0,339,371,12.70,-85,10.5,9543,0,10,1772484,14.05
,14.9,20.8,331,370,12.70,-86,10.2,9542,0,10,1772184,14.05
,15.5,19.6,344,369,12.70,-86,11,9541,0,10,1771884,14.05
,13.1,18.2,349,368,12.70,-84,11,9539,0,10,1771584,14.05
,15.0,19.4,351,367,12.70,-86,11.5,9538,0,10,1771284,14.05
,12.9,17.6,347,366,12.70,-85,10.2,9537,0,10,1770984,14.05
,13.1,16.7,352,365,12.70,-87,10.5,9536,0,10,1770684,14.05
,12.6,16.3,347,364,12.70,-87,10.5,9534,0,10,1770384,14.05
,13.7,18.5,336,363,12.70,-85,10.5,9533,0,10,1770084,14.05
,14.6,19.2,330,362,12.70,-86,11,9532,0,10,1769784,14.05
,14.6,18.7,339,361,12.70,-88,11.5,9530,0,10,1769484,14.05
,14.4,19.6,344,360,12.70,-85,11,9528,0,10,1769184,14.05
,14.9,20.9,348,359,12.70,-86,10.5,9527,0,10,1768884,14.05
,15.0,19.2,339,358,12.70,-87,11.5,9525,0,10,1768584,14.05
,14.5,19.0,341,357,12.70,-87,10.8,9524,0,10,1768284,14.05
,15.0,19.0,334,356,12.70,-87,11,9522,0,10,1767984,14.05
,15.2,22.6,334,355,12.70,-87,10.8,9521,0,10,1767684,14.05
,16.5,22.3,335,354,12.70,-88,11,9520,0,10,1767384,14.05
,17.1,21.8,344,353,12.70,-88,10.8,9519,0,10,1767084,14.05
,16.4,21.6,338,352,12.70,-87,10.5,9517,0,10,1766784,14.05
,15.9,20.3,349,351,12.70,-89,11,9515,0,10,1766484,14.05
,16.7,21.2,342,350,12.70,-90,10.8,9514,0,10,1766185,14.05
,15.3,20.3,339,349,12.70,-89,11.2,9513,0,10,1765884,14.05
,17.6,22.2,341,348,12.70,-89,11,9511,0,10,1765584,14.05
,17.5,23.4,345,347,12.70,-89,10.5,9510,0,10,1765284,14.05
,17.0,24.0,338,346,12.70,-87,10.5,9509,0,10,1764984,14.05
,18.3,22.9,341,345,12.70,-89,11,9508,0,10,1764684,14.05
,16.5,20.9,335,344,12.70,-89,11,9507,0,10,1764384,14.05
,19.4,23.0,335,343,12.70,-90,10.2,9506,0,10,1764084,14.05
,16.0,21.6,331,342,12.70,-91,11,9505,0,10,1763784,14.05
,16.6,20.6,334,341,12.70,-89,10.8,9504,0,10,1763484,14.05
,14.6,18.4,332,340,12.70,-90,10.8,9503,0,10,1763184,14.05
,13.1,18.4,323,339,12.71,-90,10.5,9502,0,10,1762884,14.06
,12.8,17.9,327,338,12.70,-90,10.8,9501,0,10,1762584,14.05
,15.2,20.9,324,337,12.70,-93,10.8,9500,0,10,1762285,14.05
,14.0,19.2,312,336,12.70,-93,10.5,9499,0,10,1761984,14.05
,16.5,20.9,316,335,12.70,-93,10.8,9498,0,10,1761684,14.05
,16.7,21.3,314,334,12.70,-89,11.2,9496,0,10,1761384,14.05
,15.3,22.9,323,333,12.70,-91,10.2,9494,0,10,1761084,14.05
,18.1,22.4,318,332,12.70,-91,10.2,9493,0,10,1760784,14.05
,15.5,22.7,322,331,12.70,-91,10.5,9492,0,10,1760484,14.05
,18.5,23.9,310,330,12.70,-90,10.5,9491,0,10,1760184,14.05
,15.8,20.6,320,329,12.70,-90,10.2,9490,0,10,1759884,14.05
,14.1,19.5,316,328,12.70,-92,10.5,9489,0,10,1759584,14.05
,10.1,13.5,330,327,12.70,-91,10.2,9488,0,10,1759284,14.05
,11.5,17.9,324,326,12.70,-90,10.5,9487,0,10,1758984,14.05
,14.1,18.1,327,325,12.71,-91,11,9486,0,10,1758684,14.06
,15.2,22.0,311,324,12.70,-92,10.8,9484,0,10,1758384,14.05
,17.7,25.1,326,323,12.70,-90,10.8,9482,0,10,1758084,14.05
,15.7,22.0,332,322,12.70,-90,10.8,9481,0,10,1757784,14.05
,16.3,20.9,330,321,12.70,-90,10.5,9480,0,10,1757484,14.05
,15.6,20.8,328,320,12.70,-91,10.8,9479,0,10,1757184,14.05
,18.0,23.3,330,319,12.70,-90,10.8,9478,0,10,1756884,14.05
,17.2,23.7,333,318,12.70,-91,12,9477,0,10,1756584,14.05
,16.9,20.9,331,317,12.70,-90,10.8,9476,0,10,1756285,14.05
,16.4,23.5,331,316,12.71,-91,10.8,9475,0,10,1755984,14.06
,18.1,24.4,325,315,12.70,-89,11,9474,0,10,1755684,14.05
,19.8,26.7,318,314,12.71,-89,11,9473,0,10,1755384,14.06
,19.0,23.3,336,313,12.71,-87,10.2,9472,0,10,1755084,14.06
,16.9,24.7,329,312,12.71,-88,11.2,9471,0,10,1754784,14.06
,14.5,23.0,319,311,12.70,-90,11,9470,0,10,1754484,14.05
,16.4,22.1,328,310,12.70,-89,11,9469,0,10,1754184,14.05
,17.1,22.5,335,309,12.70,-89,11.2,9467,0,10,1753884,14.05
,16.6,23.0,326,308,12.71,-90,10.8,9466,0,10,1753584,14.06
,14.8,22.3,339,307,12.71,-90,10.5,9465,0,10,1753284,14.06
,17.9,26.4,332,306,12.71,-88,11.8,9464,0,10,1752984,14.06
,19.0,24.6,327,305,12.71,-88,11,9463,0,10,1752684,14.06
,18.2,22.7,333,304,12.71,-90,10.8,9462,0,10,1752385,14.06
,19.7,26.7,334,303,12.71,-88,11.2,9461,0,10,1752084,14.06
,18.6,25.4,331,302,12.71,-88,11.8,9459,0,10,1751784,14.06
,20.4,25.9,331,301,12.71,-90,11,9457,0,10,1751484,14.06
,18.2,24.4,323,300,12.71,-87,11,9456,0,10,1751184,14.06
,19.1,25.3,327,299,12.71,-89,10.8,9455,0,10,1750887,14.06
,19.9,24.6,329,298,12.72,-86,10.5,9454,0,10,1750584,14.07
,20.1,27.5,325,297,12.72,-87,10.2,9453,0,10,1750284,14.07
,21.2,26.5,329,296,12.72,-86,10.8,9452,0,10,1749984,14.07
,20.5,25.1,327,295,12.73,-86,11.2,9451,0,10,1749684,14.08
,20.5,26.9,334,294,12.72,-87,10.8,9450,0,10,1749384,14.07
,20.4,25.6,327,293,12.73,-86,10.8,9449,0,10,1749084,14.08
,20.9,27.8,330,292,12.73,-85,11,9448,0,10,1748784,14.08
,19.5,24.6,324,291,12.74,-85,11.8,9447,0,10,1748485,14.09
,18.7,27.2,326,290,12.74,-87,10.2,9446,0,10,1748184,14.09
,17.3,27.3,332,289,12.75,-88,11,9445,0,10,1747884,14.1
,21.0,26.8,328,288,12.76,-87,10.8,9444,0,10,1747584,14.11
,19.0,23.8,326,287,12.76,-86,10.5,9443,0,10,1747284,14.11
,18.3,24.4,326,286,12.77,-87,11,9442,0,10,1746984,14.12
,17.9,26.5,331,285,12.77,-86,10.8,9441,0,10,1746684,14.12
,20.2,27.6,327,284,12.78,-86,11,9440,0,10,1746385,14.13
,19.4,26.7,320,283,12.80,-85,11.2,9438,0,10,1746084,14.15
,18.5,24.3,324,282,12.82,-85,10.2,9436,0,10,1745784,14.17
,20.1,26.1,306,281,12.84,-87,11,9434,0,10,1745484,14.19
,19.5,26.6,313,280,12.85,-87,10.8,9433,0,10,1745184,14.2
,18.9,24.8,309,279,12.89,-86,11.2,9431,0,10,1744884,14.24
,18.3,24.0,325,278,12.92,-85,11,9430,0,10,1744585,14.27
,17.2,23.3,318,277,12.96,-86,11,9429,0,10,1744284,14.31
,17.6,24.0,326,276,12.99,-86,11,9427,0,10,1743984,14.34
,19.7,25.9,306,275,13.02,-84,10.8,9426,0,10,1743684,14.37
,15.4,20.8,283,274,13.06,-86,11,9424,0,10,1743384,14.41
,15.7,23.0,273,273,13.12,-84,10.8,9422,0,10,1743084,14.47
,15.7,21.7,269,272,13.18,-85,11.2,9420,0,10,1742784,14.53
,16.0,21.6,264,271,13.24,-86,11.5,9419,0,10,1742485,14.59
,11.2,17.3,260,270,13.27,-85,10.5,9417,0,10,1742184,14.62
,12.0,19.4,262,269,13.27,-84,10.5,9416,0,10,1741884,14.62
,13.4,19.7,262,268,13.28,-84,11.2,9414,0,10,1741584,14.63
,13.5,20.2,261,267,13.28,-84,11.2,9413,0,10,1741284,14.63
,15.6,20.6,267,266,13.28,-84,11,9411,0,10,1740984,14.63
,16.1,21.0,276,265,13.27,-85,11.8,9409,0,10,1740685,14.62
,14.7,24.3,275,264,13.25,-85,10.5,9407,0,10,1740384,14.6
,15.8,22.5,275,263,13.21,-85,10.8,9405,0,10,1740084,14.56
,19.6,27.1,276,262,13.18,-87,11,9404,0,10,1739784,14.53
,20.4,29.1,275,261,13.13,-85,11,9402,0,10,1739484,14.48
,16.7,21.8,271,260,13.12,-85,10.8,9400,0,10,1739184,14.47
,13.5,22.0,265,259,13.14,-85,11.2,9398,0,10,1738884,14.49
,17.3,24.0,265,258,13.20,-85,11,9396,0,10,1738585,14.55
,19.2,25.8,264,257,13.27,-85,11,9395,0,10,1738284,14.62
,21.1,26.9,265,256,13.34,-85,11.2,9393,0,10,1737984,14.69
,20.3,25.9,264,255,13.35,-86,10.8,9391,0,10,1737684,14.7
,18.3,26.2,266,254,13.35,-85,10.5,9390,0,10,1737384,14.7
,17.4,24.8,267,253,13.35,-84,11,9389,0,10,1737084,14.7
,17.9,25.2,273,252,13.27,-85,10.5,9387,0,10,1736784,14.62
,14.3,20.9,261,251,13.22,-86,11.2,9385,0,10,1736485,14.57
,13.2,24.3,257,250,13.23,-84,11,9383,0,10,1736184,14.58
,15.4,26.9,261,249,13.22,-84,10.5,9382,0,10,1735884,14.57
,18.1,25.8,263,248,13.25,-85,10.8,9381,0,10,1735584,14.6
,18.6,27.0,265,247,13.25,-84,11,9380,0,10,1735284,14.6
,18.1,23.7,267,246,13.26,-84,10.8,9378,0,10,1734984,14.61
,17.8,24.1,266,245,13.24,-83,10.8,9376,0,10,1734685,14.59
,19.7,26.8,266,244,13.24,-84,11.5,9374,0,10,1734384,14.59
,20.5,28.4,265,243,13.27,-85,11.2,9372,0,10,1734084,14.62
,21.2,26.7,265,242,13.33,-85,11.2,9371,0,10,1733784,14.68
,17.3,29.5,269,241,13.34,-83,11,9370,0,10,1733484,14.69
,11.4,27.8,249,240,13.35,-86,11.5,9369,0,10,1733184,14.7
,10.5,21.3,245,239,13.35,-86,11.2,9368,0,10,1732884,14.7
,11.0,21.6,248,238,13.35,-86,11,9366,0,10,1732585,14.7
,12.4,21.6,248,237,13.36,-86,10.8,9365,0,10,1732284,14.71
,9.5,19.7,243,236,13.36,-84,11,9363,0,10,1731984,14.71
,12.0,23.0,245,235,13.36,-86,10.8,9361,0,10,1731684,14.71
,9.5,18.9,248,234,13.35,-85,11,9359,0,10,1731384,14.7
,9.6,18.3,240,233,13.35,-85,11,9358,0,10,1731084,14.7
,11.1,21.1,236,232,13.36,-85,10.8,9356,0,10,1730785,14.71
,12.6,23.4,234,231,13.36,-85,10.8,9354,0,10,1730485,14.71
,10.3,19.4,231,230,13.35,-85,10.5,9352,0,10,1730184,14.7
,10.6,18.3,231,229,13.36,-84,10.8,9351,0,10,1729884,14.71
,9.2,18.4,227,228,13.36,-84,10.8,9350,0,10,1729584,14.71
,10.4,22.9,232,227,13.36,-85,10.8,9348,0,10,1729284,14.71
,9.9,19.5,226,226,13.36,-85,10.8,9346,0,10,1728984,14.71
,11.4,19.9,234,225,13.36,-86,11.2,9344,0,10,1728685,14.71
,12.3,20.8,228,224,13.36,-86,11,9342,0,10,1728384,14.71
,11.9,19.5,226,223,13.36,-86,11,9341,0,10,1728084,14.71
,7.3,17.0,226,222,13.36,-87,10.5,9340,0,10,1727784,14.71
,7.6,18.3,226,221,13.37,-86,11,9339,0,10,1727484,14.72
,10.1,19.5,225,220,13.37,-87,11,9337,0,10,1727184,14.72
,8.6,18.0,226,219,13.36,-85,10.5,9335,0,10,1726885,14.71
,9.4,21.8,225,218,13.37,-84,10.5,9333,0,10,1726585,14.72
,8.0,15.1,222,217,13.37,-85,11.2,9331,0,10,1726284,14.72
,7.1,16.0,219,216,13.37,-86,11.2,9329,0,10,1725984,14.72
,8.3,15.1,219,215,13.38,-86,11,9328,0,10,1725684,14.73
,8.3,16.8,219,214,13.38,-85,11.2,9326,0,10,1725384,14.73
,8.0,15.0,217,213,13.39,-84,11,9325,0,10,1725084,14.74
,6.9,13.4,220,212,13.39,-86,10.5,9323,0,10,1724785,14.74
,7.4,16.5,211,211,13.37,-86,10.5,9321,0,10,1724484,14.72
,5.3,14.0,215,210,13.37,-86,11,9319,0,10,1724184,14.72
,7.6,16.4,222,209,13.38,-85,10.2,9318,0,10,1723884,14.73
,7.7,16.1,214,208,13.22,-86,11,9316,0,10,1723584,14.57
,6.0,16.0,222,207,13.10,-86,11,9314,0,10,1723284,14.45
,5.8,14.3,213,206,13.07,-87,10.5,9312,0,10,1722984,14.42
,7.0,18.7,215,205,12.95,-86,11.2,9311,0,10,1722685,14.3
,6.2,17.8,216,204,12.96,-87,11,9310,0,10,1722384,14.31
,5.0,12.3,211,203,12.95,-87,10.8,9309,0,10,1722084,14.3
,5.6,12.4,217,202,12.94,-87,11,9308,0,10,1721784,14.29
,6.2,16.1,205,201,12.96,-86,10.8,9307,0,10,1721484,14.31
,5.0,11.7,218,200,12.89,-86,10.5,9306,0,10,1721184,14.24
,7.2,15.3,217,199,12.88,-85,11.2,9304,0,10,1720885,14.23
,6.5,12.4,217,198,12.89,-87,11,9302,0,10,1720585,14.24
,10.0,17.8,231,197,12.86,-88,10.8,9300,0,10,1720284,14.21
,8.8,18.3,229,196,12.84,-90,10.5,9298,0,10,1719984,14.19
,10.3,21.1,224,195,12.83,-85,11,9296,0,10,1719684,14.18
,11.0,21.1,232,194,12.84,-87,10.2,9294,0,10,1719384,14.19
,10.7,22.6,237,193,12.84,-87,10.8,9293,0,10,1719084,14.19
,7.8,15.6,218,192,12.84,-88,11.2,9292,0,10,1718785,14.19
,10.1,18.0,221,191,12.84,-90,10.8,9290,0,10,1718484,14.19
,6.5,13.1,223,190,12.84,-88,11.8,9288,0,10,1718184,14.19
,7.0,17.9,213,189,12.86,-88,10.5,9286,0,10,1717884,14.21
,7.0,14.4,217,188,12.86,-89,10.8,9285,0,10,1717588,14.21
,4.8,18.9,203,187,12.86,-86,10.8,9284,0,10,1717284,14.21
,6.2,13.7,210,186,12.85,-88,11,9282,0,10,1716985,14.2
,7.5,18.3,216,185,12.85,-88,10.8,9281,0,10,1716685,14.2
,6.9,12.8,213,184,12.86,-88,11.2,9279,0,10,1716384,14.21
,6.6,17.4,205,183,12.91,-88,11,9278,0,10,1716084,14.26
,7.1,16.4,212,182,12.97,-88,11,9276,0,10,1715784,14.32
,6.9,12.7,214,181,12.98,-87,10.8,9274,0,10,1715484,14.33
,6.0,15.4,205,180,12.95,-87,10.2,9273,0,10,1715184,14.3
,7.0,16.5,215,179,12.92,-87,10.5,9272,0,10,1714885,14.27
,7.3,17.5,215,178,12.83,-88,11.8,9270,0,10,1714585,14.18
,6.9,14.9,208,177,12.81,-87,10.5,9269,0,10,1714284,14.16
,9.7,16.5,213,176,12.77,-89,11.2,9268,0,10,1713984,14.12
,7.0,13.7,221,175,12.76,-87,10.8,9266,0,10,1713684,14.11
,6.4,16.8,213,174,12.76,-88,11,9265,0,10,1713385,14.11
,7.2,14.8,216,173,12.76,-85,11.2,9263,0,10,1713085,14.11
,6.6,15.5,211,172,12.76,-86,11,9261,0,10,1712785,14.11
,4.4,13.6,207,171,12.75,-88,11,9259,0,10,1712484,14.1
,6.0,14.9,220,170,12.76,-87,11,9258,0,10,1712185,14.11
,6.0,13.8,219,169,12.75,-86,11,9256,0,10,1711884,14.1
,6.5,19.7,207,168,12.74,-87,10.5,9254,0,10,1711585,14.09
,6.1,16.4,207,167,12.73,-87,10.8,9252,0,10,1711285,14.08
,6.5,13.5,208,166,12.73,-87,10.2,9250,0,10,1710985,14.08
,4.9,16.0,197,165,12.73,-86,10.8,9248,0,10,1710685,14.08
,6.2,14.2,209,164,12.72,-86,11,9247,0,10,1710385,14.07
,6.6,15.5,209,163,12.72,-87,11,9245,0,10,1710085,14.07
,6.2,13.0,204,162,12.72,-87,10.8,9243,0,10,1709785,14.07
,6.6,15.3,208,161,12.72,-86,11,9241,0,10,1709485,14.07
,5.5,13.1,206,160,12.72,-87,10.8,9240,0,10,1709185,14.07
,7.0,13.8,221,159,12.71,-87,10.5,9238,0,10,1708885,14.06
,8.2,15.1,228,158,12.71,-87,10.2,9237,0,10,1708585,14.06
,5.6,12.3,197,157,12.72,-87,10.2,9236,0,10,1708285,14.07
,5.6,12.0,210,156,12.71,-87,10.8,9235,0,10,1707985,14.06
,4.4,12.0,207,155,12.71,-85,11,9234,0,10,1707685,14.06
,4.9,17.2,225,154,12.72,-87,10.8,9232,0,10,1707385,14.07
,5.0,15.7,212,153,12.72,-88,10.8,9231,0,10,1707085,14.07
,5.9,14.0,207,152,12.72,-86,10.5,9230,0,10,1706785,14.07
,5.4,13.2,205,151,12.72,-88,10.8,9228,0,10,1706485,14.07
,6.2,15.1,197,150,12.73,-87,10.5,9227,0,10,1706185,14.08
,5.6,13.7,206,149,12.72,-86,11.2,9226,0,10,1705885,14.07
,6.0,14.7,210,148,12.72,-85,10.8,9225,0,10,1705585,14.07
,4.2,15.3,210,147,12.72,-87,10.8,9223,0,10,1705285,14.07
,5.7,13.0,211,146,12.72,-87,10.5,9222,0,10,1704985,14.07
,5.0,11.5,207,145,12.72,-85,11.5,9220,0,10,1704685,14.07
,5.9,12.1,199,144,12.73,-85,10.2,9219,0,10,1704385,14.08
,4.7,10.4,207,143,12.72,-85,10.2,9217,0,10,1704085,14.07
,4.8,13.7,193,142,12.72,-85,10.8,9216,0,10,1703785,14.07
,4.5,15.0,192,141,12.73,-86,11.5,9215,0,10,1703485,14.08
,4.6,9.3,201,140,12.72,-84,10.8,9213,0,10,1703185,14.07
,4.4,11.0,204,139,12.73,-85,11.2,9212,0,10,1702885,14.08
,5.0,12.0,205,138,12.73,-85,11,9211,0,10,1702585,14.08
,6.1,12.0,207,137,12.72,-85,11.5,9210,0,10,1702285,14.07
,5.2,11.7,209,136,12.72,-84,10.5,9208,0,10,1701985,14.07
,3.8,11.1,190,135,12.72,-84,11,9207,0,10,1701685,14.07
,4.4,11.7,207,134,12.73,-85,11.5,9205,0,10,1701385,14.08
,4.2,10.4,195,133,12.72,-84,11,9204,0,10,1701085,14.07
,5.2,14.4,199,132,12.72,-85,11.5,9202,0,10,1700785,14.07
,4.8,10.7,210,131,12.73,-84,10.8,9201,0,10,1700485,14.08
,4.3,10.3,198,130,12.72,-85,10.2,9199,0,10,1700185,14.07
,4.0,9.3,205,129,12.72,-85,10.8,9197,0,10,1699885,14.07
,5.1,13.5,207,128,12.72,-84,10.5,9196,0,10,1699585,14.07
,3.8,12.5,199,127,12.72,-84,10.8,9194,0,10,1699285,14.07
,5.9,12.5,211,126,12.73,-85,10.8,9192,0,10,1698985,14.08
,4.8,15.5,209,125,12.72,-85,10.8,9191,0,10,1698685,14.07
,4.4,12.1,202,124,12.72,-84,10.8,9189,0,10,1698385,14.07
,5.4,14.3,209,123,12.73,-85,10.8,9188,0,10,1698085,14.08
,5.1,10.4,205,122,12.72,-84,11,9187,0,10,1697785,14.07
,4.2,14.5,201,121,12.71,-85,11.8,9186,0,10,1697485,14.06
,5.2,13.5,207,120,12.72,-83,11,9185,0,10,1697185,14.07
,4.5,12.7,207,119,12.72,-84,10.8,9183,0,10,1696885,14.07
,3.2,10.0,204,118,12.73,-85,10.8,9182,0,10,1696585,14.08
,5.0,15.1,208,117,12.73,-84,11,9181,0,10,1696285,14.08
,3.8,10.0,196,116,12.72,-85,10.5,9180,0,10,1695985,14.07
,3.6,8.9,210,115,12.73,-84,11,9179,0,10,1695685,14.08
,4.3,10.9,212,114,12.72,-83,11,9178,0,10,1695385,14.07
,4.8,11.0,207,113,12.72,-84,10.5,9176,0,10,1695085,14.07
,3.8,11.5,198,112,12.73,-85,11,9175,0,10,1694785,14.08
,4.6,9.5,214,111,12.73,-84,10.2,9173,0,10,1694485,14.08
,5.5,9.9,204,110,12.72,-87,11,9172,0,10,1694185,14.07
,4.3,12.1,206,109,12.72,-84,11,9170,0,10,1693885,14.07
,3.9,11.7,201,108,12.72,-84,10.8,9168,0,10,1693585,14.07
,4.6,8.9,202,107,12.72,-85,11,9167,0,10,1693285,14.07
,4.5,9.4,203,106,12.72,-84,10.8,9165,0,10,1692985,14.07
,3.7,10.0,183,105,12.72,-84,11.2,9163,0,10,1692685,14.07
,4.4,11.1,196,104,12.73,-84,11,9161,0,10,1692385,14.08
,5.2,9.2,204,103,12.72,-84,10.8,9160,0,10,1692085,14.07
,4.7,11.7,199,102,12.73,-84,11,9158,0,10,1691785,14.08
,5.5,15.0,200,101,12.72,-83,10.8,9157,0,10,1691485,14.07
,5.6,12.5,208,100,12.73,-83,11.2,9156,0,10,1691185,14.08
,4.8,12.5,202,99,12.72,-84,10.8,9154,0,10,1690885,14.07
,4.8,10.8,211,98,12.72,-83,11,9153,0,10,1690585,14.07
,3.9,10.9,210,97,12.73,-85,11.2,9151,0,10,1690285,14.08
,4.9,12.4,205,96,12.72,-84,10.8,9150,0,10,1689985,14.07
,5.4,11.2,209,95,12.72,-84,10.5,9149,0,10,1689685,14.07
,5.2,11.2,198,94,12.72,-84,11.5,9148,0,10,1689385,14.07
,4.8,13.0,208,93,12.72,-84,10.5,9146,0,10,1689085,14.07
,6.2,10.1,205,92,12.73,-85,10.5,9145,0,10,1688785,14.08
,5.7,11.5,213,91,12.73,-85,10.8,9143,0,10,1688485,14.08
,4.9,12.2,204,90,12.73,-85,11.2,9142,0,10,1688185,14.08
,3.9,13.4,217,89,12.73,-85,11,9141,0,10,1687885,14.08
,4.5,11.4,209,88,12.72,-84,10.5,9140,0,10,1687585,14.07
,4.8,8.9,223,87,12.72,-85,11,9139,0,10,1687285,14.07
,4.9,9.3,214,86,12.72,-86,11.2,9138,0,10,1686985,14.07
,4.7,10.3,214,85,12.73,-86,10.8,9137,0,10,1686685,14.08
,4.8,12.8,221,84,12.73,-86,10.8,9136,0,10,1686385,14.08
,5.8,11.3,229,83,12.73,-85,10.5,9135,0,10,1686085,14.08
,5.8,11.5,214,82,12.73,-86,11,9134,0,10,1685785,14.08
,3.8,7.9,216,81,12.72,-86,10.8,9132,0,10,1685485,14.07
,4.4,10.6,215,80,12.73,-85,10.5,9130,0,10,1685185,14.08
,4.0,10.5,217,79,12.73,-85,10.8,9128,0,10,1684885,14.08
,4.1,9.4,213,78,12.73,-86,11,9126,0,10,1684585,14.08
,3.0,8.8,224,77,12.73,-86,11,9125,0,10,1684285,14.08
,4.1,9.7,217,76,12.73,-86,11,9124,0,10,1683985,14.08
,3.3,8.4,199,75,12.73,-86,11.5,9123,0,10,1683685,14.08
,3.7,7.3,218,74,12.73,-85,11.8,9121,0,10,1683385,14.08
,2.9,7.8,228,73,12.72,-86,11.2,9119,0,10,1683085,14.07
,3.3,9.1,224,72,12.73,-85,11,9118,0,10,1682785,14.08
,4.3,10.7,207,71,12.72,-86,11,9117,0,10,1682485,14.07
,2.7,6.3,213,70,12.73,-85,11,9116,0,10,1682185,14.08
,2.9,7.1,209,69,12.73,-85,11,9114,0,10,1681885,14.08
,2.9,6.1,212,68,12.73,-86,11.2,9112,0,10,1681585,14.08
,3.3,6.0,215,67,12.73,-86,11,9111,0,10,1681285,14.08
,3.3,6.0,207,66,12.73,-86,11.5,9109,0,10,1680985,14.08
,2.6,7.7,201,65,12.73,-88,11,9108,0,10,1680685,14.08
,2.7,5.3,205,64,12.72,-87,10.8,9107,0,10,1680385,14.07
,3.3,7.5,207,63,12.72,-86,10.8,9106,0,10,1680085,14.07
,4.3,8.5,207,62,12.72,-86,11,9104,0,10,1679785,14.07
,3.0,6.6,215,61,12.73,-86,10.8,9103,0,10,1679485,14.08
,3.4,6.9,217,60,12.72,-87,10.5,9101,0,10,1679185,14.07
,2.3,6.1,202,59,12.73,-85,11.2,9100,0,10,1678885,14.08
,1.8,4.7,174,58,12.73,-86,10.8,9098,0,10,1678585,14.08
,3.0,6.8,209,57,12.73,-87,11,9096,0,10,1678285,14.08
,2.7,7.3,214,56,12.73,-87,11.2,9094,0,10,1677985,14.08
,2.8,7.3,196,55,12.72,-87,11,9093,0,10,1677685,14.07
,3.0,5.1,216,54,12.73,-89,11.5,9091,0,10,1677385,14.08
,2.4,6.1,200,53,12.73,-86,11.2,9090,0,10,1677085,14.08
,3.2,7.8,210,52,12.73,-87,10.2,9088,0,10,1676785,14.08
,2.7,7.1,206,51,12.72,-86,11.2,9087,0,10,1676485,14.07
,1.6,6.3,225,50,12.73,-88,10.5,9085,0,10,1676185,14.08
,2.9,5.8,204,49,12.73,-89,11.5,9083,0,10,1675885,14.08
,3.2,6.9,209,48,12.73,-89,11.2,9082,0,10,1675585,14.08
,3.0,6.8,214,47,12.73,-87,10.2,9081,0,10,1675285,14.08
,3.0,6.0,219,46,12.73,-88,11,9080,0,10,1674985,14.08
,2.9,7.9,206,45,12.73,-89,11,9078,0,10,1674685,14.08
,3.4,6.3,217,44,12.73,-89,10.8,9077,0,10,1674385,14.08
,2.8,5.7,224,43,12.73,-89,12,9075,0,10,1674085,14.08
,2.5,7.6,223,42,12.72,-88,10.8,9073,0,10,1673785,14.07
,2.5,6.6,199,41,12.73,-89,11.5,9071,0,10,1673485,14.08
,3.3,5.8,214,40,12.73,-88,11,9070,0,10,1673185,14.08
,1.9,7.3,201,39,12.73,-88,11.5,9069,0,10,1672885,14.08
,3.7,6.1,222,38,12.73,-87,10.8,9067,0,10,1672585,14.08
,3.8,7.0,224,37,12.73,-88,10.2,9065,0,10,1672285,14.08
,2.0,6.2,219,36,12.73,-89,11.2,9063,0,10,1671985,14.08
,2.2,4.6,223,35,12.73,-90,10.8,9062,0,10,1671685,14.08
,3.3,6.6,225,34,12.74,-89,11.2,9061,0,10,1671385,14.09
,2.7,7.3,230,33,12.74,-93,9.8,9060,0,10,1671085,14.09
,3.0,7.2,249,32,12.75,-93,11,9058,0,10,1670785,14.1
,3.9,8.4,253,31,12.74,-94,10.8,9056,0,10,1670485,14.09
,3.5,6.7,248,30,12.73,-94,10.5,9054,0,10,1670185,14.08
,4.1,7.6,249,29,12.74,-93,10.5,9052,0,10,1669885,14.09
,5.1,8.6,256,28,12.73,-94,10.8,9051,0,10,1669585,14.08
,4.7,7.4,259,27,12.74,-93,10.5,9049,0,10,1669285,14.09
,3.9,5.6,256,26,12.74,-93,10.5,9047,0,10,1668985,14.09
,2.9,6.0,246,25,12.74,-94,10.5,9046,0,10,1668685,14.09
,3.6,6.4,246,24,12.74,-94,10,9044,0,10,1668385,14.09
,3.6,5.8,256,23,12.74,-95,10.8,9043,0,10,1668085,14.09
,4.6,7.5,252,22,12.74,-97,8.8,9042,0,10,1667785,14.09
,3.4,9.0,245,21,12.74,-92,10.8,9040,0,10,1667485,14.09
,4.4,8.9,231,20,12.75,-90,10.8,9039,0,10,1667185,14.1
,3.9,9.8,236,19,12.74,-88,10.5,9038,0,10,1666885,14.09
,5.3,9.1,234,18,12.74,-90,11,9036,0,10,1666585,14.09
,4.5,11.1,239,17,12.75,-92,10.8,9035,0,10,1666285,14.1
,4.4,8.6,243,16,12.75,-94,10.5,9033,0,10,1665985,14.1
,2.9,6.5,240,15,12.75,-88,10.2,9032,0,10,1665685,14.1
,4.0,8.3,242,14,12.75,-93,10.8,9031,0,10,1665385,14.1
,3.5,9.3,231,13,12.75,-89,10.8,9029,0,10,1665085,14.1
,2.3,6.1,244,12,12.76,-89,10.8,9027,0,10,1664785,14.11
,3.2,6.6,240,11,12.76,-93,10.5,9025,0,10,1664485,14.11
,3.5,8.4,249,10,12.76,-92,11,9023,0,10,1664185,14.11
,4.7,7.7,243,9,12.76,-91,10.5,9021,0,10,1663885,14.11
,3.2,7.0,252,8,12.76,-90,10.5,9020,0,10,1663585,14.11
,3.9,7.4,251,7,12.76,-90,10.8,9019,0,10,1663285,14.11
,5.1,9.5,252,6,12.77,-92,10,9017,0,10,1662985,14.12
,3.6,7.1,257,5,12.78,-92,11,9016,0,10,1662685,14.13
,5.0,8.3,239,4,12.79,-90,10.5,9014,0,10,1662385,14.14
,4.4,8.7,252,3,12.80,-90,11,9013,0,10,1662085,14.15
,5.6,9.7,257,2,12.81,-90,10,9011,0,10,1661785,14.16
,5.1,8.7,261,1,12.81,-88,10.8,9010,0,10,1661485,14.16
,4.1,7.5,256,0,12.83,-91,10.5,9009,0,10,1661185,14.18
,4.1,7.5,256,0,12.83,-64,9.5,1,0,0,97,14.18
,5.3,10.1,241,517,13.30,-87,10.8,8988,0,0,1641024,14.65
,4.5,10.7,246,516,13.31,-88,11,8986,0,0,1640724,14.66
,6.0,10.1,243,515,13.31,-87,10.5,8985,0,0,1640424,14.66
,5.0,8.8,246,514,13.29,-88,11,8983,0,0,1640125,14.64
,5.9,9.8,252,513,13.30,-89,11.5,8981,0,0,1639824,14.65
,6.2,11.9,249,512,13.30,-87,11,8980,0,0,1639524,14.65
,5.9,10.2,254,511,13.30,-87,10.8,8979,0,0,1639224,14.65
,6.8,12.4,257,510,13.31,-87,11,8978,0,0,1638924,14.66
,6.2,13.2,251,509,13.31,-87,10.8,8977,0,0,1638624,14.66
,7.1,11.3,260,508,13.32,-89,10.8,8975,0,0,1638324,14.67
,8.5,12.7,262,507,13.30,-87,10.5,8974,0,0,1638025,14.65
,8.4,12.8,260,506,13.29,-88,10.2,8973,0,0,1637724,14.64
,8.4,15.3,264,505,13.30,-89,10.8,8971,0,0,1637424,14.65
,8.7,13.5,257,504,13.30,-87,10.8,8969,0,0,1637124,14.65
,8.9,16.0,262,503,13.30,-89,11.2,8968,0,0,1636824,14.65
,8.1,13.0,261,502,13.31,-87,10.8,8967,0,0,1636524,14.66
,6.9,11.3,263,501,13.31,-88,11.2,8965,0,0,1636224,14.66
,7.2,12.6,254,500,13.31,-88,11,8963,0,0,1635925,14.66
,6.5,10.6,258,499,13.32,-88,10.2,8962,0,0,1635624,14.67
,6.3,14.7,245,498,13.31,-90,10.5,8961,0,0,1635324,14.66
,6.0,9.0,250,497,13.29,-92,10.8,8960,0,0,1635024,14.64
,6.9,11.6,248,496,13.31,-90,10.8,8959,0,0,1634724,14.66
,5.4,11.9,247,495,13.31,-92,10.2,8957,0,0,1634424,14.66
,6.5,10.6,248,494,13.26,-91,11,8956,0,0,1634125,14.61
,5.9,9.8,243,493,13.04,-90,10.8,8954,0,0,1633825,14.39
,5.4,9.7,242,492,12.99,-91,10.2,8953,0,0,1633524,14.34
,6.1,10.4,242,491,12.92,-90,10.8,8951,0,0,1633224,14.27
,5.4,11.6,237,490,12.93,-92,10.8,8949,0,0,1632924,14.28
,5.3,11.0,245,489,12.95,-91,11.2,8948,0,0,1632624,14.3
,6.0,10.3,249,488,12.95,-92,10,8947,0,0,1632324,14.3
,5.9,10.7,248,487,12.96,-93,10.2,8946,0,0,1632025,14.31
,5.1,10.4,241,486,12.93,-93,10.8,8944,0,0,1631724,14.28
,7.0,11.9,250,485,12.84,-94,10.8,8943,0,0,1631424,14.19
,7.6,13.0,252,484,12.92,-95,10.2,8942,0,0,1631124,14.27
,5.5,9.8,254,483,12.83,-94,10.2,8941,0,0,1630824,14.18
,5.6,13.1,256,482,12.82,-94,10.5,8939,0,0,1630524,14.17
,8.6,11.7,264,481,12.81,-95,10.5,8938,0,0,1630225,14.16
,7.7,10.3,261,480,12.82,-93,10.5,8937,0,0,1629925,14.17
,5.9,10.7,263,479,12.83,-94,11.8,8936,0,0,1629628,14.18
,8.8,11.4,263,478,12.80,-92,9.8,8935,0,0,1629324,14.15
,9.0,13.0,265,477,12.78,-95,10.5,8933,0,0,1629024,14.13
,9.2,13.3,266,476,12.79,-93,10.5,8932,0,0,1628724,14.14
,8.4,13.3,263,475,12.75,-101,9.2,8931,0,0,1628424,14.1
,8.0,12.4,261,474,12.70,-97,10.2,8930,0,0,1628125,14.05
,7.5,11.8,258,473,12.69,-93,10.2,8929,0,0,1627824,14.04
,10.0,14.3,263,472,12.70,-96,10,8927,0,0,1627524,14.05
,9.9,16.5,264,471,12.69,-95,10.8,8926,0,0,1627224,14.04
,11.4,14.9,267,470,12.68,-96,10.5,8925,0,0,1626924,14.03
,9.8,13.3,262,469,12.68,-96,10.2,8924,0,0,1626624,14.03
,9.4,13.0,259,468,12.68,-96,10,8923,0,0,1626325,14.03
,8.4,12.8,262,467,12.68,-92,10.8,8922,0,0,1626025,14.03
,8.7,13.1,260,466,12.67,-97,10.2,8921,0,0,1625724,14.02
,10.5,16.2,266,465,12.67,-97,10.5,8920,0,0,1625424,14.02
,10.6,16.0,261,464,12.67,-95,11,8919,0,0,1625124,14.02
,9.6,15.2,255,463,12.66,-96,10,8918,0,0,1624824,14.01
,9.6,14.2,256,462,12.66,-95,10.5,8916,0,0,1624524,14.01
,11.4,15.2,267,461,12.65,-91,10.8,8915,0,0,1624225,14
,8.4,15.6,259,460,12.65,-99,10,8914,0,0,1623925,14
,9.6,13.6,265,459,12.66,-92,10.5,8913,0,0,1623624,14.01
,10.5,14.2,266,458,12.65,-92,10.5,8912,0,0,1623324,14
,10.4,15.9,264,457,12.66,-94,10.8,8911,0,0,1623024,14.01
,9.5,15.2,270,456,12.65,-95,11,8910,0,0,1622724,14
,10.7,15.3,265,455,12.66,-93,10.5,8909,0,0,1622424,14.01
,10.9,14.9,262,454,12.65,-94,10.2,8908,0,0,1622125,14
,10.5,15.4,274,453,12.65,-92,11,8907,0,0,1621824,14
,10.5,14.7,266,452,12.65,-94,10,8906,0,0,1621524,14
,9.8,15.0,265,451,12.66,-94,10.8,8904,0,0,1621224,14.01
,10.2,15.3,266,450,12.65,-97,10,8903,0,0,1620924,14
,10.2,14.4,265,449,12.65,-95,10.5,8901,0,0,1620624,14
,12.4,17.2,265,448,12.65,-93,10.5,8900,0,0,1620325,14
,12.7,17.4,264,447,12.65,-92,10.8,8898,0,0,1620025,14
,12.6,17.4,265,446,12.66,-92,10.8,8896,0,0,1619724,14.01
,13.0,16.9,266,445,12.65,-89,11,8895,0,0,1619424,14
,13.2,17.1,264,444,12.65,-92,11,8894,0,0,1619124,14
,11.7,16.1,268,443,12.65,-90,10.8,8892,0,0,1618824,14
,12.0,16.4,271,442,12.65,-91,10.5,8890,0,0,1618524,14
,10.6,15.0,268,441,12.65,-90,10.5,8888,0,0,1618225,14
,10.4,16.5,266,440,12.66,-90,10.5,8886,0,0,1617924,14.01
,10.9,17.1,268,439,12.66,-90,10.8,8885,0,0,1617624,14.01
,12.8,15.9,265,438,12.66,-91,11,8884,0,0,1617324,14.01
,13.6,19.8,262,437,12.65,-88,11,8883,0,0,1617024,14
,13.2,18.5,267,436,12.66,-90,10.8,8881,0,0,1616724,14.01
,12.7,18.6,265,435,12.65,-89,11,8880,0,0,1616425,14
,11.2,16.0,272,434,12.66,-89,10.8,8879,0,0,1616125,14.01
,12.7,17.3,267,433,12.65,-90,10.8,8878,0,0,1615824,14
,13.9,19.8,267,432,12.66,-87,11.2,8877,0,0,1615524,14.01
,15.2,20.1,265,431,12.66,-90,10.8,8876,0,0,1615224,14.01
,13.4,19.3,264,430,12.66,-89,10.8,8874,0,0,1614925,14.01
,12.5,17.6,264,429,12.66,-87,10.8,8873,0,0,1614624,14.01
,11.3,16.2,263,428,12.66,-88,11,8872,0,0,1614325,14.01
,12.0,16.8,265,427,12.65,-88,11,8871,0,0,1614025,14
,11.2,18.0,264,426,12.66,-88,11.8,8869,0,0,1613724,14.01
,12.5,16.7,262,425,12.66,-86,10.8,8867,0,0,1613425,14.01
,12.4,17.1,267,424,12.66,-87,10.8,8866,0,0,1613125,14.01
,12.3,17.3,265,423,12.66,-88,10.5,8865,0,0,1612825,14.01
,7.9,13.9,267,422,12.65,-87,10.8,8864,0,0,1612525,14
,8.7,14.0,260,421,12.65,-87,10.5,8862,0,0,1612225,14
,9.8,16.4,263,420,12.66,-87,10.5,8861,0,0,1611925,14.01
,12.2,16.1,266,419,12.66,-87,10.5,8860,0,0,1611625,14.01
,12.6,16.2,264,418,12.66,-85,10.5,8858,0,0,1611325,14.01
,10.6,16.7,264,417,12.67,-86,10.8,8856,0,0,1611025,14.02
,10.7,16.3,263,416,12.65,-86,11,8854,0,0,1610725,14
,11.6,16.2,263,415,12.66,-87,11,8852,0,0,1610425,14.01
,10.6,14.5,261,414,12.65,-85,10.2,8851,0,0,1610125,14
,12.6,16.9,262,413,12.66,-84,10.5,8849,0,0,1609825,14.01
,12.4,17.6,265,412,12.66,-86,11,8847,0,0,1609525,14.01
,12.4,16.4,265,411,12.66,-85,11,8845,0,0,1609225,14.01
,12.6,16.1,265,410,12.66,-85,10.2,8843,0,0,1608925,14.01
,12.0,16.3,267,409,12.65,-85,11.2,8841,0,0,1608625,14
,12.5,17.3,264,408,12.66,-84,11,8839,0,0,1608325,14.01
,10.8,14.9,266,407,12.66,-85,10.5,8838,0,0,1608025,14.01
,12.6,16.0,266,406,12.66,-85,11,8837,0,0,1607725,14.01
,10.0,15.7,267,405,12.66,-84,10.8,8836,0,0,1607425,14.01
,11.4,15.9,264,404,12.66,-85,10.5,8834,0,0,1607125,14.01
,11.1,17.6,269,403,12.65,-85,11.2,8833,0,0,1606825,14
,11.8,14.7,264,402,12.66,-84,10.5,8832,0,0,1606525,14.01
,11.6,15.7,270,401,12.65,-84,10.5,8831,0,0,1606225,14
,12.7,16.1,275,400,12.66,-84,11,8829,0,0,1605925,14.01
,12.9,17.3,266,399,12.66,-85,10.8,8828,0,0,1605625,14.01
,12.9,17.0,264,398,12.66,-84,11,8826,0,0,1605325,14.01
,12.6,16.8,269,397,12.67,-84,10.8,8824,0,0,1605025,14.02
,12.2,16.9,269,396,12.66,-83,11.2,8823,0,0,1604725,14.01
,12.6,16.4,266,395,12.66,-84,10.8,8821,0,0,1604425,14.01
,10.0,18.6,259,394,12.66,-84,11.2,8819,0,0,1604125,14.01
,13.5,18.0,267,393,12.66,-83,11.2,8818,0,0,1603825,14.01
,12.6,18.3,266,392,12.66,-84,10.8,8817,0,0,1603525,14.01
,11.5,16.5,265,391,12.66,-85,11,8815,0,0,1603225,14.01
,14.0,21.0,264,390,12.66,-84,10.8,8814,0,0,1602925,14.01
,14.4,18.8,264,389,12.65,-82,10.8,8813,0,0,1602625,14
,10.2,17.5,265,388,12.66,-85,11.2,8812,0,0,1602325,14.01
,13.8,19.2,266,387,12.66,-83,11.2,8810,0,0,1602025,14.01
,9.6,16.5,261,386,12.66,-84,10.8,8809,0,0,1601725,14.01
,12.2,19.3,268,385,12.66,-85,11,8808,0,0,1601425,14.01
,10.6,15.7,265,384,12.66,-84,11,8807,0,0,1601125,14.01
,12.3,16.5,261,383,12.67,-84,11,8806,0,0,1600825,14.02
,10.1,16.9,264,382,12.65,-84,10.8,8805,0,0,1600525,14
,11.3,17.6,263,381,12.66,-84,10.8,8804,0,0,1600225,14.01
,9.7,15.7,262,380,12.66,-83,11.2,8803,0,0,1599925,14.01
,10.9,18.6,262,379,12.66,-84,11,8802,0,0,1599625,14.01
,10.7,18.1,265,378,12.66,-83,11,8800,0,0,1599325,14.01
,9.0,15.6,260,377,12.66,-82,11.2,8798,0,0,1599025,14.01
,7.7,14.7,259,376,12.65,-85,11,8797,0,0,1598725,14
,8.0,15.3,257,375,12.66,-87,11.2,8795,0,0,1598425,14.01
,6.9,13.7,255,374,12.66,-85,10.2,8793,0,0,1598125,14.01
,5.8,11.1,247,373,12.66,-86,11,8791,0,0,1597825,14.01
,6.8,12.4,245,372,12.66,-86,11,8790,0,0,1597525,14.01
,6.1,12.3,241,371,12.65,-85,11,8789,0,0,1597225,14
,5.1,10.8,227,370,12.66,-85,10.5,8788,0,0,1596925,14.01
,5.9,11.4,232,369,12.66,-86,11.5,8787,0,0,1596625,14.01
,6.9,11.5,230,368,12.66,-86,10.8,8785,0,0,1596325,14.01
,6.4,12.2,225,367,12.66,-85,10.8,8784,0,0,1596025,14.01
,6.6,14.6,226,366,12.65,-85,10.8,8782,0,0,1595725,14
,6.5,11.1,221,365,12.67,-86,10.5,8780,0,0,1595425,14.02
,6.2,13.5,242,364,12.66,-86,11,8779,0,0,1595125,14.01
,6.3,12.9,236,363,12.65,-87,10.8,8778,0,0,1594825,14
,5.7,12.6,242,362,12.65,-88,10.5,8776,0,0,1594525,14
,5.8,11.8,226,361,12.65,-85,11.5,8775,0,0,1594225,14
,7.4,13.8,246,360,12.66,-86,11.5,8774,0,0,1593925,14.01
,5.6,11.3,237,359,12.66,-87,10.8,8772,0,0,1593625,14.01
,7.6,12.6,235,358,12.66,-86,11.2,8771,0,0,1593325,14.01
,5.4,11.1,218,357,12.66,-86,11,8770,0,0,1593025,14.01
,5.6,11.0,216,356,12.66,-85,10.5,8769,0,0,1592725,14.01
,5.9,10.9,237,355,12.65,-86,11.2,8768,0,0,1592425,14
,4.1,11.5,226,354,12.66,-86,11.5,8766,0,0,1592125,14.01
,7.4,13.3,231,353,12.66,-87,11,8764,0,0,1591825,14.01
,7.9,12.8,228,352,12.66,-85,10.8,8763,0,0,1591525,14.01
,5.0,10.4,230,351,12.66,-85,11,8762,0,0,1591225,14.01
,5.6,11.4,232,350,12.65,-86,10.8,8760,0,0,1590925,14
,6.3,11.5,229,349,12.66,-86,10.8,8758,0,0,1590625,14.01
,5.1,11.1,228,348,12.65,-87,11.2,8757,0,0,1590325,14
,6.5,11.2,234,347,12.66,-88,11,8756,0,0,1590025,14.01
,6.1,12.2,234,346,12.66,-86,10.5,8755,0,0,1589725,14.01
,7.0,12.9,233,345,12.66,-86,11.2,8754,0,0,1589425,14.01
,5.4,10.0,226,344,12.65,-85,10.2,8752,0,0,1589125,14
,6.3,11.2,230,343,12.66,-86,11.2,8751,0,0,1588825,14.01
,6.4,10.9,231,342,12.66,-88,11,8749,0,0,1588525,14.01
,5.8,10.5,231,341,12.66,-85,10.8,8747,0,0,1588225,14.01
,5.5,11.7,219,340,12.66,-86,11,8746,0,0,1587925,14.01
,5.4,11.0,225,339,12.65,-88,11,8745,0,0,1587625,14
,6.1,11.0,228,338,12.66,-89,11,8744,0,0,1587325,14.01
,6.2,12.4,226,337,12.66,-87,10.8,8742,0,0,1587025,14.01
,6.1,13.9,229,336,12.65,-87,11,8741,0,0,1586725,14
,5.1,11.7,226,335,12.65,-87,10.8,8740,0,0,1586425,14
,5.5,11.3,229,334,12.66,-88,11.2,8738,0,0,1586125,14.01
,5.8,11.0,226,333,12.66,-88,10,8736,0,0,1585825,14.01
,4.2,9.7,230,332,12.65,-86,10.8,8735,0,0,1585525,14
,4.2,9.3,229,331,12.65,-87,11,8734,0,0,1585225,14
,4.1,10.2,226,330,12.65,-89,11.2,8732,0,0,1584925,14
,4.9,11.1,220,329,12.66,-89,10.8,8731,0,0,1584625,14.01
,7.4,13.3,244,328,12.65,-91,10.2,8729,0,0,1584325,14
,5.2,11.0,244,327,12.65,-90,10.5,8728,0,0,1584025,14
,4.9,9.9,250,326,12.66,-91,10.8,8727,0,0,1583725,14.01
,5.6,11.5,245,325,12.65,-89,11,8726,0,0,1583425,14
,6.6,10.1,261,324,12.65,-93,10.2,8724,0,0,1583125,14
,6.1,12.0,244,323,12.65,-91,10.5,8723,0,0,1582825,14
,5.3,9.9,242,322,12.66,-91,10.8,8722,0,0,1582525,14.01
,4.4,10.2,243,321,12.66,-90,10.5,8721,0,0,1582225,14.01
,5.7,9.3,251,320,12.66,-90,10.2,8720,0,0,1581925,14.01
,6.5,10.8,243,319,12.66,-92,10.8,8719,0,0,1581625,14.01
,4.2,8.6,235,318,12.66,-92,11,8718,0,0,1581325,14.01
,5.0,10.1,246,317,12.66,-93,11,8716,0,0,1581025,14.01
,3.1,9.2,228,316,12.66,-89,11,8714,0,0,1580725,14.01
,5.2,8.6,233,315,12.66,-93,11,8713,0,0,1580425,14.01
,4.4,7.9,244,314,12.67,-93,10.2,8712,0,0,1580125,14.02
,5.0,9.9,235,313,12.67,-91,11,8711,0,0,1579825,14.02
,3.7,8.9,232,312,12.66,-88,11,8710,0,0,1579525,14.01
,4.6,9.3,239,311,12.67,-90,10.2,8708,0,0,1579225,14.02
,4.9,8.3,240,310,12.67,-94,10,8706,0,0,1578925,14.02
,4.8,9.6,242,309,12.67,-93,10.2,8705,0,0,1578625,14.02
,4.6,8.6,235,308,12.67,-90,10.8,8704,0,0,1578325,14.02
,5.1,8.7,245,307,12.68,-92,10.5,8702,0,0,1578025,14.03
,4.3,8.1,248,306,12.68,-92,10.2,8700,0,0,1577725,14.03
,4.5,8.4,249,305,12.69,-90,10.2,8698,0,0,1577425,14.04
,3.3,8.4,244,304,12.68,-94,10.5,8697,0,0,1577125,14.03
,3.6,8.9,230,303,12.69,-92,11.2,8696,0,0,1576825,14.04
,3.4,8.6,243,302,12.70,-92,11,8694,0,0,1576525,14.05
,3.8,7.3,223,301,12.70,-89,10.8,8692,0,0,1576225,14.05
,3.5,6.1,236,300,12.71,-93,10.5,8690,0,0,1575925,14.06
,3.5,7.4,236,299,12.71,-93,11,8688,0,0,1575625,14.06
,4.6,7.8,254,298,12.73,-90,11,8686,0,0,1575325,14.08
,5.1,10.3,258,297,12.74,-92,10.8,8684,0,0,1575025,14.09
,3.8,6.9,243,296,12.76,-90,10.8,8683,0,0,1574725,14.11
,3.2,6.4,233,295,12.77,-91,11.2,8682,0,0,1574425,14.12
,3.9,6.1,250,294,12.79,-90,10.8,8681,0,0,1574125,14.14
,3.1,6.5,241,293,12.81,-91,10.5,8680,0,0,1573825,14.16
,3.9,7.0,251,292,12.84,-93,10.8,8678,0,0,1573525,14.19
,3.0,4.6,210,291,12.86,-91,10.8,8676,0,0,1573225,14.21
,2.6,6.9,214,290,12.92,-90,11,8674,0,0,1572925,14.27
,2.9,6.1,217,289,12.96,-90,10.8,8672,0,0,1572625,14.31
,3.1,5.8,210,288,13.01,-90,10.2,8671,0,0,1572325,14.36
,2.4,5.9,216,287,13.06,-91,10.5,8669,0,0,1572025,14.41
,1.6,4.6,196,286,13.12,-92,11.2,8667,0,0,1571725,14.47
,2.6,6.8,232,285,13.20,-91,10.8,8665,0,0,1571425,14.55
,3.2,5.5,218,284,13.24,-90,10.5,8663,0,0,1571125,14.59
,1.7,5.1,239,283,13.27,-91,10.8,8662,0,0,1570825,14.62
,2.3,5.1,241,282,13.28,-89,10.8,8660,0,0,1570525,14.63
,3.2,5.9,264,281,13.29,-87,11,8659,0,0,1570225,14.64
,3.2,6.0,231,280,13.29,-89,11,8658,0,0,1569925,14.64
,2.7,5.4,223,279,13.29,-89,11.2,8657,0,0,1569625,14.64
,3.1,5.1,233,278,13.29,-90,10.8,8656,0,0,1569325,14.64
,2.7,4.4,227,277,13.29,-89,10.8,8654,0,0,1569025,14.64
,3.0,4.6,245,276,13.29,-87,10.5,8653,0,0,1568725,14.64
,3.1,5.1,248,275,13.31,-89,10.8,8651,0,0,1568425,14.66
,3.3,5.9,256,274,13.30,-87,11,8649,0,0,1568125,14.65
,2.6,6.0,247,273,13.30,-86,11,8647,0,0,1567825,14.65
,3.0,5.2,249,272,13.30,-86,10.5,8645,0,0,1567525,14.65
,3.1,6.1,248,271,13.31,-87,11,8643,0,0,1567225,14.66
,4.1,6.1,267,270,13.30,-87,10.8,8641,0,0,1566925,14.65
,2.6,5.5,248,269,13.30,-87,10.8,8640,0,0,1566625,14.65
,4.8,6.5,263,268,13.31,-86,10.8,8639,0,0,1566325,14.66
,3.4,6.3,263,267,13.32,-87,10.8,8638,0,0,1566025,14.67
,4.5,6.3,265,266,13.32,-88,12,8637,0,0,1565725,14.67
,4.7,6.9,275,265,13.31,-86,10.5,8636,0,0,1565425,14.66
,5.7,7.0,265,264,13.30,-86,11,8634,0,0,1565125,14.65
,3.3,5.7,267,263,13.32,-86,11.2,8633,0,0,1564825,14.67
,3.4,5.9,268,262,13.32,-87,10.8,8632,0,0,1564525,14.67
,3.2,4.8,264,261,13.33,-86,11.2,8630,0,0,1564225,14.68
,3.8,4.9,262,260,13.32,-85,11,8628,0,0,1563925,14.67
,3.5,5.6,280,259,13.32,-86,11.8,8627,0,0,1563625,14.67
,3.9,5.1,273,258,13.32,-86,11,8625,0,0,1563325,14.67
,3.7,4.9,270,257,13.31,-86,11.5,8624,0,0,1563025,14.66
,3.7,5.7,277,256,13.31,-85,12.2,8622,0,0,1562725,14.66
,4.1,5.7,279,255,13.31,-86,11.5,8620,0,0,1562425,14.66
,4.0,5.7,269,254,13.32,-87,11,8619,0,0,1562125,14.67
,4.1,5.0,288,253,13.32,-86,11.2,8618,0,0,1561825,14.67
,4.0,6.0,278,252,13.32,-87,10.5,8617,0,0,1561525,14.67
,5.2,6.6,272,251,13.31,-86,11.2,8615,0,0,1561225,14.66
,5.3,6.7,273,250,13.31,-86,11.5,8613,0,0,1560925,14.66
,5.0,7.5,285,249,13.32,-86,11,8612,0,0,1560625,14.67
,5.5,7.4,281,248,13.32,-86,11.2,8611,0,0,1560325,14.67
,5.7,8.2,269,247,13.32,-87,11,8610,0,0,1560025,14.67
,5.9,8.0,282,246,13.32,-86,11.5,8608,0,0,1559725,14.67
,5.7,7.7,282,245,13.31,-86,11,8607,0,0,1559425,14.66
,5.5,7.4,285,244,13.32,-86,11.2,8605,0,0,1559125,14.67
,6.1,8.1,279,243,13.31,-86,11.5,8604,0,0,1558825,14.66
,5.5,7.6,280,242,13.31,-86,11.2,8603,0,0,1558525,14.66
,6.3,10.2,305,241,13.32,-85,10.5,8601,0,0,1558225,14.67
,6.9,10.4,285,240,13.31,-87,10.8,8600,0,0,1557925,14.66
,7.8,11.8,301,239,13.32,-86,11,8598,0,0,1557625,14.67
,7.2,10.3,299,238,13.31,-85,10.8,8596,0,0,1557325,14.66
,8.4,12.4,309,237,13.32,-87,11,8594,0,0,1557025,14.67
,6.3,8.7,291,236,13.34,-86,11,8593,0,0,1556725,14.69
,6.5,8.6,280,235,13.33,-86,10.2,8592,0,0,1556425,14.68
,6.6,8.2,303,234,13.33,-86,12,8591,0,0,1556125,14.68
,5.9,9.4,308,233,13.33,-86,11,8589,0,0,1555825,14.68
,7.4,10.8,285,232,13.32,-86,10.8,8587,0,0,1555525,14.67
,5.5,7.6,298,231,13.33,-87,10.8,8585,0,0,1555225,14.68
,4.5,5.9,283,230,13.33,-86,11,8583,0,0,1554925,14.68
,3.8,7.8,295,229,13.33,-86,11.2,8581,0,0,1554625,14.68
,5.7,7.5,304,228,13.33,-86,11,8580,0,0,1554325,14.68
,5.6,7.1,304,227,13.33,-86,11,8578,0,0,1554025,14.68
,5.4,7.4,308,226,13.32,-87,10.8,8576,0,0,1553725,14.67
,6.0,7.8,289,225,13.32,-86,11.5,8574,0,0,1553425,14.67
,4.2,6.4,304,224,13.32,-85,11.5,8573,0,0,1553125,14.67
,5.8,7.2,308,223,13.33,-86,11.5,8571,0,0,1552825,14.68
,4.1,5.5,302,222,13.33,-86,11.8,8570,0,0,1552525,14.68
,4.1,6.6,333,221,13.33,-86,11,8569,0,0,1552225,14.68
,4.2,5.8,305,220,13.33,-86,10.5,8567,0,0,1551925,14.68
,4.4,5.7,342,219,13.32,-86,11,8566,0,0,1551625,14.67
,4.2,5.8,318,218,13.33,-86,11.2,8564,0,0,1551325,14.68
,3.9,4.9,320,217,13.32,-86,11,8562,0,0,1551025,14.67
,3.6,5.5,347,216,13.32,-87,10.5,8560,0,0,1550725,14.67
,4.2,5.5,342,215,13.32,-86,10.8,8559,0,0,1550425,14.67
,5.0,6.5,337,214,13.32,-87,9.5,8557,0,0,1550125,14.67
,5.0,7.6,312,213,13.33,-86,10.8,8556,0,0,1549825,14.68
,5.3,7.2,332,212,13.32,-87,10.8,8554,0,0,1549525,14.67
,6.0,9.4,344,211,13.33,-87,10.5,8553,0,0,1549225,14.68
,5.8,6.9,338,210,13.32,-87,10.5,8551,0,0,1548925,14.67
,5.5,6.9,344,209,13.33,-88,11.2,8549,0,0,1548625,14.68
,6.1,7.7,335,208,13.33,-87,10.2,8548,0,0,1548325,14.68
,6.1,7.4,340,207,13.31,-87,10.5,8547,0,0,1548025,14.66
,5.7,7.8,339,206,13.07,-87,11,8546,0,0,1547725,14.42
,6.9,8.9,328,205,13.01,-88,11,8545,0,0,1547425,14.36
,7.0,8.5,331,204,12.99,-88,11,8544,0,0,1547125,14.34
,6.5,8.3,326,203,12.98,-88,11,8542,0,0,1546825,14.33
,6.0,7.8,328,202,12.96,-88,10.8,8540,0,0,1546525,14.31
,6.0,7.6,319,201,12.82,-89,11,8539,0,0,1546225,14.17
,7.1,9.5,335,200,12.81,-89,11.2,8538,0,0,1545925,14.16
,5.1,7.4,334,199,12.78,-88,10.8,8536,0,0,1545625,14.13
,6.2,7.9,327,198,12.79,-90,11,8534,0,0,1545325,14.14
,6.1,9.4,333,197,12.79,-88,10.8,8532,0,0,1545025,14.14
,7.3,9.2,328,196,12.80,-90,10.5,8531,0,0,1544725,14.15
,7.8,10.2,327,195,12.83,-88,11.2,8530,0,0,1544425,14.18
,7.6,10.6,343,194,12.88,-89,11,8529,0,0,1544125,14.23
,7.9,9.9,307,193,12.91,-90,11,8527,0,0,1543825,14.26
,7.4,9.1,323,192,12.92,-90,10.5,8525,0,0,1543525,14.27
,6.4,8.7,323,191,12.89,-90,10.8,8523,0,0,1543225,14.24
,7.7,10.6,328,190,12.92,-89,11,8522,0,0,1542925,14.27
,7.9,12.9,324,189,12.90,-90,10.8,8521,0,0,1542625,14.25
,8.2,10.7,324,188,12.86,-89,11,8520,0,0,1542325,14.21
,8.5,10.9,336,187,12.83,-89,10.8,8519,0,0,1542025,14.18
,9.2,12.3,334,186,12.75,-89,11,8517,0,0,1541725,14.1
,7.7,11.4,312,185,12.75,-91,10.8,8515,0,0,1541425,14.1
,9.8,11.9,321,184,12.70,-90,10.8,8513,0,0,1541125,14.05
,8.7,11.4,319,183,12.70,-90,11.2,8512,0,0,1540825,14.05
,7.9,11.8,330,182,12.69,-91,10.5,8510,0,0,1540525,14.04
,9.3,12.3,317,181,12.68,-91,11.2,8508,0,0,1540225,14.03
,9.3,12.8,329,180,12.67,-93,11,8506,0,0,1539925,14.02
,9.9,13.4,320,179,12.67,-91,10.8,8505,0,0,1539625,14.02
,10.1,14.6,315,178,12.68,-90,10.8,8503,0,0,1539325,14.03
,9.4,15.5,319,177,12.68,-91,10.8,8501,0,0,1539025,14.03
,10.9,14.1,320,176,12.67,-89,11,8500,0,0,1538725,14.02
,12.0,15.7,314,175,12.67,-91,11,8499,0,0,1538425,14.02
,12.3,15.4,310,174,12.67,-91,11.5,8497,0,0,1538125,14.02
,11.3,15.3,312,173,12.67,-91,10.2,8496,0,0,1537825,14.02
,11.1,16.2,315,172,12.66,-90,10.5,8494,0,0,1537525,14.01
,11.7,14.4,313,171,12.66,-91,10.5,8492,0,0,1537225,14.01
,10.3,13.7,318,170,12.66,-91,11,8491,0,0,1536925,14.01
,10.5,13.9,303,169,12.66,-92,10.5,8489,0,0,1536625,14.01
,11.1,14.7,310,168,12.67,-89,10.8,8487,0,0,1536325,14.02
,11.7,14.8,311,167,12.67,-91,10.2,8485,0,0,1536025,14.02
,11.1,15.7,317,166,12.66,-90,10.5,8484,0,0,1535725,14.01
,8.2,11.5,289,165,12.67,-91,10.2,8483,0,0,1535425,14.02
,4.8,6.7,276,164,12.66,-94,11,8481,0,0,1535125,14.01
,4.4,7.3,279,163,12.66,-93,10.5,8479,0,0,1534825,14.01
,2.4,3.3,276,162,12.67,-92,10.5,8477,0,0,1534525,14.02
,1.0,2.3,244,161,12.67,-96,10,8476,0,0,1534225,14.02
,1.7,4.3,274,160,12.66,-95,10.2,8475,0,0,1533925,14.01
,3.7,4.9,308,159,12.66,-94,11,8473,0,0,1533625,14.01
,4.4,5.5,324,158,12.66,-94,10.5,8471,0,0,1533325,14.01
,3.3,5.9,292,157,12.66,-94,10.8,8470,0,0,1533025,14.01
,4.7,6.3,291,156,12.67,-93,10.5,8469,0,0,1532725,14.02
,4.3,5.7,282,155,12.66,-91,10.5,8467,0,0,1532425,14.01
,3.9,4.5,292,154,12.66,-94,10.5,8466,0,0,1532125,14.01
,2.9,4.9,269,153,12.66,-97,10,8464,0,0,1531825,14.01
,2.8,3.9,274,152,12.66,-94,10.8,8462,0,0,1531525,14.01
,3.1,4.3,264,151,12.66,-96,10.2,8461,0,0,1531225,14.01
,3.6,5.1,274,150,12.66,-94,10.5,8459,0,0,1530925,14.01
,3.8,5.6,281,149,12.67,-93,10.8,8458,0,0,1530625,14.02
,3.8,6.4,279,148,12.66,-92,10.8,8457,0,0,1530325,14.01
,5.1,7.6,276,147,12.66,-93,10.5,8456,0,0,1530025,14.01
,4.7,6.9,274,146,12.66,-93,10.8,8454,0,0,1529725,14.01
,5.8,7.8,272,145,12.66,-91,10.8,8453,0,0,1529425,14.01
,6.2,9.0,270,144,12.67,-93,10.2,8451,0,0,1529125,14.02
,6.0,8.7,262,143,12.67,-93,10.8,8450,0,0,1528825,14.02
,6.5,8.4,263,142,12.66,-92,10.5,8448,0,0,1528525,14.01
,5.8,8.4,268,141,12.67,-93,10.5,8447,0,0,1528225,14.02
,6.5,8.2,275,140,12.67,-90,10.5,8446,0,0,1527925,14.02
,6.6,9.8,274,139,12.67,-90,10.8,8445,0,0,1527628,14.02
,6.9,9.9,276,138,12.66,-88,11.2,8443,0,0,1527325,14.01
,5.8,9.5,265,137,12.66,-91,11,8441,0,0,1527025,14.01
,7.9,10.8,263,136,12.66,-92,10.5,8440,0,0,1526725,14.01
,6.5,8.6,266,135,12.67,-89,11,8439,0,0,1526425,14.02
,6.9,9.9,276,134,12.67,-91,11,8438,0,0,1526125,14.02
,7.7,11.9,270,133,12.67,-92,10.8,8436,0,0,1525825,14.02
,9.6,12.5,275,132,12.66,-90,10.5,8434,0,0,1525525,14.01
,9.7,11.8,277,131,12.67,-90,10.8,8433,0,0,1525225,14.02
,8.8,12.8,277,130,12.67,-90,10.5,8431,0,0,1524925,14.02
,9.3,13.6,280,129,12.66,-89,11,8430,0,0,1524625,14.01
,10.6,14.6,281,128,12.67,-90,11,8428,0,0,1524325,14.02
,10.2,16.6,284,127,12.66,-89,11.2,8426,0,0,1524025,14.01
,10.3,14.6,283,126,12.66,-90,11,8424,0,0,1523725,14.01
,9.8,13.6,278,125,12.67,-88,10.5,8423,0,0,1523425,14.02
,9.8,13.6,278,125,12.67,-88,10.5,8423,0,0,1523425,14.02
,11.5,20.1,285,124,12.67,-88,10.5,8422,0,0,1523125,14.02
,14.9,22.9,286,123,12.67,-88,11.5,8420,0,0,1522825,14.02
,13.8,18.6,279,122,12.67,-88,11.2,8418,0,0,1522525,14.02
,11.9,18.8,275,121,12.67,-88,11,8417,0,0,1522225,14.02
,11.9,18.8,275,121,12.67,-88,11,8417,0,0,1522225,14.02
,12.8,17.8,277,120,12.67,-87,11,8416,0,0,1521925,14.02
,15.3,20.0,277,119,12.67,-87,10.5,8414,0,0,1521625,14.02
,15.5,20.9,275,118,12.67,-87,11,8413,0,0,1521325,14.02
,13.5,17.8,285,117,12.67,-88,10.5,8412,0,0,1521025,14.02
,14.9,19.4,278,116,12.68,-87,10.8,8411,0,0,1520725,14.03
,12.7,17.9,289,115,12.67,-87,11,8410,0,0,1520425,14.02
,12.3,16.7,277,114,12.67,-87,10.8,8408,0,0,1520125,14.02
,13.7,18.2,279,113,12.67,-88,11.2,8407,0,0,1519825,14.02
,11.8,19.2,291,112,12.67,-88,11,8405,0,0,1519525,14.02
,12.9,17.2,283,111,12.67,-87,11.2,8403,0,0,1519225,14.02
,11.9,16.4,279,110,12.67,-87,10.5,8402,0,0,1518925,14.02
,11.8,16.3,281,109,12.68,-87,10.5,8401,0,0,1518625,14.03
,9.7,12.9,285,108,12.67,-86,10.5,8400,0,0,1518325,14.02
,9.8,13.9,282,107,12.67,-87,11,8399,0,0,1518025,14.02
,10.2,14.1,287,106,12.68,-87,11,8397,0,0,1517725,14.03
,11.1,16.1,291,105,12.67,-85,10.2,8396,0,0,1517425,14.02
,13.3,22.3,298,104,12.67,-87,11,8394,0,0,1517125,14.02
,14.8,22.2,295,103,12.67,-86,10.8,8393,0,0,1516825,14.02
,10.0,15.0,273,102,12.67,-86,11.2,8391,0,0,1516525,14.02
,10.6,15.7,275,101,12.67,-85,11.5,8389,0,0,1516225,14.02
,11.9,18.2,266,100,12.67,-83,11,8388,0,0,1515925,14.02
,12.2,16.5,265,99,12.67,-83,10.8,8386,0,0,1515625,14.02
,14.2,20.5,266,98,12.68,-84,10.5,8385,0,0,1515325,14.03
,14.5,20.2,266,97,12.68,-84,11.2,8384,0,0,1515025,14.03
,13.2,20.1,263,96,12.67,-86,11,8383,0,0,1514725,14.02
,11.5,19.4,265,95,12.67,-87,11,8382,0,0,1514425,14.02
,12.0,21.6,265,94,12.67,-84,10.8,8380,0,0,1514125,14.02
,13.7,20.4,261,93,12.67,-84,10.8,8379,0,0,1513825,14.02
,16.9,24.3,260,92,12.67,-85,11.2,8377,0,0,1513525,14.02
,18.7,25.0,269,91,12.67,-84,11,8376,0,0,1513225,14.02
,17.3,31.2,270,90,12.68,-83,10.8,8374,0,0,1512925,14.03
,17.9,27.4,268,89,12.67,-84,10.8,8372,0,0,1512625,14.02
,17.8,26.2,274,88,12.67,-85,11.8,8370,0,0,1512325,14.02
,19.0,28.5,279,87,12.67,-85,10.8,8369,0,0,1512025,14.02
,19.7,25.8,283,86,12.67,-85,11.2,8367,0,0,1511725,14.02
,15.0,21.3,280,85,12.67,-85,11,8365,0,0,1511425,14.02
,13.9,20.9,285,84,12.67,-86,10.2,8363,0,0,1511125,14.02
,16.7,25.4,292,83,12.68,-86,11,8361,0,0,1510825,14.03
,22.0,29.6,284,82,12.68,-86,10.8,8360,0,0,1510525,14.03
,11.6,16.9,262,81,12.67,-83,11.2,8358,0,0,1510225,14.02
,12.3,18.3,263,80,12.68,-84,11.2,8356,0,0,1509925,14.03
,14.9,19.9,267,79,12.68,-84,11,8355,0,0,1509625,14.03
,13.1,17.5,265,78,12.68,-85,11.5,8353,0,0,1509325,14.03
,14.7,19.4,267,77,12.68,-84,11,8352,0,0,1509025,14.03
,13.6,19.6,266,76,12.68,-84,11,8351,0,0,1508725,14.03
,13.0,19.1,267,75,12.68,-84,11,8350,0,0,1508425,14.03
,12.9,19.5,266,74,12.68,-84,10.8,8349,0,0,1508125,14.03
,12.5,17.5,268,73,12.67,-85,10.5,8347,0,0,1507825,14.02
,11.0,16.8,265,72,12.68,-84,11,8346,0,0,1507525,14.03
,11.8,18.9,265,71,12.67,-83,11,8345,0,0,1507225,14.02
,11.3,16.7,265,70,12.68,-84,10.8,8343,0,0,1506925,14.03
,11.0,15.4,261,69,12.68,-84,10.8,8341,0,0,1506625,14.03
,10.8,18.2,261,68,12.68,-83,11.2,8340,0,0,1506325,14.03
,13.0,18.2,265,67,12.68,-84,11,8338,0,0,1506025,14.03
,9.5,15.2,262,66,12.68,-84,11,8336,0,0,1505725,14.03
,8.5,15.9,260,65,12.68,-85,11,8334,0,0,1505425,14.03
,10.5,15.2,261,64,12.68,-86,11.2,8332,0,0,1505125,14.03
,9.5,16.9,256,63,12.68,-85,10.5,8330,0,0,1504825,14.03
,11.0,18.0,261,62,12.68,-84,11,8328,0,0,1504525,14.03
,11.6,17.2,263,61,12.68,-84,10.8,8326,0,0,1504225,14.03
,13.2,17.8,260,60,12.68,-84,10.8,8324,0,0,1503925,14.03
,13.2,19.1,254,59,12.68,-85,11,8323,0,0,1503625,14.03
,14.2,19.3,263,58,12.67,-85,10.8,8321,0,0,1503325,14.02
,11.7,18.8,256,57,12.68,-88,11,8320,0,0,1503025,14.03
,14.0,21.4,258,56,12.68,-86,11.5,8319,0,0,1502725,14.03
,12.7,22.6,259,55,12.67,-85,10.8,8317,0,0,1502425,14.02
,12.8,19.4,259,54,12.68,-85,10.5,8316,0,0,1502125,14.03
,10.7,19.6,259,53,12.68,-85,10.5,8315,0,0,1501825,14.03
,11.5,17.7,266,52,12.68,-85,11,8313,0,0,1501525,14.03
,13.0,20.0,266,51,12.67,-85,11,8311,0,0,1501225,14.02
,13.7,22.6,266,50,12.68,-85,11.5,8309,0,0,1500925,14.03
,13.8,18.5,264,49,12.68,-85,11,8307,0,0,1500625,14.03
,12.8,17.2,257,48,12.68,-86,10.8,8305,0,0,1500325,14.03
,11.3,19.5,255,47,12.68,-84,10,8303,0,0,1500025,14.03
,12.6,20.6,257,46,12.68,-87,11,8301,0,0,1499725,14.03
,12.3,20.6,256,45,12.68,-85,11.2,8299,0,0,1499425,14.03
,13.5,20.5,266,44,12.68,-86,10.5,8298,0,0,1499125,14.03
,16.0,21.5,265,43,12.68,-85,11.5,8296,0,0,1498825,14.03
,12.3,20.7,259,42,12.68,-87,10.8,8294,0,0,1498525,14.03
,13.0,22.6,257,41,12.68,-88,11,8293,0,0,1498225,14.03
,12.3,18.3,264,40,12.68,-87,10.8,8291,0,0,1497925,14.03
,14.4,21.0,267,39,12.68,-88,11.2,8289,0,0,1497625,14.03
,12.0,17.8,262,38,12.68,-88,10.8,8288,0,0,1497325,14.03
,13.6,18.9,261,37,12.68,-86,10.8,8287,0,0,1497025,14.03
,12.1,20.5,256,36,12.68,-90,10.5,8285,0,0,1496725,14.03
,14.4,21.1,266,35,12.68,-89,10.8,8283,0,0,1496425,14.03
,15.2,21.7,265,34,12.68,-87,10.5,8282,0,0,1496125,14.03
,14.0,21.3,262,33,12.68,-89,10.8,8280,0,0,1495825,14.03
,12.3,19.9,257,32,12.68,-91,10.5,8278,0,0,1495525,14.03
,13.0,18.2,260,31,12.68,-88,11.2,8277,0,0,1495225,14.03
,10.6,17.3,260,30,12.68,-86,10.8,8275,0,0,1494925,14.03
,10.1,17.4,257,29,12.68,-88,10.8,8273,0,0,1494625,14.03
,11.6,17.4,260,28,12.68,-90,10.5,8272,0,0,1494325,14.03
,11.1,15.9,262,27,12.68,-89,11.5,8270,0,0,1494025,14.03
,11.1,14.8,260,26,12.69,-89,10.5,8268,0,0,1493725,14.04
,8.3,13.9,258,25,12.68,-88,11,8267,0,0,1493425,14.03
,8.4,16.1,260,24,12.69,-90,10.5,8265,0,0,1493125,14.04
,11.6,17.1,260,23,12.69,-91,10.8,8263,0,0,1492825,14.04
,11.7,16.3,260,22,12.69,-91,11,8261,0,0,1492525,14.04
,13.0,21.2,259,21,12.70,-90,11,8259,0,0,1492225,14.05
,9.9,16.3,255,20,12.70,-89,10.8,8257,0,0,1491925,14.05
,11.0,17.5,256,19,12.70,-88,11,8256,0,0,1491625,14.05
,8.7,16.4,253,18,12.71,-92,10.5,8254,0,0,1491325,14.06
,8.1,14.5,246,17,12.71,-93,10.5,8253,0,0,1491025,14.06
,8.2,19.4,257,16,12.72,-93,10.5,8251,0,0,1490725,14.07
,11.6,17.2,262,15,12.73,-89,10.5,8249,0,0,1490425,14.08
,12.7,19.6,257,14,12.74,-93,10.5,8247,0,0,1490125,14.09
,9.1,18.0,253,13,12.75,-90,10.5,8246,0,0,1489825,14.1
,9.6,18.1,252,12,12.76,-90,10.5,8245,0,0,1489525,14.11
,11.7,18.7,261,11,12.76,-88,11.2,8243,0,0,1489225,14.11
,12.0,19.1,261,10,12.78,-93,10.5,8241,0,0,1488925,14.13
,9.0,17.7,250,9,12.80,-88,11.5,8240,0,0,1488625,14.15
,8.2,14.2,256,8,12.82,-89,10.8,8239,0,0,1488325,14.17
,7.2,14.9,251,7,12.84,-90,11,8237,0,0,1488025,14.19
,8.7,14.7,250,6,12.87,-90,10.8,8235,0,0,1487725,14.22
,6.9,13.7,249,5,12.92,-91,11,8233,0,0,1487425,14.27
,7.8,14.4,246,4,12.96,-91,11,8231,0,0,1487125,14.31
,9.0,16.2,241,3,12.99,-90,10.2,8230,0,0,1486825,14.34
,6.2,12.7,237,2,13.04,-88,10.5,8228,0,0,1486525,14.39
,9.1,13.8,246,1,13.09,-90,10.5,8226,0,0,1486225,14.44
,8.5,16.5,246,0,13.18,-90,10.5,8224,0,0,1485925,14.53
,11.6,16.8,265,4587,13.32,-85,10.8,8222,0,0,1472444,14.67
,11.1,15.5,265,4586,13.33,-84,10.2,8221,0,0,1472144,14.68
,11.3,14.3,265,4585,13.33,-84,10.5,8220,0,0,1471844,14.68
,11.7,16.7,259,4584,13.33,-85,11,8218,0,0,1471544,14.68
,11.2,17.2,262,4583,13.33,-84,10.8,8216,0,0,1471244,14.68
,13.7,18.2,263,4582,13.33,-84,10.8,8214,0,0,1470944,14.68
,11.3,15.7,266,4581,13.33,-85,11.8,8213,0,0,1470644,14.68
,11.4,18.2,261,4580,13.34,-84,10.2,8211,0,0,1470344,14.69
,10.7,17.4,258,4579,13.34,-85,10.8,8210,0,0,1470044,14.69
,11.4,17.1,260,4578,13.33,-84,11,8208,0,0,1469744,14.68
,12.7,18.1,264,4577,13.34,-85,10.5,8207,0,0,1469444,14.69
,13.3,19.1,264,4576,13.35,-85,10.8,8206,0,0,1469144,14.7
,10.8,18.3,255,4575,13.34,-85,10.2,8204,0,0,1468844,14.69
,11.8,16.8,261,4574,13.30,-84,10.5,8203,0,0,1468544,14.65
,8.5,16.7,261,4573,13.11,-85,10.2,8202,0,0,1468244,14.46
,10.3,14.6,264,4572,13.11,-85,11,8201,0,0,1467944,14.46
,8.9,14.1,262,4571,13.07,-84,10.5,8200,0,0,1467644,14.42
,8.1,13.5,259,4570,13.04,-84,11.5,8198,0,0,1467344,14.39
,9.4,15.0,259,4569,12.97,-85,11.2,8197,0,0,1467044,14.32
,9.0,14.5,259,4568,12.96,-85,11.5,8196,0,0,1466744,14.31
,7.6,13.3,259,4567,12.95,-85,11.2,8195,0,0,1466444,14.3
,5.9,11.8,248,4566,12.95,-87,11,8193,0,0,1466144,14.3
,7.1,12.7,248,4565,12.92,-87,10.8,8192,0,0,1465844,14.27
,5.5,12.6,237,4564,12.95,-86,10.8,8191,0,0,1465544,14.3
,5.8,9.1,252,4563,13.00,-86,11,8189,0,0,1465244,14.35
,5.3,9.6,250,4562,12.88,-85,11,8188,0,0,1464944,14.23
,7.0,10.7,268,4561,12.86,-86,11.2,8186,0,0,1464644,14.21
,7.7,12.5,270,4560,12.85,-86,10.5,8185,0,0,1464344,14.2
,6.8,11.3,259,4559,12.89,-87,10.8,8184,0,0,1464044,14.24
,7.7,11.7,270,4558,12.88,-86,11.5,8182,0,0,1463744,14.23
,7.3,11.7,263,4557,12.88,-86,10.5,8180,0,0,1463444,14.23
,8.5,10.8,268,4556,12.94,-86,10.8,8178,0,0,1463144,14.29
,8.3,10.9,267,4555,12.87,-86,11.5,8177,0,0,1462844,14.22
,7.5,11.3,272,4554,12.86,-87,10.8,8175,0,0,1462544,14.21
,8.0,12.7,267,4553,12.86,-86,11,8173,0,0,1462244,14.21
,8.2,10.8,271,4552,12.85,-86,11,8172,0,0,1461944,14.2
,6.7,12.3,274,4551,12.85,-87,10.5,8171,0,0,1461644,14.2
,10.0,14.1,266,4550,12.88,-86,11.2,8170,0,0,1461344,14.23
,10.2,12.8,274,4549,12.89,-87,10.8,8168,0,0,1461044,14.24
,9.7,14.8,263,4548,12.92,-85,11,8166,0,0,1460744,14.27
,10.2,15.6,265,4547,12.94,-87,10.8,8164,0,0,1460444,14.29
,7.8,12.0,261,4546,12.88,-85,11,8163,0,0,1460144,14.23
,6.4,10.2,259,4545,12.91,-88,11.5,8161,0,0,1459844,14.26
,5.2,8.3,245,4544,12.88,-88,11.2,8160,0,0,1459544,14.23
,3.7,8.8,238,4543,12.86,-90,10.8,8159,0,0,1459244,14.21
,4.2,9.1,244,4542,12.84,-86,11,8157,0,0,1458944,14.19
,4.0,8.2,253,4541,12.85,-89,11.2,8155,0,0,1458644,14.2
,5.5,8.9,248,4540,12.88,-88,10.5,8154,0,0,1458344,14.23
,4.6,7.6,239,4539,12.95,-88,10.5,8153,0,0,1458044,14.3
,4.3,7.2,237,4538,12.93,-88,11.2,8152,0,0,1457744,14.28
,4.6,7.7,244,4537,12.83,-90,10.8,8151,0,0,1457444,14.18
,4.3,8.7,237,4536,12.79,-90,10.5,8150,0,0,1457144,14.14
,3.9,8.1,236,4535,12.78,-87,10.8,8149,0,0,1456844,14.13
,3.4,6.1,244,4534,12.76,-91,10.5,8147,0,0,1456544,14.11
,2.8,5.8,240,4533,12.75,-89,11.2,8145,0,0,1456244,14.1
,3.3,6.2,233,4532,12.73,-88,11,8143,0,0,1455944,14.08
,3.1,5.8,239,4531,12.71,-91,11.2,8142,0,0,1455644,14.06
,2.7,5.8,240,4530,12.70,-92,10.8,8140,0,0,1455344,14.05
,3.3,8.1,256,4529,12.70,-92,9.8,8138,0,0,1455044,14.05
,5.5,8.0,264,4528,12.69,-92,11.5,8136,0,0,1454744,14.04
,4.4,6.3,257,4527,12.69,-91,11,8134,0,0,1454444,14.04
,4.6,12.5,216,4526,12.68,-87,11,8132,0,0,1454144,14.03
,7.6,12.5,259,4525,12.68,-90,10.8,8131,0,0,1453844,14.03
,8.0,12.0,261,4524,12.68,-92,10.5,8130,0,0,1453544,14.03
,7.5,11.6,278,4523,12.67,-91,10.8,8129,0,0,1453244,14.02
,7.3,10.7,267,4522,12.67,-91,10.5,8127,0,0,1452944,14.02
,5.6,8.9,272,4521,12.67,-91,10.2,8126,0,0,1452644,14.02
,7.1,10.6,277,4520,12.67,-95,10.5,8125,0,0,1452344,14.02
,7.9,10.7,282,4519,12.67,-92,11,8124,0,0,1452044,14.02
,6.4,8.8,275,4518,12.67,-92,11.5,8123,0,0,1451744,14.02
,4.5,6.5,275,4517,12.67,-91,11,8121,0,0,1451444,14.02
,3.8,6.2,265,4516,12.67,-95,10.5,8119,0,0,1451144,14.02
,3.9,6.0,262,4515,12.67,-96,10.2,8118,0,0,1450844,14.02
,2.9,5.4,248,4514,12.67,-94,10.2,8117,0,0,1450544,14.02
,1.8,4.3,246,4513,12.67,-96,10.2,8115,0,0,1450244,14.02
,2.1,4.2,225,4512,12.67,-94,10.8,8113,0,0,1449944,14.02
,2.5,4.9,232,4511,12.65,-96,10.8,8111,0,0,1449644,14
,1.5,4.8,233,4510,12.66,-92,11,8110,0,0,1449344,14.01
,2.9,4.6,248,4509,12.65,-91,10.2,8108,0,0,1449044,14
,2.7,5.7,253,4508,12.66,-94,10.2,8107,0,0,1448744,14.01
,4.3,6.8,252,4507,12.66,-93,11,8106,0,0,1448444,14.01
,5.2,9.0,270,4506,12.66,-91,10.5,8105,0,0,1448144,14.01
,7.1,9.4,269,4505,12.65,-94,10.8,8103,0,0,1447844,14
,4.9,6.6,267,4504,12.66,-93,10.5,8101,0,0,1447544,14.01
,3.9,6.1,262,4503,12.65,-97,10.5,8100,0,0,1447244,14
,5.1,7.5,283,4502,12.66,-94,10.2,8098,0,0,1446944,14.01
,5.0,7.9,277,4501,12.66,-92,10.5,8096,0,0,1446644,14.01
,5.7,9.4,266,4500,12.66,-91,11,8094,0,0,1446344,14.01
,6.2,9.1,267,4499,12.66,-94,10.5,8092,0,0,1446044,14.01
,6.1,8.3,278,4498,12.66,-92,10.8,8090,0,0,1445744,14.01
,7.0,10.3,283,4497,12.65,-93,10.8,8088,0,0,1445444,14
,6.5,10.1,275,4496,12.66,-91,10.8,8087,0,0,1445144,14.01
,7.0,9.1,276,4495,12.66,-95,10.5,8086,0,0,1444844,14.01
,5.5,9.1,270,4494,12.66,-95,10.2,8084,0,0,1444544,14.01
,6.2,9.4,279,4493,12.66,-92,11,8082,0,0,1444244,14.01
,6.3,9.8,270,4492,12.65,-97,9.8,8080,0,0,1443944,14
,6.2,8.6,265,4491,12.66,-93,10.8,8078,0,0,1443644,14.01
,5.5,7.7,270,4490,12.65,-96,10.5,8077,0,0,1443344,14
,5.4,7.5,282,4489,12.66,-93,10.5,8075,0,0,1443044,14.01
,5.8,7.6,289,4488,12.66,-92,10.8,8074,0,0,1442744,14.01
,5.9,8.9,280,4487,12.66,-93,10.5,8072,0,0,1442444,14.01
,6.4,10.0,291,4486,12.66,-91,11,8071,0,0,1442144,14.01
,7.7,11.1,296,4485,12.66,-91,11,8070,0,0,1441844,14.01
,8.0,12.3,288,4484,12.66,-93,11,8069,0,0,1441544,14.01
,8.8,13.7,297,4483,12.67,-92,11,8067,0,0,1441244,14.02
,9.9,16.4,281,4482,12.66,-94,10.8,8066,0,0,1440944,14.01
,10.6,15.8,291,4481,12.66,-91,10.2,8064,0,0,1440644,14.01
,12.5,17.3,303,4480,12.66,-92,11.2,8062,0,0,1440344,14.01
,12.0,19.8,292,4479,12.66,-90,11,8060,0,0,1440044,14.01
,12.7,19.8,294,4478,12.66,-92,10.8,8058,0,0,1439744,14.01
,14.0,21.2,284,4477,12.66,-92,10.8,8056,0,0,1439444,14.01
,15.1,20.6,280,4476,12.66,-93,10.5,8055,0,0,1439144,14.01
,14.2,20.9,284,4475,12.67,-91,11.5,8053,0,0,1438844,14.02
,8.7,12.7,277,4474,12.67,-91,10.5,8051,0,0,1438544,14.02
,8.6,12.2,275,4473,12.66,-91,11,8050,0,0,1438244,14.01
,8.8,13.1,284,4472,12.66,-91,10.8,8049,0,0,1437944,14.01
,8.7,11.6,281,4471,12.66,-91,10.8,8047,0,0,1437644,14.01
,9.3,13.3,280,4470,12.66,-90,10.8,8045,0,0,1437344,14.01
,8.9,12.4,279,4469,12.66,-92,11,8044,0,0,1437044,14.01
,8.5,12.7,276,4468,12.67,-91,10.8,8043,0,0,1436744,14.02
,9.2,12.5,287,4467,12.67,-91,11.2,8041,0,0,1436444,14.02
,9.9,13.5,295,4466,12.66,-92,10.8,8039,0,0,1436144,14.01
,11.2,16.2,282,4465,12.66,-92,10.2,8037,0,0,1435844,14.01
,8.5,14.3,295,4464,12.66,-94,10.5,8036,0,0,1435544,14.01
,9.0,12.8,276,4463,12.66,-90,10.8,8034,0,0,1435244,14.01
,11.3,15.0,280,4462,12.67,-90,10.5,8032,0,0,1434944,14.02
,11.0,13.9,278,4461,12.67,-89,10.8,8031,0,0,1434644,14.02
,9.9,14.4,278,4460,12.67,-90,10.2,8030,0,0,1434344,14.02
,10.5,13.6,283,4459,12.66,-90,10.5,8028,0,0,1434044,14.01
,11.9,17.7,279,4458,12.67,-90,10.5,8026,0,0,1433744,14.02
,12.2,17.9,283,4457,12.66,-91,10.8,8024,0,0,1433444,14.01
,11.8,17.6,288,4456,12.66,-91,10.5,8022,0,0,1433144,14.01
,11.4,16.4,282,4455,12.66,-89,11.5,8020,0,0,1432844,14.01
,11.2,16.5,294,4454,12.67,-89,11.2,8019,0,0,1432544,14.02
,13.1,19.8,303,4453,12.67,-89,11,8017,0,0,1432244,14.02
,11.2,14.6,301,4452,12.67,-87,10.8,8015,0,0,1431944,14.02
,10.2,13.9,307,4451,12.67,-89,11,8013,0,0,1431644,14.02
,10.4,15.0,289,4450,12.66,-89,11.2,8012,0,0,1431344,14.01
,11.0,15.6,307,4449,12.67,-87,11,8011,0,0,1431044,14.02
,10.3,13.5,316,4448,12.67,-88,10.5,8010,0,0,1430744,14.02
,11.6,16.6,303,4447,12.67,-87,10.8,8008,0,0,1430444,14.02
,9.9,17.3,301,4446,12.66,-87,10.8,8006,0,0,1430144,14.01
,10.4,15.6,274,4445,12.67,-87,10.8,8005,0,0,1429844,14.02
,10.4,15.6,274,4445,12.67,-87,10.8,8005,0,0,1429844,14.02
,10.9,16.1,275,4444,12.67,-88,11,8004,0,0,1429544,14.02
,9.8,15.4,273,4443,12.67,-87,10.8,8003,0,0,1429244,14.02
,7.8,14.4,277,4442,12.67,-87,10.2,8002,0,0,1428944,14.02
,10.1,13.7,266,4441,12.66,-87,10.8,8000,0,0,1428644,14.01
,8.9,13.2,269,4440,12.67,-87,10.5,7998,0,0,1428344,14.02
,8.2,12.7,275,4439,12.66,-86,10.8,7997,0,0,1428044,14.01
,10.6,13.7,284,4438,12.66,-86,11,7995,0,0,1427744,14.01
,9.8,13.8,290,4437,12.66,-86,11,7993,0,0,1427444,14.01
,9.7,15.5,274,4436,12.66,-87,10.5,7991,0,0,1427144,14.01
,11.2,14.2,285,4435,12.67,-86,11.2,7990,0,0,1426844,14.02
,9.6,13.6,277,4434,12.66,-87,10.8,7988,0,0,1426544,14.01
,11.3,15.8,277,4433,12.67,-87,11,7986,0,0,1426244,14.02
,10.3,15.7,276,4432,12.67,-85,10.5,7984,0,0,1425944,14.02
,8.7,12.4,276,4431,12.66,-86,11,7982,0,0,1425644,14.01
,10.5,14.4,277,4430,12.67,-87,11,7980,0,0,1425344,14.02
,10.2,14.3,273,4429,12.66,-85,10.8,7979,0,0,1425044,14.01
,10.4,14.7,279,4428,12.67,-85,10.5,7977,0,0,1424744,14.02
,11.6,15.5,287,4427,12.67,-86,11,7975,0,0,1424444,14.02
,11.7,15.9,270,4426,12.67,-86,10.8,7973,0,0,1424144,14.02
,10.1,12.2,279,4425,12.66,-86,11,7971,0,0,1423844,14.01
,8.7,13.3,273,4424,12.66,-85,11,7969,0,0,1423544,14.01
,10.5,14.2,268,4423,12.66,-85,10.8,7967,0,0,1423244,14.01
